account_number,customer_id,account_type,branch,ifsc,opened_on,status,current_balance_inr,upi_id,daily_upi_limit_inr
60212696669519,C000001,SENIOR_SAVINGS,Koramangala,SAHY0004797,2020-02-08,ACTIVE,17644.04,asha.choud11@sahyadri,50000
60211777681046,C000002,SAVINGS,Nashik Road,SAHY0009215,2026-05-20,ACTIVE,108454.62,suresh_kulk54@sahyadri,50000
60218794420249,C000003,SALARY,Thane West,SAHY0007184,2021-04-04,ACTIVE,112163.23,rekha_desh30@sahyadri,100000
60217643904937,C000004,SALARY,Thane West,SAHY0007184,2025-08-31,ACTIVE,90634.47,snehathakur169@sahyadri,100000
60215512555134,C000005,SALARY,Andheri East,SAHY0002987,2019-09-02,ACTIVE,77953.71,ramesh_yada62@sahyadri,50000
60210903367214,C000006,SAVINGS,Dharampeth Nagpur,SAHY0005140,2017-02-13,ACTIVE,89304.92,mgokhale6150@sahyadri,50000
60218583493370,C000007,SALARY,Malviya Nagar Jaipur,SAHY0001961,2015-10-18,ACTIVE,89860.49,mrunalverma812@sahyadri,100000
60213055891577,C000007,SAVINGS,Malviya Nagar Jaipur,SAHY0001961,2025-06-25,DORMANT,19834.62,,
60217068567071,C000008,SAVINGS,Kothrud,SAHY0002294,2024-05-08,ACTIVE,240326.45,manoj.pawar70@sahyadri,50000
60217262322859,C000009,SENIOR_SAVINGS,Nashik Road,SAHY0009215,2018-04-07,ACTIVE,169315.76,sanamore831@sahyadri,50000
60218360503708,C000009,SAVINGS,Nashik Road,SAHY0009215,2023-04-21,DORMANT,6066.79,,
60214348162933,C000010,SAVINGS,Thane West,SAHY0007184,2023-09-16,ACTIVE,330892.93,gthakur1937@sahyadri,100000
60218632997240,C000011,SALARY,Navrangpura,SAHY0008491,2023-08-23,ACTIVE,287474.60,geeta_kada61@sahyadri,100000
60212008222810,C000012,SENIOR_SAVINGS,Vijay Nagar Indore,SAHY0004394,2012-03-01,ACTIVE,26595.80,vandana.thakur56@sahyadri,100000
60213731103809,C000013,SENIOR_SAVINGS,Nashik Road,SAHY0009215,2021-09-26,DORMANT,78368.83,kagarwal4823@sahyadri,50000
60219701850954,C000014,SAVINGS,Andheri East,SAHY0002987,2012-03-17,ACTIVE,107158.14,ikhan5594@sahyadri,100000
60217976476531,C000015,SALARY,Nashik Road,SAHY0009215,2018-01-25,ACTIVE,74464.97,ppillai8203@sahyadri,100000
60217459049329,C000016,SENIOR_SAVINGS,Connaught Place,SAHY0007799,2016-06-26,ACTIVE,141315.65,vandana.agarw15@sahyadri,50000
60211040158310,C000017,SALARY,Thane West,SAHY0007184,2018-05-16,ACTIVE,154510.63,jyotijadhav873@sahyadri,100000
60210726079788,C000018,SALARY,Koramangala,SAHY0004797,2013-11-29,ACTIVE,213441.75,nitin.choudhary98@sahyadri,100000
60212498411459,C000019,SALARY,Thane West,SAHY0007184,2025-06-12,ACTIVE,155133.14,parag.salunkhe30@sahyadri,50000
60211956779897,C000020,SAVINGS,Banjara Hills,SAHY0003207,2024-07-19,ACTIVE,177896.67,zoya.gaikwad97@sahyadri,100000
60210872050175,C000021,SENIOR_SAVINGS,Andheri East,SAHY0002987,2023-11-18,ACTIVE,14904.04,vsharma1513@sahyadri,25000
60211714215318,C000021,SAVINGS,Andheri East,SAHY0002987,2025-09-12,ACTIVE,35826.86,,
60211468423010,C000022,CURRENT,Andheri East,SAHY0002987,2019-09-28,ACTIVE,51876.14,rajesh.chavan29@sahyadri,200000
60212502788850,C000023,SENIOR_SAVINGS,Banjara Hills,SAHY0003207,2012-11-20,ACTIVE,237840.58,harish_dixi28@sahyadri,100000
60217662402336,C000024,SAVINGS,Andheri East,SAHY0002987,2014-10-01,ACTIVE,438046.37,pooja.rao82@sahyadri,100000
60219524966462,C000024,SAVINGS,Andheri East,SAHY0002987,2024-12-15,ACTIVE,41701.46,,
60215146117806,C000025,SAVINGS,Dharampeth Nagpur,SAHY0005140,2019-09-29,ACTIVE,59317.49,manisha.mane90@sahyadri,100000
60216170682894,C000026,SENIOR_SAVINGS,Thane West,SAHY0007184,2017-08-05,ACTIVE,34182.10,rnaik4473@sahyadri,25000
60218017815732,C000027,SENIOR_SAVINGS,Kothrud,SAHY0002294,2016-08-30,ACTIVE,235371.25,manoj.bhatt32@sahyadri,50000
60210914634420,C000028,SENIOR_SAVINGS,Kothrud,SAHY0002294,2012-09-02,ACTIVE,328880.06,pooja.kamat27@sahyadri,100000
60218828025102,C000028,SAVINGS,Kothrud,SAHY0002294,2023-02-12,ACTIVE,16242.88,,
60218371869923,C000029,SALARY,Dharampeth Nagpur,SAHY0005140,2022-06-28,ACTIVE,143250.80,abhijit.banerjee33@sahyadri,100000
60214006731007,C000030,SAVINGS,Andheri East,SAHY0002987,2014-09-14,ACTIVE,108849.85,rsingh3256@sahyadri,100000
60210414788814,C000030,SAVINGS,Andheri East,SAHY0002987,2025-06-17,ACTIVE,5920.32,,
60213765965814,C000031,SAVINGS,Malviya Nagar Jaipur,SAHY0001961,2015-06-28,ACTIVE,417698.36,tushar.sharma63@sahyadri,100000
60214474432817,C000032,SALARY,Dharampeth Nagpur,SAHY0005140,2016-03-24,FROZEN,18390.06,imranrao263@sahyadri,100000
60213993982338,C000033,SENIOR_SAVINGS,Koramangala,SAHY0004797,2024-09-10,ACTIVE,52058.86,yogesh.mishr71@sahyadri,50000
60214659776145,C000034,SALARY,Kothrud,SAHY0002294,2021-10-16,ACTIVE,109865.26,sunita.naik57@sahyadri,100000
60219521053680,C000035,SENIOR_SAVINGS,Kothrud,SAHY0002294,2016-10-02,ACTIVE,220824.72,pranav_apte49@sahyadri,50000
60217569962200,C000036,SAVINGS,Kothrud,SAHY0002294,2011-10-21,ACTIVE,16199.85,swatinaidu307@sahyadri,100000
60213094416033,C000037,SENIOR_SAVINGS,Vijay Nagar Indore,SAHY0004394,2026-01-06,ACTIVE,58461.51,shalinimane187@sahyadri,25000
60212079522412,C000038,SENIOR_SAVINGS,Andheri East,SAHY0002987,2016-10-20,ACTIVE,255276.38,zoyareddy910@sahyadri,50000
60218361273828,C000038,SAVINGS,Andheri East,SAHY0002987,2020-04-25,ACTIVE,32499.39,,
60212380344590,C000039,SAVINGS,Navrangpura,SAHY0008491,2018-01-18,ACTIVE,92509.17,zoya_mish61@sahyadri,100000
60214189789375,C000040,CURRENT,Andheri East,SAHY0002987,2015-02-19,ACTIVE,230121.84,achavan8698@sahyadri,200000
60213719638984,C000041,SALARY,Banjara Hills,SAHY0003207,2017-08-13,ACTIVE,50117.85,sachin_pati73@sahyadri,50000
60217116032576,C000042,SAVINGS,Nashik Road,SAHY0009215,2019-05-05,ACTIVE,83992.06,anil.das18@sahyadri,100000
60216356681138,C000043,SAVINGS,Connaught Place,SAHY0007799,2025-11-07,ACTIVE,140884.57,parag.joshi72@sahyadri,50000
60210798434100,C000044,SAVINGS,Koramangala,SAHY0004797,2014-08-31,ACTIVE,19160.47,manisha.das65@sahyadri,100000
60212118068378,C000045,SAVINGS,Vijay Nagar Indore,SAHY0004394,2021-12-01,ACTIVE,43479.94,shalini_apte33@sahyadri,100000
60218192614588,C000046,SAVINGS,Andheri East,SAHY0002987,2025-05-20,ACTIVE,64514.82,aditya.bhosale11@sahyadri,100000
60213995322397,C000047,SAVINGS,Andheri East,SAHY0002987,2025-01-13,ACTIVE,56959.35,hemant.apte82@sahyadri,100000
60216179861339,C000048,CURRENT,Connaught Place,SAHY0007799,2015-03-20,ACTIVE,97604.19,iagarwal3058@sahyadri,100000
60216713169367,C000049,SAVINGS,Connaught Place,SAHY0007799,2018-12-02,DORMANT,128148.26,athakur5522@sahyadri,100000
60219554767177,C000050,SAVINGS,Andheri East,SAHY0002987,2017-11-20,ACTIVE,15418.76,rohit.menon13@sahyadri,100000
60217092961445,C000051,SALARY,Kothrud,SAHY0002294,2022-08-04,ACTIVE,35851.88,venkat.choudhary94@sahyadri,100000
60213605638423,C000052,SAVINGS,Vijay Nagar Indore,SAHY0004394,2024-09-07,ACTIVE,8274.77,lakshmi.dixit35@sahyadri,50000
60217882066442,C000053,SENIOR_SAVINGS,Connaught Place,SAHY0007799,2016-04-17,ACTIVE,227546.11,pnaidu3541@sahyadri,50000
60216872588005,C000054,SAVINGS,Kothrud,SAHY0002294,2022-10-06,ACTIVE,748327.05,usha.thaku53@sahyadri,50000
60210967641426,C000055,SAVINGS,Andheri East,SAHY0002987,2021-06-18,ACTIVE,114186.71,mahesh_dixi53@sahyadri,50000
60211493874626,C000056,SAVINGS,Koramangala,SAHY0004797,2017-09-21,ACTIVE,12816.96,archana.naidu57@sahyadri,100000
60213117473578,C000057,SENIOR_SAVINGS,Koramangala,SAHY0004797,2017-02-03,ACTIVE,406600.49,kunal.khan35@sahyadri,100000
60212384503780,C000058,SENIOR_SAVINGS,Kothrud,SAHY0002294,2024-09-21,ACTIVE,198939.90,lakshmi_sing17@sahyadri,25000
60215947744617,C000059,SAVINGS,Banjara Hills,SAHY0003207,2023-05-19,ACTIVE,7945.51,dinesh.pawar61@sahyadri,100000
60214521289030,C000060,SAVINGS,Kothrud,SAHY0002294,2025-12-19,ACTIVE,209176.61,harpreet_bane95@sahyadri,100000
60216707209507,C000061,SAVINGS,Kothrud,SAHY0002294,2018-03-21,DORMANT,80837.26,pooja.pandey97@sahyadri,100000
60214928542873,C000062,SAVINGS,Andheri East,SAHY0002987,2017-07-05,DORMANT,24375.87,mrunal.mishra42@sahyadri,100000
60211729197203,C000063,SAVINGS,Vijay Nagar Indore,SAHY0004394,2019-04-03,ACTIVE,45462.49,rahuldeshmukh847@sahyadri,100000
60217180854095,C000063,CURRENT,Vijay Nagar Indore,SAHY0004394,2025-01-10,ACTIVE,6916.07,5434372466@sahyadri,25000
60217780157808,C000064,SENIOR_SAVINGS,Kothrud,SAHY0002294,2019-06-07,ACTIVE,58363.83,venkatdeshmukh754@sahyadri,50000
60217643394853,C000064,SAVINGS,Kothrud,SAHY0002294,2021-07-13,ACTIVE,88258.55,5656460678@sahyadri,25000
60217285633074,C000065,SENIOR_SAVINGS,Dharampeth Nagpur,SAHY0005140,2011-12-01,ACTIVE,268994.52,suresh.shah65@sahyadri,25000
60219089606441,C000066,SAVINGS,Andheri East,SAHY0002987,2012-03-10,ACTIVE,235123.50,ajay.khan31@sahyadri,50000
60217436120406,C000067,SAVINGS,Andheri East,SAHY0002987,2024-08-11,ACTIVE,180865.58,ushaverma972@sahyadri,100000
60210322477690,C000068,SAVINGS,Kothrud,SAHY0002294,2018-07-04,ACTIVE,12172.76,tejaswini.nair20@sahyadri,100000
60213445322471,C000069,SENIOR_SAVINGS,Thane West,SAHY0007184,2023-12-29,ACTIVE,46267.32,nmane1884@sahyadri,50000
60212615891131,C000070,SAVINGS,Vijay Nagar Indore,SAHY0004394,2015-02-25,ACTIVE,12801.65,tejaswini_das71@sahyadri,100000
60218640931144,C000071,SAVINGS,Malviya Nagar Jaipur,SAHY0001961,2016-09-10,ACTIVE,178127.25,nandini.patil58@sahyadri,100000
60210003683443,C000072,SAVINGS,Nashik Road,SAHY0009215,2016-01-09,ACTIVE,244197.96,rupali.shah52@sahyadri,50000
60217929583038,C000073,SAVINGS,Kothrud,SAHY0002294,2025-06-23,ACTIVE,3462.80,snehapillai391@sahyadri,10000
60214871261477,C000074,SENIOR_SAVINGS,Kothrud,SAHY0002294,2020-01-02,ACTIVE,217894.67,neha.das41@sahyadri,50000
60213911888862,C000075,SAVINGS,Nashik Road,SAHY0009215,2024-03-30,ACTIVE,12506.29,archanashinde749@sahyadri,50000
60219846695846,C000076,SAVINGS,Banjara Hills,SAHY0003207,2025-06-16,ACTIVE,96918.97,arun_agar46@sahyadri,100000
60219868764260,C000077,SALARY,Andheri East,SAHY0002987,2019-02-22,ACTIVE,227924.87,smita.joshi50@sahyadri,50000
60210802503393,C000078,SALARY,Andheri East,SAHY0002987,2012-01-12,ACTIVE,51049.88,suresh.gupta38@sahyadri,100000
60212737248580,C000079,SALARY,Thane West,SAHY0007184,2025-10-11,ACTIVE,104587.19,madhuri_gokh59@sahyadri,100000
60213334135753,C000080,SALARY,Kothrud,SAHY0002294,2025-03-18,ACTIVE,18258.51,harleen.jadha78@sahyadri,100000
60215279576011,C000081,SAVINGS,Kothrud,SAHY0002294,2014-04-07,ACTIVE,38866.52,geetasaxena768@sahyadri,100000
60219466499406,C000082,SAVINGS,Dharampeth Nagpur,SAHY0005140,2012-11-23,ACTIVE,144585.72,swati.rao82@sahyadri,50000
60216792498777,C000083,SALARY,Kothrud,SAHY0002294,2017-09-08,ACTIVE,65357.67,sagarverma488@sahyadri,100000
60213876975610,C000084,SAVINGS,Koramangala,SAHY0004797,2020-03-31,ACTIVE,36369.29,kunal.joshi97@sahyadri,100000
60215635791131,C000085,SAVINGS,Nashik Road,SAHY0009215,2025-06-26,ACTIVE,8836.88,radha.chava43@sahyadri,50000
60219496675713,C000086,SALARY,Hazratganj,SAHY0006176,2017-11-23,ACTIVE,24795.43,anil.jadhav15@sahyadri,100000
60211955672548,C000087,SAVINGS,Kothrud,SAHY0002294,2017-04-21,ACTIVE,158689.19,vikram.more77@sahyadri,100000
60210751967886,C000088,CURRENT,Kothrud,SAHY0002294,2018-11-28,ACTIVE,123749.24,sayaliwagh719@sahyadri,100000
60217381148171,C000089,SALARY,Kothrud,SAHY0002294,2015-06-25,ACTIVE,252444.95,seema.reddy73@sahyadri,100000
60217270914936,C000089,SAVINGS,Kothrud,SAHY0002294,2016-03-24,DORMANT,6945.17,,
60213028431993,C000090,SENIOR_SAVINGS,Kothrud,SAHY0002294,2012-09-03,ACTIVE,147526.86,yogesh.kulka16@sahyadri,50000
60211176450581,C000091,SENIOR_SAVINGS,Kothrud,SAHY0002294,2015-01-02,ACTIVE,28685.64,sdas2349@sahyadri,25000
60215282733466,C000091,SAVINGS,Kothrud,SAHY0002294,2020-12-24,DORMANT,34853.79,,
60213932904965,C000092,SAVINGS,Kothrud,SAHY0002294,2025-12-29,ACTIVE,491999.69,kavitagaikwad166@sahyadri,50000
60212392023129,C000093,SAVINGS,Malviya Nagar Jaipur,SAHY0001961,2013-08-02,ACTIVE,54903.33,arungupta708@sahyadri,50000
60216566329285,C000094,CURRENT,Kothrud,SAHY0002294,2022-02-21,ACTIVE,116527.30,vinayak.naik10@sahyadri,100000
60210273316151,C000095,SENIOR_SAVINGS,Navrangpura,SAHY0008491,2023-04-29,ACTIVE,45826.06,tejaswini.verma53@sahyadri,50000
60219904394593,C000096,SENIOR_SAVINGS,Banjara Hills,SAHY0003207,2014-01-24,ACTIVE,79509.72,ajay.wagh86@sahyadri,25000
60213758717074,C000096,SAVINGS,Banjara Hills,SAHY0003207,2016-08-31,ACTIVE,26255.17,,
60218616427826,C000097,SENIOR_SAVINGS,Koramangala,SAHY0004797,2024-11-27,ACTIVE,174327.62,sayali.agarw39@sahyadri,50000
60210321038149,C000097,SAVINGS,Koramangala,SAHY0004797,2025-06-29,ACTIVE,19452.03,,
60215487087319,C000098,SALARY,Kothrud,SAHY0002294,2015-06-08,ACTIVE,51747.55,njadhav3627@sahyadri,100000
60212323750347,C000099,SALARY,Dharampeth Nagpur,SAHY0005140,2021-08-12,ACTIVE,192215.05,venkat.naidu75@sahyadri,50000
60210358419512,C000100,SALARY,Kothrud,SAHY0002294,2025-05-10,ACTIVE,542032.78,anthony.kamat74@sahyadri,100000
60214267851621,C000101,SALARY,Andheri East,SAHY0002987,2022-07-23,ACTIVE,105236.48,vaishali_shei46@sahyadri,100000
60214164163974,C000102,SAVINGS,Banjara Hills,SAHY0003207,2023-04-19,ACTIVE,9666.62,akamat6870@sahyadri,100000
60213430566604,C000103,SAVINGS,Thane West,SAHY0007184,2020-01-01,ACTIVE,199689.42,adesai135@sahyadri,100000
60210084597411,C000104,SAVINGS,Hazratganj,SAHY0006176,2024-07-27,ACTIVE,31777.35,gmehta9635@sahyadri,100000
60210609723039,C000105,SALARY,Banjara Hills,SAHY0003207,2022-10-13,ACTIVE,94639.41,nisha.sharm12@sahyadri,100000
60213581075569,C000106,CURRENT,Connaught Place,SAHY0007799,2021-10-11,ACTIVE,268935.12,lpatil3417@sahyadri,200000
60218029396386,C000107,SENIOR_SAVINGS,Kothrud,SAHY0002294,2017-05-28,ACTIVE,179265.79,rmehta1449@sahyadri,25000
60211024358711,C000108,SAVINGS,Andheri East,SAHY0002987,2020-05-08,ACTIVE,148503.03,sunil.more70@sahyadri,100000
60219173777771,C000109,SALARY,Navrangpura,SAHY0008491,2019-08-15,ACTIVE,80719.80,vikram.apte97@sahyadri,100000
60216514538472,C000109,SAVINGS,Navrangpura,SAHY0008491,2025-04-11,ACTIVE,20839.77,,
60217414258347,C000110,SAVINGS,Dharampeth Nagpur,SAHY0005140,2019-02-08,FROZEN,26356.29,ashoksawant983@sahyadri,100000
60210001516854,C000110,SAVINGS,Dharampeth Nagpur,SAHY0005140,2024-05-11,ACTIVE,7043.36,,
60219877139625,C000111,CURRENT,Thane West,SAHY0007184,2015-07-27,ACTIVE,355345.62,deepashinde971@sahyadri,200000
60215466592637,C000112,SAVINGS,Thane West,SAHY0007184,2025-10-31,ACTIVE,6447.02,imranbhosale172@sahyadri,10000
60212695880592,C000113,SENIOR_SAVINGS,Koramangala,SAHY0004797,2020-01-23,ACTIVE,384519.33,siddharth.kale59@sahyadri,50000
60214693585309,C000114,SAVINGS,Thane West,SAHY0007184,2025-07-25,ACTIVE,22266.85,madhurisalunkhe38@sahyadri,25000
60216413302228,C000115,SAVINGS,Andheri East,SAHY0002987,2014-07-24,ACTIVE,108796.56,mrunal_gokh21@sahyadri,100000
60219330186454,C000116,SENIOR_SAVINGS,Andheri East,SAHY0002987,2025-06-03,ACTIVE,304115.67,nitin.yadav84@sahyadri,100000
60215968745179,C000117,SALARY,Andheri East,SAHY0002987,2025-08-18,ACTIVE,237914.64,lakshmi.kulkarni16@sahyadri,100000
60212309514600,C000118,SAVINGS,Kothrud,SAHY0002294,2012-02-12,ACTIVE,100314.93,hiyer7470@sahyadri,100000
60215168352692,C000119,SAVINGS,Hazratganj,SAHY0006176,2019-09-20,ACTIVE,138536.94,csheikh4501@sahyadri,100000
60211223046993,C000120,SALARY,Kothrud,SAHY0002294,2013-12-30,ACTIVE,106124.40,ushabhosale118@sahyadri,100000
60214557212412,C000121,SAVINGS,Andheri East,SAHY0002987,2025-03-05,ACTIVE,31641.53,akulkarni3691@sahyadri,100000
60218971895144,C000122,SAVINGS,Andheri East,SAHY0002987,2017-04-22,ACTIVE,55499.94,ishita.gaikw35@sahyadri,100000
60214333277302,C000123,SAVINGS,Andheri East,SAHY0002987,2015-05-21,ACTIVE,536750.25,ishita_gupt97@sahyadri,50000
60218552263903,C000124,SENIOR_SAVINGS,Thane West,SAHY0007184,2012-02-24,ACTIVE,14405.92,sanjay.mishra98@sahyadri,50000
60219601965400,C000125,SENIOR_SAVINGS,Kothrud,SAHY0002294,2016-05-08,ACTIVE,145188.92,gurpreet.thaku86@sahyadri,25000
60217774475738,C000126,CURRENT,Navrangpura,SAHY0008491,2022-03-17,ACTIVE,704988.38,sureshkulkarni609@sahyadri,100000
60210689519426,C000127,SALARY,Andheri East,SAHY0002987,2021-04-30,ACTIVE,338157.66,siddharth_khan59@sahyadri,50000
60210211621914,C000127,SAVINGS,Andheri East,SAHY0002987,2023-08-11,ACTIVE,19375.19,,
60214955851857,C000128,CURRENT,Malviya Nagar Jaipur,SAHY0001961,2013-04-30,ACTIVE,37550.91,csingh7681@sahyadri,200000
60214216878583,C000129,SALARY,Kothrud,SAHY0002294,2025-11-08,ACTIVE,244459.17,dinesh.mehta31@sahyadri,100000
60217074636500,C000130,SAVINGS,Kothrud,SAHY0002294,2019-08-08,ACTIVE,217985.13,vijay.shah42@sahyadri,100000
60216992827095,C000131,SAVINGS,Koramangala,SAHY0004797,2026-02-15,ACTIVE,419310.07,sjadhav3440@sahyadri,50000
60215403973798,C000132,SAVINGS,Nashik Road,SAHY0009215,2025-07-18,ACTIVE,28785.90,kavita.dixit69@sahyadri,50000
60211950583580,C000133,SAVINGS,Banjara Hills,SAHY0003207,2020-02-07,ACTIVE,24230.40,sunita.bhatt64@sahyadri,50000
60213532992779,C000133,SAVINGS,Banjara Hills,SAHY0003207,2024-02-01,ACTIVE,66101.45,,
60217442262494,C000134,SALARY,Andheri East,SAHY0002987,2017-12-10,ACTIVE,314255.43,ishita_shar28@sahyadri,100000
60215847018373,C000135,SENIOR_SAVINGS,Navrangpura,SAHY0008491,2014-03-29,DORMANT,64519.63,mahesh_pawa39@sahyadri,100000
60215277024407,C000136,SENIOR_SAVINGS,Koramangala,SAHY0004797,2022-05-13,ACTIVE,54265.12,ssharma1688@sahyadri,100000
60216821812576,C000137,CURRENT,Banjara Hills,SAHY0003207,2012-04-25,ACTIVE,175969.11,archana.kulka79@sahyadri,100000
60217794453204,C000137,SAVINGS,Banjara Hills,SAHY0003207,2026-05-15,FROZEN,15215.08,,
60218435525061,C000138,SAVINGS,Kothrud,SAHY0002294,2022-05-17,ACTIVE,87504.50,manisha.dixit87@sahyadri,100000
60216023752635,C000138,SAVINGS,Kothrud,SAHY0002294,2022-08-13,ACTIVE,43443.03,,
60217742526687,C000139,SAVINGS,Thane West,SAHY0007184,2025-06-12,ACTIVE,135293.90,omkar.agarwal65@sahyadri,50000
60215583054313,C000140,SAVINGS,Kothrud,SAHY0002294,2021-11-27,ACTIVE,179417.34,mangeshbhatt963@sahyadri,100000
60219716106636,C000141,SAVINGS,Banjara Hills,SAHY0003207,2017-09-23,ACTIVE,332264.43,vandanathakur81@sahyadri,50000
60215013211502,C000142,SAVINGS,Kothrud,SAHY0002294,2021-01-10,ACTIVE,102222.37,gurdeep.wagh82@sahyadri,100000
60216926240929,C000143,SALARY,Kothrud,SAHY0002294,2023-05-19,ACTIVE,46000.96,ishita.bhatt21@sahyadri,100000
60211491210341,C000144,SALARY,Kothrud,SAHY0002294,2024-07-15,ACTIVE,151497.45,iagarwal3943@sahyadri,100000
60216047176742,C000144,SAVINGS,Kothrud,SAHY0002294,2025-11-02,ACTIVE,79396.92,,
60212621925448,C000145,SENIOR_SAVINGS,Andheri East,SAHY0002987,2022-02-25,ACTIVE,132664.98,vnair1615@sahyadri,50000
60212871004809,C000146,SENIOR_SAVINGS,Navrangpura,SAHY0008491,2018-04-20,ACTIVE,105629.97,girish_shin91@sahyadri,25000
60214913345269,C000147,SAVINGS,Koramangala,SAHY0004797,2020-02-28,ACTIVE,6939.41,nandini_desh87@sahyadri,100000
60217955344620,C000148,SENIOR_SAVINGS,Koramangala,SAHY0004797,2019-03-29,DORMANT,68670.42,rohityadav822@sahyadri,100000
60211035638043,C000149,SAVINGS,Connaught Place,SAHY0007799,2021-12-19,ACTIVE,110465.32,arun.pande46@sahyadri,100000
60211489264627,C000150,SENIOR_SAVINGS,Kothrud,SAHY0002294,2015-02-22,ACTIVE,55677.01,anita.desh61@sahyadri,50000
60215999847917,C000151,CURRENT,Connaught Place,SAHY0007799,2016-01-30,ACTIVE,77277.58,lata.yadav58@sahyadri,100000
60214314256559,C000151,SAVINGS,Connaught Place,SAHY0007799,2016-03-06,DORMANT,7332.01,,
60212958077173,C000152,SALARY,Navrangpura,SAHY0008491,2021-09-29,ACTIVE,63610.75,lata.sharm46@sahyadri,100000
60212289801371,C000153,CURRENT,Koramangala,SAHY0004797,2018-03-23,ACTIVE,325817.70,mahesh.bhatt44@sahyadri,100000
60211274819744,C000154,SALARY,Malviya Nagar Jaipur,SAHY0001961,2025-11-21,ACTIVE,118254.60,ashokgupta991@sahyadri,100000
60212193833798,C000155,SALARY,Connaught Place,SAHY0007799,2022-11-05,ACTIVE,123060.93,sanjay.shah73@sahyadri,100000
60216196582715,C000156,SAVINGS,Nashik Road,SAHY0009215,2017-08-13,ACTIVE,97300.24,revati.wagh70@sahyadri,50000
60217528924257,C000156,SAVINGS,Nashik Road,SAHY0009215,2022-09-30,ACTIVE,10593.61,,
60214205520507,C000157,CURRENT,Malviya Nagar Jaipur,SAHY0001961,2014-07-14,ACTIVE,168753.89,anthonybanerjee473@sahyadri,200000
60215550420008,C000158,SENIOR_SAVINGS,Banjara Hills,SAHY0003207,2019-01-12,ACTIVE,109140.24,anjali_shin88@sahyadri,50000
60217664595784,C000159,SAVINGS,Kothrud,SAHY0002294,2023-01-30,ACTIVE,128631.35,sachin.dixit56@sahyadri,100000
60212716788389,C000160,SENIOR_SAVINGS,Andheri East,SAHY0002987,2021-02-17,ACTIVE,123860.94,aditya.chavan22@sahyadri,50000
60211137695644,C000161,SAVINGS,Koramangala,SAHY0004797,2023-08-21,ACTIVE,248551.83,asha.gokhale45@sahyadri,50000
60213825677490,C000162,SAVINGS,Kothrud,SAHY0002294,2021-06-06,ACTIVE,88929.20,ramesh.reddy50@sahyadri,50000
60215382749690,C000162,SAVINGS,Kothrud,SAHY0002294,2024-12-16,DORMANT,4905.18,,
60215458762211,C000163,SAVINGS,Navrangpura,SAHY0008491,2020-10-22,ACTIVE,79995.22,deepa_mane82@sahyadri,50000
60212507046480,C000164,SALARY,Kothrud,SAHY0002294,2017-02-16,ACTIVE,118801.74,chinmaydeshpande378@sahyadri,50000
60216075914423,C000164,SAVINGS,Kothrud,SAHY0002294,2024-08-22,ACTIVE,82013.31,5142597110@sahyadri,25000
60212426993581,C000165,SALARY,Banjara Hills,SAHY0003207,2025-01-14,ACTIVE,176749.31,lakshmi_jadh89@sahyadri,50000
60217063702440,C000166,SALARY,Andheri East,SAHY0002987,2016-03-29,ACTIVE,211231.42,omkar.apte56@sahyadri,100000
60212944956188,C000167,SAVINGS,Kothrud,SAHY0002294,2022-05-08,ACTIVE,88954.61,venkat.naik32@sahyadri,100000
60216237732861,C000168,SALARY,Nashik Road,SAHY0009215,2015-08-24,ACTIVE,59212.62,rnaidu9440@sahyadri,100000
60218340348842,C000169,SALARY,Kothrud,SAHY0002294,2026-05-28,ACTIVE,273548.33,gurpreet_gaik65@sahyadri,100000
60211877222011,C000170,SENIOR_SAVINGS,Kothrud,SAHY0002294,2018-12-02,ACTIVE,89005.14,sagar.kamat54@sahyadri,100000
60217997144392,C000171,SAVINGS,Dharampeth Nagpur,SAHY0005140,2025-04-30,ACTIVE,113391.18,gurpreet.apte55@sahyadri,100000
60217436787852,C000172,SALARY,Nashik Road,SAHY0009215,2023-11-20,ACTIVE,87921.83,tushar_gupt34@sahyadri,100000
60211742447670,C000173,SAVINGS,Kothrud,SAHY0002294,2020-07-12,ACTIVE,253404.04,schoudhary793@sahyadri,100000
60212637605043,C000174,SENIOR_SAVINGS,Malviya Nagar Jaipur,SAHY0001961,2015-07-28,ACTIVE,35082.95,nandini.salun97@sahyadri,100000
60218216531895,C000175,SAVINGS,Koramangala,SAHY0004797,2026-04-15,ACTIVE,168390.70,vpawar1020@sahyadri,100000
60211570558446,C000176,SENIOR_SAVINGS,Dharampeth Nagpur,SAHY0005140,2014-10-15,ACTIVE,27511.40,vchavan6012@sahyadri,100000
60213909439189,C000177,SALARY,Andheri East,SAHY0002987,2018-02-18,ACTIVE,129850.19,ashok_bhat53@sahyadri,100000
60212482027579,C000178,SAVINGS,Kothrud,SAHY0002294,2015-11-26,ACTIVE,63308.90,seemasharma499@sahyadri,100000
60212024508743,C000179,SALARY,Banjara Hills,SAHY0003207,2015-02-20,ACTIVE,187416.72,ramesh_desa68@sahyadri,100000
60216095645829,C000180,CURRENT,Malviya Nagar Jaipur,SAHY0001961,2018-07-16,ACTIVE,60323.56,yogeshsawant376@sahyadri,200000
60218270927570,C000181,SALARY,Kothrud,SAHY0002294,2024-06-29,ACTIVE,186991.22,pallavi_mane96@sahyadri,100000
60213794423485,C000181,SAVINGS,Kothrud,SAHY0002294,2026-05-27,ACTIVE,74845.75,,
60210150584133,C000182,SAVINGS,Kothrud,SAHY0002294,2016-10-21,ACTIVE,129330.94,sneha.agarw68@sahyadri,100000
60219202545885,C000183,CURRENT,Thane West,SAHY0007184,2017-06-30,ACTIVE,149940.04,manisha.choud38@sahyadri,200000
60214571532410,C000184,SAVINGS,Kothrud,SAHY0002294,2015-01-24,ACTIVE,89855.84,josephshah657@sahyadri,100000
60219073623984,C000185,SAVINGS,Dharampeth Nagpur,SAHY0005140,2022-08-14,ACTIVE,162648.12,priya_kulk79@sahyadri,100000
60214918141376,C000186,SAVINGS,Thane West,SAHY0007184,2026-04-17,ACTIVE,131196.95,ajay_pawa67@sahyadri,50000
60218730452402,C000187,SAVINGS,Kothrud,SAHY0002294,2012-12-16,FROZEN,5621.57,mrunalmenon589@sahyadri,100000
60218557344325,C000188,SAVINGS,Hazratganj,SAHY0006176,2017-07-16,ACTIVE,95861.92,meena.apte25@sahyadri,100000
60216737749197,C000189,SENIOR_SAVINGS,Navrangpura,SAHY0008491,2024-11-15,ACTIVE,691002.92,rekha_yada39@sahyadri,50000
60211642032658,C000190,SENIOR_SAVINGS,Andheri East,SAHY0002987,2017-05-20,DORMANT,32457.92,rekha.iyer18@sahyadri,50000
60217323631960,C000190,SAVINGS,Andheri East,SAHY0002987,2022-11-22,ACTIVE,19745.59,,
60214195108173,C000191,SAVINGS,Kothrud,SAHY0002294,2022-03-03,ACTIVE,150239.71,radha.tiwar31@sahyadri,100000
60217938366938,C000192,SALARY,Kothrud,SAHY0002294,2012-03-11,ACTIVE,109561.54,komalnaidu260@sahyadri,100000
60210898850536,C000193,SALARY,Andheri East,SAHY0002987,2015-11-13,ACTIVE,21810.10,mangesh.shind74@sahyadri,100000
60215281091838,C000194,SAVINGS,Vijay Nagar Indore,SAHY0004394,2013-03-10,ACTIVE,107113.11,suniliyer490@sahyadri,100000
60211297166302,C000195,SENIOR_SAVINGS,Kothrud,SAHY0002294,2022-09-07,ACTIVE,190456.54,ishitaagarwal953@sahyadri,25000
60215574673961,C000196,SAVINGS,Thane West,SAHY0007184,2025-03-12,ACTIVE,2996.72,madhuri.khan75@sahyadri,10000
60211526742873,C000197,SALARY,Dharampeth Nagpur,SAHY0005140,2015-10-09,ACTIVE,48704.89,jyotisharma842@sahyadri,50000
60213070460632,C000198,SAVINGS,Andheri East,SAHY0002987,2014-10-03,ACTIVE,113977.82,chinmay.apte76@sahyadri,50000
60211516996494,C000199,CURRENT,Connaught Place,SAHY0007799,2024-02-02,ACTIVE,689342.32,zoya_wagh58@sahyadri,200000
60211865228301,C000200,SAVINGS,Andheri East,SAHY0002987,2021-03-11,DORMANT,12059.11,abhijitkadam241@sahyadri,100000
60213501692985,C000201,SENIOR_SAVINGS,Andheri East,SAHY0002987,2012-03-03,ACTIVE,262897.05,farahmore939@sahyadri,100000
60217610927928,C000202,SENIOR_SAVINGS,Nashik Road,SAHY0009215,2021-12-02,ACTIVE,75142.81,shweta_redd79@sahyadri,100000
60217956606695,C000203,SALARY,Kothrud,SAHY0002294,2024-06-24,ACTIVE,66173.19,anil.gaikw78@sahyadri,100000
60215850629855,C000203,SAVINGS,Kothrud,SAHY0002294,2025-07-25,ACTIVE,11444.52,,
60219406907483,C000204,SAVINGS,Andheri East,SAHY0002987,2020-12-05,ACTIVE,50671.19,ashok_dixi54@sahyadri,100000
60214039243071,C000205,SALARY,Andheri East,SAHY0002987,2023-11-07,ACTIVE,142499.50,pallavi_tiwa24@sahyadri,100000
60218740546702,C000206,SAVINGS,Vijay Nagar Indore,SAHY0004394,2015-08-28,ACTIVE,64912.20,lakshmi.shah50@sahyadri,100000
60217439281838,C000207,SALARY,Hazratganj,SAHY0006176,2023-06-23,ACTIVE,80644.25,snehamishra508@sahyadri,100000
60217136190440,C000208,SALARY,Kothrud,SAHY0002294,2021-04-12,ACTIVE,163910.71,venkatkamat444@sahyadri,50000
60217783857946,C000209,SENIOR_SAVINGS,Kothrud,SAHY0002294,2015-10-27,ACTIVE,127478.37,hnaik7576@sahyadri,25000
60215369383847,C000210,SALARY,Nashik Road,SAHY0009215,2016-02-13,ACTIVE,162970.85,rohini.sawant37@sahyadri,50000
60214525159755,C000211,SENIOR_SAVINGS,Dharampeth Nagpur,SAHY0005140,2012-03-20,ACTIVE,118710.08,sunil.naidu51@sahyadri,50000
60218506884620,C000212,SENIOR_SAVINGS,Koramangala,SAHY0004797,2021-11-18,ACTIVE,250389.04,rmane6274@sahyadri,100000
60218746892162,C000212,SAVINGS,Koramangala,SAHY0004797,2025-01-21,DORMANT,33840.94,,
60216531784061,C000213,SAVINGS,Nashik Road,SAHY0009215,2021-06-28,ACTIVE,132621.35,pchoudhary4843@sahyadri,100000
60214983128800,C000214,SALARY,Kothrud,SAHY0002294,2013-10-28,ACTIVE,119461.83,achavan9336@sahyadri,100000
60217578332480,C000215,SAVINGS,Malviya Nagar Jaipur,SAHY0001961,2024-07-21,ACTIVE,202962.70,jyoti.agarwal68@sahyadri,100000
60219443819357,C000216,CURRENT,Kothrud,SAHY0002294,2022-01-24,ACTIVE,50209.18,omkar.sheikh48@sahyadri,200000
60213106767537,C000217,SAVINGS,Andheri East,SAHY0002987,2015-10-16,ACTIVE,8431.33,saritajoshi687@sahyadri,100000
60218372755702,C000218,SAVINGS,Andheri East,SAHY0002987,2014-12-18,ACTIVE,22860.34,usha.das90@sahyadri,100000
60212129266711,C000219,SAVINGS,Andheri East,SAHY0002987,2021-10-13,ACTIVE,59013.02,gurdeepkadam983@sahyadri,50000
60219948805622,C000219,CURRENT,Andheri East,SAHY0002987,2025-01-29,ACTIVE,34896.01,,
60210612669522,C000220,SAVINGS,Andheri East,SAHY0002987,2020-08-05,ACTIVE,159063.78,pranav.patil49@sahyadri,100000
60214245261601,C000220,SAVINGS,Andheri East,SAHY0002987,2021-09-19,DORMANT,12929.68,,
60218178462348,C000221,SAVINGS,Vijay Nagar Indore,SAHY0004394,2017-03-30,ACTIVE,4499.53,nandinipawar208@sahyadri,50000
60219083806386,C000222,SALARY,Thane West,SAHY0007184,2025-11-27,ACTIVE,150016.95,karthik.pandey70@sahyadri,100000
60216809369155,C000223,SAVINGS,Hazratganj,SAHY0006176,2015-07-10,ACTIVE,260177.31,nisha.rao93@sahyadri,50000
60216119875373,C000224,SALARY,Kothrud,SAHY0002294,2025-06-09,ACTIVE,152129.01,siddharth.joshi82@sahyadri,100000
60217168499267,C000224,CURRENT,Kothrud,SAHY0002294,2025-10-23,DORMANT,23611.96,,
60217800490078,C000225,SALARY,Vijay Nagar Indore,SAHY0004394,2023-08-27,ACTIVE,108254.82,harish.bhatt22@sahyadri,100000
60216507359599,C000226,SALARY,Connaught Place,SAHY0007799,2017-02-15,ACTIVE,141332.67,mgokhale4466@sahyadri,100000
60214431494902,C000227,SALARY,Kothrud,SAHY0002294,2018-10-18,ACTIVE,49291.63,amitwagh248@sahyadri,100000
60213370502221,C000228,SAVINGS,Connaught Place,SAHY0007799,2016-05-21,ACTIVE,145182.82,geetabhosale935@sahyadri,100000
60216376946114,C000229,SAVINGS,Koramangala,SAHY0004797,2025-02-11,ACTIVE,207825.69,anil_josh60@sahyadri,100000
60212473797536,C000230,SAVINGS,Dharampeth Nagpur,SAHY0005140,2017-07-30,ACTIVE,166720.60,prakash.singh54@sahyadri,100000
60211515503543,C000231,SENIOR_SAVINGS,Thane West,SAHY0007184,2021-05-15,ACTIVE,248248.19,tjadhav5470@sahyadri,50000
60218516961684,C000231,SAVINGS,Thane West,SAHY0007184,2023-06-20,ACTIVE,9963.26,,
60215108025448,C000232,CURRENT,Connaught Place,SAHY0007799,2018-10-19,ACTIVE,129961.58,aartidesai854@sahyadri,200000
60212744978599,C000233,SALARY,Andheri East,SAHY0002987,2020-06-05,ACTIVE,131440.48,meenashah39@sahyadri,100000
60214054695887,C000234,SENIOR_SAVINGS,Dharampeth Nagpur,SAHY0005140,2019-10-26,ACTIVE,71980.57,manoj_dixi19@sahyadri,50000
60216496612456,C000235,SAVINGS,Koramangala,SAHY0004797,2021-10-12,ACTIVE,4399.92,miyer463@sahyadri,25000
60217478156170,C000236,SENIOR_SAVINGS,Andheri East,SAHY0002987,2021-10-19,ACTIVE,245668.40,kavita.khan18@sahyadri,100000
60211755644687,C000237,SALARY,Kothrud,SAHY0002294,2025-06-24,ACTIVE,199633.31,radha_apte44@sahyadri,50000
60215149248102,C000238,SENIOR_SAVINGS,Banjara Hills,SAHY0003207,2024-03-07,ACTIVE,173927.66,shalinigaikwad406@sahyadri,50000
60219530379483,C000238,SAVINGS,Banjara Hills,SAHY0003207,2026-05-22,ACTIVE,15251.43,,
60212388112133,C000239,SAVINGS,Andheri East,SAHY0002987,2020-12-26,ACTIVE,54964.31,anthonyjadhav155@sahyadri,100000
60214414023205,C000239,CURRENT,Andheri East,SAHY0002987,2025-11-22,ACTIVE,50297.23,,
60212834534454,C000240,SAVINGS,Connaught Place,SAHY0007799,2026-05-24,ACTIVE,36143.56,girish_kale83@sahyadri,25000
60218557267140,C000241,SALARY,Koramangala,SAHY0004797,2022-09-24,ACTIVE,79299.10,rohit.desai23@sahyadri,100000
60211912693880,C000242,SALARY,Koramangala,SAHY0004797,2012-11-09,ACTIVE,227104.86,girish.desai12@sahyadri,100000
60214943016939,C000242,SAVINGS,Koramangala,SAHY0004797,2023-02-07,DORMANT,12535.67,,
60218410352744,C000243,SENIOR_SAVINGS,Banjara Hills,SAHY0003207,2017-07-12,ACTIVE,198923.57,lakshmi.naik95@sahyadri,25000
60217524442814,C000244,SALARY,Dharampeth Nagpur,SAHY0005140,2020-12-07,ACTIVE,59155.38,rajesh.kulkarni12@sahyadri,100000
60219315250660,C000245,CURRENT,Dharampeth Nagpur,SAHY0005140,2019-03-07,ACTIVE,191985.45,anthonybhatt97@sahyadri,100000
60217389643653,C000246,SENIOR_SAVINGS,Kothrud,SAHY0002294,2021-08-11,ACTIVE,149452.51,yogesh.bhosa68@sahyadri,100000
60214063301959,C000247,SAVINGS,Banjara Hills,SAHY0003207,2019-03-16,ACTIVE,61440.52,anthony.bhosale72@sahyadri,100000
60213710942774,C000247,CURRENT,Banjara Hills,SAHY0003207,2021-11-03,ACTIVE,18110.08,,
60218609444868,C000248,SAVINGS,Kothrud,SAHY0002294,2018-09-13,ACTIVE,90052.45,rohitpillai296@sahyadri,100000
60217852116180,C000249,SAVINGS,Andheri East,SAHY0002987,2018-04-03,ACTIVE,157313.05,srinivassawant347@sahyadri,100000
60216028181730,C000250,SENIOR_SAVINGS,Nashik Road,SAHY0009215,2016-04-06,ACTIVE,289165.25,djadhav2332@sahyadri,100000
60217465004162,C000251,SAVINGS,Kothrud,SAHY0002294,2014-11-29,ACTIVE,133338.32,shweta.deshm99@sahyadri,50000
60211273617460,C000252,SAVINGS,Kothrud,SAHY0002294,2024-10-09,ACTIVE,94246.52,gdas5318@sahyadri,50000
60210428757678,C000253,SALARY,Connaught Place,SAHY0007799,2020-01-20,ACTIVE,91416.01,liyer9154@sahyadri,100000
60210527038749,C000254,SAVINGS,Connaught Place,SAHY0007799,2014-04-27,ACTIVE,47193.05,jgupta8245@sahyadri,50000
60213151278337,C000255,SAVINGS,Kothrud,SAHY0002294,2013-05-08,ACTIVE,395402.64,apawar6790@sahyadri,100000
60213848527563,C000256,SALARY,Koramangala,SAHY0004797,2020-07-05,ACTIVE,352249.26,rahul.verma73@sahyadri,100000
60217079386228,C000257,SALARY,Andheri East,SAHY0002987,2017-07-21,ACTIVE,259620.72,sayali.das19@sahyadri,100000
60212881762143,C000258,SENIOR_SAVINGS,Kothrud,SAHY0002294,2014-11-11,ACTIVE,71709.85,lakshmi.salun69@sahyadri,100000
60217597263604,C000259,SALARY,Vijay Nagar Indore,SAHY0004394,2023-09-03,ACTIVE,95088.09,akadam8363@sahyadri,50000
60218626344601,C000260,SENIOR_SAVINGS,Kothrud,SAHY0002294,2021-06-26,ACTIVE,275817.47,agaikwad8538@sahyadri,25000
60213113095196,C000261,SAVINGS,Navrangpura,SAHY0008491,2019-04-13,ACTIVE,17551.12,zoya.singh45@sahyadri,100000
60211647457103,C000262,SAVINGS,Kothrud,SAHY0002294,2026-04-26,ACTIVE,4502.96,sneha_nair34@sahyadri,10000
60215241178989,C000263,SAVINGS,Dharampeth Nagpur,SAHY0005140,2016-05-29,ACTIVE,9419.93,mchoudhary3490@sahyadri,50000
60216388336665,C000264,SALARY,Connaught Place,SAHY0007799,2026-02-19,ACTIVE,232073.49,ashok.shah72@sahyadri,100000
60210700576980,C000265,SALARY,Koramangala,SAHY0004797,2012-04-19,ACTIVE,138105.89,suresh_desa33@sahyadri,50000
60215421616759,C000266,SALARY,Kothrud,SAHY0002294,2017-09-28,ACTIVE,61081.17,pranavreddy423@sahyadri,100000
60211339495586,C000267,SAVINGS,Kothrud,SAHY0002294,2026-03-05,ACTIVE,116987.78,sanjay_bhat21@sahyadri,100000
60218190022270,C000268,SENIOR_SAVINGS,Thane West,SAHY0007184,2023-04-30,ACTIVE,293881.13,njoshi8936@sahyadri,50000
60218839865442,C000269,SALARY,Kothrud,SAHY0002294,2020-03-24,ACTIVE,55302.09,zoya_agar82@sahyadri,100000
60214370864133,C000270,SAVINGS,Kothrud,SAHY0002294,2025-12-01,DORMANT,31814.14,sayali.bhatt89@sahyadri,100000
60212144753089,C000271,SAVINGS,Nashik Road,SAHY0009215,2015-03-28,ACTIVE,60489.73,kwagh6180@sahyadri,50000
60212710530504,C000272,SAVINGS,Hazratganj,SAHY0006176,2011-12-17,ACTIVE,104287.57,neha.mishra49@sahyadri,100000
60210407004258,C000273,SALARY,Banjara Hills,SAHY0003207,2014-07-31,ACTIVE,23576.86,lata.shinde62@sahyadri,50000
60213915375285,C000274,SALARY,Thane West,SAHY0007184,2021-06-13,ACTIVE,213474.62,ganesh_shar51@sahyadri,100000
60215944592349,C000275,SALARY,Dharampeth Nagpur,SAHY0005140,2013-09-29,ACTIVE,68926.74,vinayak.desai92@sahyadri,100000
60211679585597,C000275,SAVINGS,Dharampeth Nagpur,SAHY0005140,2023-09-15,ACTIVE,4729.15,,
60219324338526,C000276,CURRENT,Kothrud,SAHY0002294,2021-01-20,ACTIVE,89410.64,ashok_gupt28@sahyadri,200000
60216257329400,C000277,SAVINGS,Kothrud,SAHY0002294,2024-02-20,ACTIVE,3538.75,sana.khan97@sahyadri,100000
60210185661066,C000277,SAVINGS,Kothrud,SAHY0002294,2026-03-05,ACTIVE,3190.96,,
60217502545048,C000278,SENIOR_SAVINGS,Kothrud,SAHY0002294,2015-04-27,DORMANT,90564.86,rohitdixit644@sahyadri,25000
60214487602683,C000279,SALARY,Dharampeth Nagpur,SAHY0005140,2012-03-02,ACTIVE,212700.95,kavitakale811@sahyadri,100000
60215090055275,C000279,SAVINGS,Dharampeth Nagpur,SAHY0005140,2013-09-24,ACTIVE,6284.43,5867697687@sahyadri,25000
60213158446804,C000280,SAVINGS,Navrangpura,SAHY0008491,2016-07-05,ACTIVE,317111.89,girish_rao85@sahyadri,50000
60212280361818,C000281,SAVINGS,Hazratganj,SAHY0006176,2021-05-19,ACTIVE,71935.46,farah_meno98@sahyadri,100000
60216159156854,C000282,SAVINGS,Kothrud,SAHY0002294,2024-05-06,ACTIVE,83165.35,anilpatil70@sahyadri,100000
60214567885992,C000283,SAVINGS,Andheri East,SAHY0002987,2019-01-21,ACTIVE,236578.31,harleen.more34@sahyadri,50000
60215362890537,C000283,CURRENT,Andheri East,SAHY0002987,2019-10-03,ACTIVE,36845.30,5831561655@sahyadri,25000
60218779473782,C000284,SALARY,Andheri East,SAHY0002987,2015-02-25,ACTIVE,222404.91,abhijitsalunkhe740@sahyadri,50000
60211968809470,C000285,SAVINGS,Kothrud,SAHY0002294,2013-07-09,DORMANT,11320.65,sunitadixit866@sahyadri,50000
60210635957610,C000286,SENIOR_SAVINGS,Kothrud,SAHY0002294,2024-10-03,ACTIVE,274338.47,mahesh.das24@sahyadri,50000
60212349262502,C000287,SENIOR_SAVINGS,Kothrud,SAHY0002294,2026-01-16,ACTIVE,121135.33,lgaikwad4934@sahyadri,50000
60216074834647,C000287,SAVINGS,Kothrud,SAHY0002294,2026-03-24,ACTIVE,62835.92,5532439207@sahyadri,25000
60213275935080,C000288,SALARY,Vijay Nagar Indore,SAHY0004394,2013-03-25,ACTIVE,74589.44,anita.wagh36@sahyadri,100000
60214109533129,C000289,SAVINGS,Navrangpura,SAHY0008491,2014-10-10,ACTIVE,84170.47,amitiyer423@sahyadri,100000
60210460854993,C000290,SALARY,Navrangpura,SAHY0008491,2015-05-01,DORMANT,6981.01,rekhamishra142@sahyadri,100000
60218684664372,C000291,SALARY,Kothrud,SAHY0002294,2022-01-22,DORMANT,9826.18,mbhosale9752@sahyadri,100000
60214340696697,C000292,SAVINGS,Andheri East,SAHY0002987,2013-10-05,ACTIVE,342462.74,girish_redd36@sahyadri,100000
60218412710631,C000293,SAVINGS,Koramangala,SAHY0004797,2024-08-25,ACTIVE,25596.15,meena_meht45@sahyadri,100000
60215830832142,C000294,SALARY,Andheri East,SAHY0002987,2024-12-11,ACTIVE,183085.99,anitakale228@sahyadri,50000
60210975676689,C000295,SAVINGS,Andheri East,SAHY0002987,2025-09-29,ACTIVE,260890.07,amitnaik960@sahyadri,100000
60214392903479,C000295,CURRENT,Andheri East,SAHY0002987,2025-10-19,DORMANT,99804.66,,
60211845481718,C000296,SAVINGS,Banjara Hills,SAHY0003207,2025-11-16,ACTIVE,19640.29,akshaynaidu76@sahyadri,100000
60214107667828,C000296,CURRENT,Banjara Hills,SAHY0003207,2026-01-19,ACTIVE,48084.43,,
60210809680398,C000297,SAVINGS,Kothrud,SAHY0002294,2025-07-08,ACTIVE,129315.71,twagh8525@sahyadri,100000
60213233768553,C000298,SAVINGS,Andheri East,SAHY0002987,2025-05-31,ACTIVE,134996.30,jkulkarni4574@sahyadri,100000
60211124279794,C000299,SALARY,Vijay Nagar Indore,SAHY0004394,2017-07-13,ACTIVE,20383.66,ashoksawant967@sahyadri,100000
60213389531354,C000300,SAVINGS,Kothrud,SAHY0002294,2026-05-13,ACTIVE,2786.58,nitin.kulka46@sahyadri,25000
60213653912821,C000301,SALARY,Kothrud,SAHY0002294,2018-07-26,ACTIVE,56650.79,pallavipillai203@sahyadri,100000
60218446190646,C000302,SENIOR_SAVINGS,Kothrud,SAHY0002294,2018-03-27,ACTIVE,211050.17,kavita.patil11@sahyadri,100000
60211160327817,C000303,SALARY,Banjara Hills,SAHY0003207,2013-07-26,DORMANT,44483.62,geeta.dixit34@sahyadri,100000
60212701032609,C000304,SALARY,Kothrud,SAHY0002294,2024-06-20,ACTIVE,68231.81,jchoudhary815@sahyadri,50000
60212733342234,C000305,SALARY,Banjara Hills,SAHY0003207,2025-12-29,ACTIVE,762141.86,pdeshmukh3906@sahyadri,100000
60214214818962,C000305,SAVINGS,Banjara Hills,SAHY0003207,2026-05-27,ACTIVE,17956.40,,
60212189140131,C000306,CURRENT,Navrangpura,SAHY0008491,2014-11-26,ACTIVE,80767.11,anjali_gupt21@sahyadri,200000
60211165289096,C000307,SALARY,Banjara Hills,SAHY0003207,2020-05-19,ACTIVE,37838.84,ishita.joshi61@sahyadri,50000
60215528901047,C000308,SAVINGS,Koramangala,SAHY0004797,2024-12-24,ACTIVE,106263.63,joseph.naidu89@sahyadri,50000
60216401848286,C000309,SALARY,Dharampeth Nagpur,SAHY0005140,2016-12-15,ACTIVE,265707.44,anil.deshm12@sahyadri,100000
60219705688956,C000310,SALARY,Andheri East,SAHY0002987,2026-03-24,ACTIVE,138984.25,venkat_rao56@sahyadri,100000
60214815387397,C000311,SENIOR_SAVINGS,Andheri East,SAHY0002987,2025-05-21,ACTIVE,59220.06,swati_tiwa69@sahyadri,50000
60217345823355,C000312,SAVINGS,Andheri East,SAHY0002987,2025-12-09,ACTIVE,31628.19,rajesh_meht32@sahyadri,10000
60219373667071,C000313,SAVINGS,Kothrud,SAHY0002294,2021-07-04,ACTIVE,60491.98,sneha.tiwari52@sahyadri,100000
60213000384475,C000314,SALARY,Dharampeth Nagpur,SAHY0005140,2026-05-28,ACTIVE,77646.51,ashok_naik99@sahyadri,100000
60217882094399,C000315,SAVINGS,Kothrud,SAHY0002294,2025-10-08,ACTIVE,13968.15,jyoti.sheik90@sahyadri,25000
60215597578905,C000316,SAVINGS,Hazratganj,SAHY0006176,2012-08-13,ACTIVE,75933.66,ashagaikwad252@sahyadri,50000
60215643800374,C000317,SAVINGS,Koramangala,SAHY0004797,2026-04-29,ACTIVE,3326.91,joseph.saxen53@sahyadri,10000
60218281693083,C000318,SENIOR_SAVINGS,Kothrud,SAHY0002294,2020-07-01,ACTIVE,257205.24,radha.singh11@sahyadri,100000
60214167953098,C000319,SALARY,Thane West,SAHY0007184,2013-03-19,ACTIVE,97596.69,manoj_sawa39@sahyadri,50000
60216582009668,C000320,SENIOR_SAVINGS,Banjara Hills,SAHY0003207,2023-03-16,ACTIVE,367825.51,vsheikh7547@sahyadri,50000
60213377990520,C000321,SENIOR_SAVINGS,Kothrud,SAHY0002294,2021-02-16,ACTIVE,18280.26,keerthi.agarwal27@sahyadri,50000
60215496663680,C000322,SENIOR_SAVINGS,Hazratganj,SAHY0006176,2021-08-18,ACTIVE,102601.03,anjali.desai52@sahyadri,50000
60214482583027,C000323,SAVINGS,Thane West,SAHY0007184,2020-08-24,ACTIVE,105142.13,anita_wagh98@sahyadri,50000
60213511864898,C000324,SALARY,Andheri East,SAHY0002987,2025-12-27,ACTIVE,163023.42,sana_desh10@sahyadri,100000
60216205988089,C000324,SAVINGS,Andheri East,SAHY0002987,2026-02-13,ACTIVE,86068.95,5029115273@sahyadri,25000
60212381598223,C000325,SENIOR_SAVINGS,Thane West,SAHY0007184,2012-06-23,ACTIVE,71089.19,anita_meht13@sahyadri,25000
60211800507199,C000326,SAVINGS,Vijay Nagar Indore,SAHY0004394,2023-10-28,ACTIVE,115402.73,omkar.naidu10@sahyadri,100000
60219642167109,C000327,SAVINGS,Hazratganj,SAHY0006176,2013-07-09,ACTIVE,136636.50,parag.reddy46@sahyadri,50000
60213275381506,C000327,SAVINGS,Hazratganj,SAHY0006176,2025-11-26,ACTIVE,4602.15,5005069059@sahyadri,25000
60215936849955,C000328,CURRENT,Vijay Nagar Indore,SAHY0004394,2024-08-02,ACTIVE,82787.63,ashok.mishr60@sahyadri,200000
60215507409066,C000329,SAVINGS,Thane West,SAHY0007184,2022-02-27,ACTIVE,35469.45,bhavanadesai296@sahyadri,100000
60215726122295,C000330,SENIOR_SAVINGS,Dharampeth Nagpur,SAHY0005140,2024-03-18,ACTIVE,250786.01,deepaksharma913@sahyadri,50000
60212426975122,C000331,SAVINGS,Vijay Nagar Indore,SAHY0004394,2017-05-06,ACTIVE,129639.28,mrunal_bhos31@sahyadri,100000
60212559141987,C000332,SAVINGS,Thane West,SAHY0007184,2024-01-28,ACTIVE,56666.83,deepakdeshmukh544@sahyadri,100000
60218303654810,C000333,SAVINGS,Kothrud,SAHY0002294,2019-01-23,ACTIVE,159422.19,harleen.chava52@sahyadri,50000
60210045165967,C000334,SALARY,Connaught Place,SAHY0007799,2026-05-03,ACTIVE,209096.07,geeta_naik19@sahyadri,50000
60214305457300,C000335,SAVINGS,Andheri East,SAHY0002987,2021-06-20,ACTIVE,130777.72,venkat.kulka86@sahyadri,100000
60216615872311,C000336,SALARY,Dharampeth Nagpur,SAHY0005140,2026-05-05,DORMANT,12173.98,mahesh.dixit52@sahyadri,100000
60219880626837,C000337,SAVINGS,Hazratganj,SAHY0006176,2015-06-13,ACTIVE,193734.15,aniket_tiwa86@sahyadri,100000
60215479263649,C000338,SENIOR_SAVINGS,Malviya Nagar Jaipur,SAHY0001961,2016-05-03,ACTIVE,169424.79,sachin.deshm52@sahyadri,25000
60214143214488,C000339,SALARY,Dharampeth Nagpur,SAHY0005140,2024-09-24,ACTIVE,137535.55,nchavan1347@sahyadri,100000
60211645328509,C000340,SENIOR_SAVINGS,Kothrud,SAHY0002294,2024-08-01,ACTIVE,112108.03,harish.nair54@sahyadri,25000
60212637461666,C000341,SAVINGS,Koramangala,SAHY0004797,2020-07-20,DORMANT,13317.85,mpandey4275@sahyadri,100000
60216057311912,C000342,SAVINGS,Malviya Nagar Jaipur,SAHY0001961,2023-01-03,ACTIVE,163302.21,siddharthbhosale90@sahyadri,100000
60213410234822,C000343,SENIOR_SAVINGS,Andheri East,SAHY0002987,2024-05-18,ACTIVE,156630.25,vijay_gupt34@sahyadri,25000
60210494656633,C000344,SAVINGS,Connaught Place,SAHY0007799,2023-05-29,ACTIVE,11798.17,swati_meno62@sahyadri,10000
60210515533855,C000345,SAVINGS,Nashik Road,SAHY0009215,2011-11-22,ACTIVE,86548.71,harleenmenon17@sahyadri,100000
60212688186773,C000346,CURRENT,Connaught Place,SAHY0007799,2015-08-31,ACTIVE,90761.24,drao8922@sahyadri,100000
60217562338548,C000347,SALARY,Dharampeth Nagpur,SAHY0005140,2014-01-29,ACTIVE,51845.53,sachin.menon51@sahyadri,50000
60217824869906,C000348,SALARY,Vijay Nagar Indore,SAHY0004394,2024-06-09,ACTIVE,197986.98,vapte6456@sahyadri,100000
60214925211621,C000349,SAVINGS,Andheri East,SAHY0002987,2023-02-05,ACTIVE,278087.54,rkadam8845@sahyadri,100000
60216170065588,C000349,SAVINGS,Andheri East,SAHY0002987,2024-04-23,ACTIVE,14376.21,5312629871@sahyadri,25000
60215831722736,C000350,SAVINGS,Kothrud,SAHY0002294,2021-01-09,ACTIVE,251831.71,girish_shar57@sahyadri,100000
60213198960176,C000351,SALARY,Connaught Place,SAHY0007799,2023-03-06,ACTIVE,199226.78,abhijit.bhatt77@sahyadri,100000
60219547954601,C000351,SAVINGS,Connaught Place,SAHY0007799,2024-02-16,ACTIVE,22099.87,5532802554@sahyadri,25000
60212011950157,C000352,SAVINGS,Hazratganj,SAHY0006176,2016-04-01,ACTIVE,8450.45,ishita.desai45@sahyadri,100000
60219259957339,C000353,SAVINGS,Malviya Nagar Jaipur,SAHY0001961,2012-01-11,ACTIVE,119163.84,mmenon2805@sahyadri,50000
60210551292684,C000354,CURRENT,Andheri East,SAHY0002987,2025-05-09,DORMANT,9338.71,vijay.pawar54@sahyadri,200000
60213582803670,C000355,SALARY,Andheri East,SAHY0002987,2023-08-01,ACTIVE,341755.56,karthikshah162@sahyadri,100000
60213728674556,C000356,SENIOR_SAVINGS,Kothrud,SAHY0002294,2025-08-28,DORMANT,58192.44,ushachavan919@sahyadri,50000
60217784519320,C000356,SAVINGS,Kothrud,SAHY0002294,2026-01-13,ACTIVE,39726.15,,
60218839747135,C000357,CURRENT,Andheri East,SAHY0002987,2018-07-05,ACTIVE,276286.07,ananya.kadam20@sahyadri,200000
60215454663669,C000358,SALARY,Kothrud,SAHY0002294,2024-11-04,ACTIVE,70734.11,gurpreettiwari758@sahyadri,100000
60219351847185,C000359,SAVINGS,Malviya Nagar Jaipur,SAHY0001961,2014-08-10,ACTIVE,73094.94,aarti.patil24@sahyadri,100000
60216997409019,C000360,SAVINGS,Kothrud,SAHY0002294,2017-11-27,ACTIVE,148697.94,arun.jadha38@sahyadri,100000
60213489927111,C000361,SALARY,Kothrud,SAHY0002294,2018-10-24,ACTIVE,84906.80,jiyer6694@sahyadri,100000
60213283626438,C000362,SALARY,Kothrud,SAHY0002294,2018-06-30,ACTIVE,98148,farah.dixit61@sahyadri,100000
60215981431544,C000363,SAVINGS,Kothrud,SAHY0002294,2017-08-06,ACTIVE,89471.91,nandini.nair87@sahyadri,100000
60217745388649,C000364,SAVINGS,Kothrud,SAHY0002294,2019-09-16,ACTIVE,18403.19,lsalunkhe5812@sahyadri,100000
60219359290774,C000365,SALARY,Kothrud,SAHY0002294,2019-09-26,ACTIVE,49186.20,sunil_shar24@sahyadri,50000
60211994947012,C000366,SAVINGS,Banjara Hills,SAHY0003207,2017-08-25,ACTIVE,417539.82,gurdeep.nair52@sahyadri,100000
60213450491039,C000367,SAVINGS,Kothrud,SAHY0002294,2016-05-29,ACTIVE,141620.57,karthik.bhosa94@sahyadri,100000
60218715998646,C000368,SAVINGS,Andheri East,SAHY0002987,2021-08-05,ACTIVE,152350.10,spillai7525@sahyadri,100000
60211006171920,C000369,SALARY,Dharampeth Nagpur,SAHY0005140,2023-11-14,ACTIVE,227660.17,mverma6155@sahyadri,100000
60218352403231,C000370,CURRENT,Koramangala,SAHY0004797,2023-10-14,ACTIVE,66643.70,vsawant2944@sahyadri,200000
60217220333245,C000371,SALARY,Andheri East,SAHY0002987,2023-08-13,ACTIVE,142436.47,dinesh_desh69@sahyadri,100000
60215365849717,C000371,SAVINGS,Andheri East,SAHY0002987,2026-02-09,ACTIVE,52275.71,,
60217515819924,C000372,SALARY,Nashik Road,SAHY0009215,2024-12-03,ACTIVE,216168.67,vikram.kulkarni78@sahyadri,100000
60216009118209,C000373,CURRENT,Banjara Hills,SAHY0003207,2018-01-19,ACTIVE,102777.45,faisaldeshmukh593@sahyadri,200000
60214160370965,C000374,SALARY,Thane West,SAHY0007184,2017-01-09,ACTIVE,282750.87,gshah7513@sahyadri,100000
60213254141990,C000375,CURRENT,Navrangpura,SAHY0008491,2016-11-21,ACTIVE,165988.64,joseph.choudhary37@sahyadri,100000
60215990789960,C000376,SAVINGS,Kothrud,SAHY0002294,2025-09-12,ACTIVE,3072.51,mahesh.agarw41@sahyadri,10000
60217755601502,C000377,SAVINGS,Koramangala,SAHY0004797,2015-11-08,ACTIVE,439810.12,suresh.saxena75@sahyadri,50000
60215589399268,C000378,SENIOR_SAVINGS,Kothrud,SAHY0002294,2013-05-17,ACTIVE,108551.65,ushareddy772@sahyadri,100000
60217848767527,C000379,SENIOR_SAVINGS,Kothrud,SAHY0002294,2016-12-02,ACTIVE,139135.32,keerthi.sharm33@sahyadri,25000
60219010137573,C000380,SENIOR_SAVINGS,Kothrud,SAHY0002294,2016-07-28,ACTIVE,212588.43,aditya.agarwal68@sahyadri,25000
60219946533224,C000381,SAVINGS,Banjara Hills,SAHY0003207,2022-09-28,ACTIVE,58172.02,deepa.saxen46@sahyadri,100000
60213210277356,C000382,SENIOR_SAVINGS,Thane West,SAHY0007184,2024-06-14,ACTIVE,352357.81,manoj_iyer59@sahyadri,50000
60210751273237,C000383,SAVINGS,Thane West,SAHY0007184,2025-01-19,ACTIVE,2392.67,vinayak.thakur44@sahyadri,10000
60216108080017,C000383,SAVINGS,Thane West,SAHY0007184,2026-01-02,ACTIVE,12871.48,,
60218561251175,C000384,SALARY,Nashik Road,SAHY0009215,2019-01-15,ACTIVE,148858.61,pallavisaxena856@sahyadri,100000
60217972191873,C000385,SAVINGS,Andheri East,SAHY0002987,2020-11-04,ACTIVE,89785.89,mrunal_thak73@sahyadri,100000
60213254425773,C000386,SAVINGS,Andheri East,SAHY0002987,2025-04-10,ACTIVE,112554.95,rgupta8539@sahyadri,100000
60210604580012,C000386,CURRENT,Andheri East,SAHY0002987,2026-03-03,ACTIVE,30891.14,,
60216979099027,C000387,SALARY,Dharampeth Nagpur,SAHY0005140,2016-01-19,ACTIVE,175114.78,ishita.chavan13@sahyadri,100000
60218405203556,C000387,SAVINGS,Dharampeth Nagpur,SAHY0005140,2017-06-04,ACTIVE,13643.66,,
60214610065719,C000388,SAVINGS,Thane West,SAHY0007184,2018-01-23,ACTIVE,238732.83,amit.wagh71@sahyadri,100000
60213377667563,C000388,CURRENT,Thane West,SAHY0007184,2020-07-24,ACTIVE,36895.84,,
60213375479827,C000389,CURRENT,Kothrud,SAHY0002294,2021-09-22,ACTIVE,57981.09,yogesh.baner63@sahyadri,100000
60214844574048,C000390,SAVINGS,Andheri East,SAHY0002987,2022-01-16,ACTIVE,122836.30,amit.shah75@sahyadri,100000
60217979755673,C000391,SENIOR_SAVINGS,Andheri East,SAHY0002987,2025-12-20,ACTIVE,137758.60,nitin.jadha97@sahyadri,50000
60212187143020,C000392,SALARY,Kothrud,SAHY0002294,2013-08-23,ACTIVE,23817.24,sachin_bane47@sahyadri,100000
60219632724217,C000393,SAVINGS,Kothrud,SAHY0002294,2024-07-29,ACTIVE,91303.83,amitkale45@sahyadri,50000
60214105741788,C000394,SALARY,Kothrud,SAHY0002294,2019-05-21,ACTIVE,205917.12,gsawant9075@sahyadri,100000
60218047969327,C000394,SAVINGS,Kothrud,SAHY0002294,2021-05-10,ACTIVE,11015.58,5024179223@sahyadri,25000
60219202576867,C000395,SAVINGS,Dharampeth Nagpur,SAHY0005140,2013-03-24,ACTIVE,92849.80,jyoti.shinde39@sahyadri,100000
60215878345307,C000396,SALARY,Dharampeth Nagpur,SAHY0005140,2021-03-05,ACTIVE,180113.44,mrunal.thaku95@sahyadri,100000
60219663132790,C000397,CURRENT,Koramangala,SAHY0004797,2012-12-16,ACTIVE,41764.13,nsheikh3101@sahyadri,100000
60214057500134,C000398,SENIOR_SAVINGS,Kothrud,SAHY0002294,2020-11-12,ACTIVE,84112.99,pooja_bhos94@sahyadri,50000
60211296093277,C000399,SAVINGS,Andheri East,SAHY0002987,2025-05-23,ACTIVE,100570.76,skale594@sahyadri,100000
60214352119405,C000399,CURRENT,Andheri East,SAHY0002987,2026-05-05,ACTIVE,50223.77,,
60212909164593,C000400,SAVINGS,Kothrud,SAHY0002294,2026-03-10,ACTIVE,3175.48,nandini.bhosale28@sahyadri,50000
60219350776915,C000401,SAVINGS,Nashik Road,SAHY0009215,2021-07-30,ACTIVE,77279.24,anthony.gaikwad17@sahyadri,100000
60216315077188,C000402,SENIOR_SAVINGS,Kothrud,SAHY0002294,2017-01-09,ACTIVE,208075.09,shweta.reddy64@sahyadri,25000
60218815032830,C000403,SAVINGS,Dharampeth Nagpur,SAHY0005140,2016-11-20,ACTIVE,258852.41,zoya_saxe22@sahyadri,50000
60210750064486,C000403,CURRENT,Dharampeth Nagpur,SAHY0005140,2023-04-20,DORMANT,13138.50,,
60216872692496,C000404,SAVINGS,Kothrud,SAHY0002294,2020-03-31,ACTIVE,166739,madhurinaik909@sahyadri,50000
60217625705520,C000405,SALARY,Kothrud,SAHY0002294,2016-11-12,ACTIVE,67168.14,farah.shind33@sahyadri,100000
60219734019541,C000406,SALARY,Dharampeth Nagpur,SAHY0005140,2020-07-07,ACTIVE,116398.57,sunita.reddy24@sahyadri,50000
60215403526174,C000407,SAVINGS,Andheri East,SAHY0002987,2022-10-22,ACTIVE,82777.69,nitinshah323@sahyadri,100000
60210366368785,C000408,SAVINGS,Nashik Road,SAHY0009215,2014-05-11,DORMANT,4696.17,ssaxena2397@sahyadri,50000
60218888680654,C000409,SAVINGS,Malviya Nagar Jaipur,SAHY0001961,2023-01-16,ACTIVE,8512.29,tejaswini_josh44@sahyadri,50000
60214196678432,C000410,SAVINGS,Dharampeth Nagpur,SAHY0005140,2018-02-28,ACTIVE,204445.32,priya.yadav96@sahyadri,100000
60210963263948,C000411,SAVINGS,Vijay Nagar Indore,SAHY0004394,2025-07-29,ACTIVE,320573.35,kpandey5521@sahyadri,50000
60213041130593,C000412,SAVINGS,Andheri East,SAHY0002987,2015-07-13,ACTIVE,491844.63,suresh.nair14@sahyadri,50000
60214849850624,C000413,SAVINGS,Nashik Road,SAHY0009215,2015-08-27,DORMANT,44828.39,mahesh.mishra23@sahyadri,50000
60217664769760,C000414,SAVINGS,Nashik Road,SAHY0009215,2020-11-29,ACTIVE,207761.70,geeta_thak53@sahyadri,100000
60210975980156,C000414,CURRENT,Nashik Road,SAHY0009215,2025-04-25,DORMANT,26683.77,,
60219221221042,C000415,SAVINGS,Vijay Nagar Indore,SAHY0004394,2014-03-27,ACTIVE,202597.47,smenon5926@sahyadri,50000
60218645315863,C000416,SAVINGS,Kothrud,SAHY0002294,2026-05-14,ACTIVE,103519.06,omkar_salu67@sahyadri,100000
60213503834483,C000417,SAVINGS,Vijay Nagar Indore,SAHY0004394,2021-12-05,ACTIVE,89104.26,sneha.banerjee47@sahyadri,100000
60210677199726,C000417,SAVINGS,Vijay Nagar Indore,SAHY0004394,2022-08-15,ACTIVE,66897.64,,
60218856254518,C000418,SAVINGS,Banjara Hills,SAHY0003207,2019-09-11,ACTIVE,131757.08,ganesh.deshpande11@sahyadri,50000
60212561962058,C000418,SAVINGS,Banjara Hills,SAHY0003207,2021-09-29,ACTIVE,9255.27,,
60218725319658,C000419,SENIOR_SAVINGS,Kothrud,SAHY0002294,2021-02-15,ACTIVE,11983.88,josephgupta587@sahyadri,100000
60217565654907,C000419,SAVINGS,Kothrud,SAHY0002294,2023-07-18,ACTIVE,9282.96,,
60219836867591,C000420,SAVINGS,Thane West,SAHY0007184,2024-04-03,ACTIVE,84242.98,smita.yadav62@sahyadri,50000
60215986434170,C000421,SALARY,Navrangpura,SAHY0008491,2020-12-27,ACTIVE,68672.17,tushar.saxena97@sahyadri,100000
60211467323666,C000422,SAVINGS,Kothrud,SAHY0002294,2015-05-02,ACTIVE,115884.26,agokhale4217@sahyadri,100000
60219720140128,C000423,CURRENT,Banjara Hills,SAHY0003207,2012-11-14,ACTIVE,43941.75,divya.bhatt16@sahyadri,100000
60219404966679,C000424,SENIOR_SAVINGS,Andheri East,SAHY0002987,2013-02-06,ACTIVE,167633.07,revati.saxena72@sahyadri,50000
60212878870103,C000425,SALARY,Connaught Place,SAHY0007799,2014-11-07,ACTIVE,47513.56,sagariyer831@sahyadri,100000
60213196772321,C000426,SENIOR_SAVINGS,Dharampeth Nagpur,SAHY0005140,2014-02-17,ACTIVE,77253.02,smita_rao80@sahyadri,50000
60211869625045,C000427,SENIOR_SAVINGS,Vijay Nagar Indore,SAHY0004394,2012-05-14,ACTIVE,138568.31,sana_pawa57@sahyadri,100000
60211597099827,C000427,SAVINGS,Vijay Nagar Indore,SAHY0004394,2019-08-04,ACTIVE,42860.63,,
60214005112504,C000428,SALARY,Thane West,SAHY0007184,2022-05-27,ACTIVE,387522.18,sachin.pandey77@sahyadri,100000
60217094584839,C000429,SAVINGS,Malviya Nagar Jaipur,SAHY0001961,2020-12-28,ACTIVE,59437.39,hdas8220@sahyadri,100000
60211958330781,C000430,SALARY,Connaught Place,SAHY0007799,2025-09-20,ACTIVE,198690.32,yogesh_pawa81@sahyadri,100000
60215668957647,C000431,SAVINGS,Connaught Place,SAHY0007799,2021-03-31,ACTIVE,138737.07,revati.baner83@sahyadri,100000
60212892520449,C000432,SAVINGS,Andheri East,SAHY0002987,2020-03-20,ACTIVE,69085.48,kjadhav5108@sahyadri,100000
60212274754207,C000433,SAVINGS,Connaught Place,SAHY0007799,2020-04-15,ACTIVE,422905.65,keerthi_naid44@sahyadri,100000
60217837777060,C000434,SAVINGS,Malviya Nagar Jaipur,SAHY0001961,2016-12-24,ACTIVE,35620.21,sayali.shind75@sahyadri,50000
60216972681561,C000435,SAVINGS,Dharampeth Nagpur,SAHY0005140,2024-01-14,ACTIVE,4172.77,radha_redd59@sahyadri,10000
60212773783220,C000435,SAVINGS,Dharampeth Nagpur,SAHY0005140,2025-10-08,ACTIVE,11784.78,5756744619@sahyadri,25000
60210512703613,C000436,SENIOR_SAVINGS,Kothrud,SAHY0002294,2016-04-07,ACTIVE,25357.80,dinesh.desai53@sahyadri,50000
60210994825591,C000437,SAVINGS,Kothrud,SAHY0002294,2026-05-10,ACTIVE,6611.55,anil.rao79@sahyadri,50000
60211480595729,C000437,SAVINGS,Kothrud,SAHY0002294,2026-05-25,ACTIVE,62811.18,5520607478@sahyadri,25000
60216369938949,C000438,SALARY,Kothrud,SAHY0002294,2019-12-16,ACTIVE,189785.83,anil.menon25@sahyadri,100000
60211797365507,C000439,SAVINGS,Banjara Hills,SAHY0003207,2015-02-03,ACTIVE,126463.41,sana_desh98@sahyadri,50000
60210455940026,C000440,SAVINGS,Connaught Place,SAHY0007799,2019-01-18,ACTIVE,541775.92,joseph.pawar94@sahyadri,100000
60217585074980,C000441,SALARY,Kothrud,SAHY0002294,2016-01-05,ACTIVE,104626.03,arun.apte92@sahyadri,100000
60217123237980,C000442,SAVINGS,Kothrud,SAHY0002294,2019-12-24,ACTIVE,102382.73,asharma5015@sahyadri,100000
60219958221578,C000443,SALARY,Kothrud,SAHY0002294,2018-09-07,ACTIVE,238218.93,mrunal_kama52@sahyadri,50000
60213493305201,C000444,SAVINGS,Connaught Place,SAHY0007799,2020-11-18,ACTIVE,204446.93,ashabhatt616@sahyadri,50000
60214550846876,C000445,SALARY,Navrangpura,SAHY0008491,2025-01-19,ACTIVE,215300.17,pooja.sawan49@sahyadri,100000
60214943484933,C000446,SAVINGS,Connaught Place,SAHY0007799,2018-01-09,ACTIVE,76745.72,prakash.salunkhe26@sahyadri,100000
60217251608772,C000446,CURRENT,Connaught Place,SAHY0007799,2025-02-22,ACTIVE,57133.82,,
60219419348097,C000447,SALARY,Vijay Nagar Indore,SAHY0004394,2019-03-29,ACTIVE,237943.70,prakash.deshp82@sahyadri,100000
60218964408027,C000448,SENIOR_SAVINGS,Kothrud,SAHY0002294,2014-03-21,ACTIVE,97563.14,akamat5383@sahyadri,100000
60218031240261,C000449,SAVINGS,Thane West,SAHY0007184,2025-05-25,ACTIVE,167925.34,ddixit1096@sahyadri,100000
60215427406142,C000450,SENIOR_SAVINGS,Nashik Road,SAHY0009215,2022-09-18,ACTIVE,122957.56,smita_khan62@sahyadri,50000
60212107858779,C000451,SENIOR_SAVINGS,Kothrud,SAHY0002294,2020-05-21,ACTIVE,114276.96,dineshverma36@sahyadri,50000
60215096266846,C000452,SAVINGS,Koramangala,SAHY0004797,2014-12-22,ACTIVE,156819.33,harpreet_kada64@sahyadri,100000
60211258811997,C000453,SAVINGS,Kothrud,SAHY0002294,2023-09-17,ACTIVE,312264.20,vinayak.saxen95@sahyadri,100000
60210550776721,C000454,SENIOR_SAVINGS,Koramangala,SAHY0004797,2020-01-29,ACTIVE,80519.77,mahesh.shah66@sahyadri,50000
60213830775988,C000455,SALARY,Banjara Hills,SAHY0003207,2024-12-25,ACTIVE,239047.21,hemant.shah82@sahyadri,100000
60214937116590,C000456,SALARY,Kothrud,SAHY0002294,2021-07-06,ACTIVE,227348.43,ireddy3684@sahyadri,100000
60211067844938,C000457,SALARY,Kothrud,SAHY0002294,2016-01-22,ACTIVE,65956.85,pallavi_pill44@sahyadri,100000
60212298151229,C000458,SAVINGS,Thane West,SAHY0007184,2023-10-28,ACTIVE,125074.01,ganeshthakur25@sahyadri,100000
60215846059608,C000459,CURRENT,Kothrud,SAHY0002294,2024-08-20,ACTIVE,60369.73,girishdas887@sahyadri,100000
60218285352603,C000459,SAVINGS,Kothrud,SAHY0002294,2025-07-03,ACTIVE,49573.04,5673729247@sahyadri,25000
60216413342784,C000460,SAVINGS,Andheri East,SAHY0002987,2019-06-09,ACTIVE,28305.78,kunal.nair23@sahyadri,100000
60219340403086,C000461,SAVINGS,Koramangala,SAHY0004797,2023-03-29,ACTIVE,50208.73,ajay_shin99@sahyadri,100000
60217875370701,C000461,SAVINGS,Koramangala,SAHY0004797,2023-07-04,ACTIVE,18053.02,5241312870@sahyadri,25000
60218824033375,C000462,SENIOR_SAVINGS,Kothrud,SAHY0002294,2015-01-11,ACTIVE,226217.86,gurpreet_yada46@sahyadri,50000
60210392274218,C000463,SAVINGS,Kothrud,SAHY0002294,2020-09-22,ACTIVE,246940.99,venkat.patil29@sahyadri,50000
60219170938543,C000464,SAVINGS,Kothrud,SAHY0002294,2024-02-16,ACTIVE,1453.52,manisha.yadav86@sahyadri,10000
60214408348373,C000465,SENIOR_SAVINGS,Kothrud,SAHY0002294,2019-01-18,ACTIVE,112620.07,anjali_das53@sahyadri,50000
60210003535446,C000466,CURRENT,Malviya Nagar Jaipur,SAHY0001961,2024-08-07,ACTIVE,575095.59,vaishali.pande84@sahyadri,200000
60212981310257,C000467,SALARY,Andheri East,SAHY0002987,2021-09-09,ACTIVE,282071.50,manishabhatt494@sahyadri,100000
60215581843335,C000467,SAVINGS,Andheri East,SAHY0002987,2025-07-23,ACTIVE,30757.97,,
60216000017509,C000468,SENIOR_SAVINGS,Koramangala,SAHY0004797,2012-01-02,ACTIVE,53444.41,kavitathakur775@sahyadri,100000
60216797393653,C000469,SAVINGS,Andheri East,SAHY0002987,2025-03-07,ACTIVE,19139.31,ishita.verma53@sahyadri,100000
60219900785936,C000470,SENIOR_SAVINGS,Andheri East,SAHY0002987,2018-12-11,ACTIVE,116012.06,aniket.chava34@sahyadri,100000
60211136707365,C000471,CURRENT,Kothrud,SAHY0002294,2019-04-18,ACTIVE,155308.15,bhavanamenon28@sahyadri,200000
60216963732651,C000471,SAVINGS,Kothrud,SAHY0002294,2021-04-14,ACTIVE,38573.73,5021720002@sahyadri,25000
60211017931453,C000472,SENIOR_SAVINGS,Kothrud,SAHY0002294,2019-04-25,ACTIVE,183989.69,dkale5969@sahyadri,50000
60219630726390,C000473,SAVINGS,Thane West,SAHY0007184,2018-07-05,ACTIVE,287825.10,pjadhav4079@sahyadri,100000
60216379814555,C000474,SENIOR_SAVINGS,Malviya Nagar Jaipur,SAHY0001961,2024-02-02,ACTIVE,219061.64,vkulkarni7427@sahyadri,50000
60215134520556,C000475,SALARY,Andheri East,SAHY0002987,2024-12-10,ACTIVE,268381.44,lata_iyer36@sahyadri,50000
60214825821361,C000476,SALARY,Andheri East,SAHY0002987,2019-09-20,ACTIVE,4768.82,madhuri.iyer15@sahyadri,100000
60217834527738,C000477,SAVINGS,Vijay Nagar Indore,SAHY0004394,2015-06-02,ACTIVE,100991.18,ksharma3360@sahyadri,50000
60215517630677,C000478,SAVINGS,Hazratganj,SAHY0006176,2019-05-23,ACTIVE,232180.97,tushar.agarw99@sahyadri,50000
60219685132524,C000479,SAVINGS,Dharampeth Nagpur,SAHY0005140,2025-08-03,ACTIVE,168472.33,vaishali.pande83@sahyadri,100000
60216495496480,C000480,SAVINGS,Dharampeth Nagpur,SAHY0005140,2024-03-06,ACTIVE,118385.88,ishita.rao54@sahyadri,100000
60213952815508,C000481,SAVINGS,Kothrud,SAHY0002294,2021-04-13,ACTIVE,20130.20,parag_pill50@sahyadri,50000
60216673262283,C000482,SAVINGS,Banjara Hills,SAHY0003207,2014-10-10,ACTIVE,75685.96,sanjayagarwal481@sahyadri,100000
60212655532019,C000482,SAVINGS,Banjara Hills,SAHY0003207,2020-02-26,ACTIVE,96706.96,5603356126@sahyadri,25000
60216473779632,C000483,SENIOR_SAVINGS,Kothrud,SAHY0002294,2025-03-22,ACTIVE,46798.79,mangesh.bhatt94@sahyadri,50000
60215254191021,C000483,SAVINGS,Kothrud,SAHY0002294,2025-11-11,ACTIVE,99294.94,,
60216630521614,C000484,SAVINGS,Connaught Place,SAHY0007799,2015-12-16,ACTIVE,78297.41,siddharth.khan23@sahyadri,100000
60213042679855,C000485,SALARY,Andheri East,SAHY0002987,2018-12-22,ACTIVE,279434.30,rahul.gaikwad18@sahyadri,100000
60212394418710,C000486,CURRENT,Andheri East,SAHY0002987,2014-01-11,ACTIVE,21389.04,kkhan9920@sahyadri,200000
60217611109783,C000487,SAVINGS,Andheri East,SAHY0002987,2022-09-29,ACTIVE,165915.44,karthiksheikh671@sahyadri,50000
60219640722074,C000487,CURRENT,Andheri East,SAHY0002987,2023-06-12,ACTIVE,113269.02,,
60219818578735,C000488,SAVINGS,Andheri East,SAHY0002987,2014-01-17,ACTIVE,148124.29,srao3885@sahyadri,100000
60218423032657,C000489,SENIOR_SAVINGS,Malviya Nagar Jaipur,SAHY0001961,2022-08-12,ACTIVE,629656.92,hemant.gokha94@sahyadri,50000
60216022465572,C000490,SAVINGS,Andheri East,SAHY0002987,2018-04-21,ACTIVE,240330.22,smita.baner36@sahyadri,100000
60211699697887,C000491,SAVINGS,Nashik Road,SAHY0009215,2018-10-05,ACTIVE,18091.10,ashok_shar25@sahyadri,50000
60212656551871,C000492,SALARY,Nashik Road,SAHY0009215,2022-09-30,ACTIVE,86045.27,akshaykadam822@sahyadri,50000
60217490804551,C000493,SAVINGS,Kothrud,SAHY0002294,2016-12-02,ACTIVE,185807.57,deepak_apte36@sahyadri,50000
60217733592297,C000494,SAVINGS,Kothrud,SAHY0002294,2023-12-16,ACTIVE,21197.77,harleen.gaikwad63@sahyadri,100000
60211941969806,C000495,SALARY,Koramangala,SAHY0004797,2012-01-01,ACTIVE,194869.61,lakshmi_redd20@sahyadri,100000
60219047212499,C000496,CURRENT,Kothrud,SAHY0002294,2022-08-09,ACTIVE,324098.99,radha.dixit39@sahyadri,100000
60216024264232,C000497,SAVINGS,Koramangala,SAHY0004797,2017-05-21,ACTIVE,39015.76,rohini.jadhav13@sahyadri,100000
60215105186334,C000498,SAVINGS,Kothrud,SAHY0002294,2017-03-07,ACTIVE,53216.65,meena.deshmukh58@sahyadri,100000
60211635265831,C000499,SALARY,Andheri East,SAHY0002987,2025-06-30,ACTIVE,110066.37,vwagh2693@sahyadri,100000
60214934768665,C000500,SAVINGS,Vijay Nagar Indore,SAHY0004394,2022-09-30,ACTIVE,246520.79,mnair3308@sahyadri,100000
60214695203104,C000501,SALARY,Connaught Place,SAHY0007799,2016-06-08,ACTIVE,102043.78,latakadam936@sahyadri,50000
60210998158569,C000502,SALARY,Thane West,SAHY0007184,2025-06-11,ACTIVE,258358.76,nisha.saxena18@sahyadri,100000
60210713999492,C000503,SAVINGS,Connaught Place,SAHY0007799,2013-03-10,ACTIVE,9860.35,pooja.khan91@sahyadri,50000
60210931824979,C000504,SAVINGS,Kothrud,SAHY0002294,2025-09-01,ACTIVE,4731.64,rahul.bhatt16@sahyadri,50000
60211650594783,C000505,SAVINGS,Koramangala,SAHY0004797,2025-11-22,ACTIVE,17891.99,amore1373@sahyadri,100000
60216867902924,C000506,SALARY,Nashik Road,SAHY0009215,2023-01-25,ACTIVE,7734.68,omkar.chava45@sahyadri,100000
60218077147893,C000507,SALARY,Nashik Road,SAHY0009215,2023-02-06,ACTIVE,166790.74,averma8156@sahyadri,100000
60214176203501,C000508,CURRENT,Andheri East,SAHY0002987,2012-03-14,ACTIVE,282219.21,pranav_jadh77@sahyadri,100000
60218012499003,C000509,SAVINGS,Navrangpura,SAHY0008491,2025-11-14,ACTIVE,41987.87,smitasheikh963@sahyadri,50000
60216220193654,C000510,SENIOR_SAVINGS,Kothrud,SAHY0002294,2023-05-13,ACTIVE,28568.02,usha.chavan16@sahyadri,100000
60211879519461,C000511,CURRENT,Kothrud,SAHY0002294,2023-07-17,ACTIVE,385853.24,revati_kulk12@sahyadri,100000
60215698619000,C000512,SENIOR_SAVINGS,Andheri East,SAHY0002987,2025-05-31,ACTIVE,125740.45,srinivas.mehta96@sahyadri,50000
60210210118040,C000513,CURRENT,Kothrud,SAHY0002294,2017-03-16,ACTIVE,104481.85,madhuripillai841@sahyadri,200000
60218133786842,C000513,SAVINGS,Kothrud,SAHY0002294,2022-04-22,ACTIVE,85792.18,5038550777@sahyadri,25000
60214263943084,C000514,SAVINGS,Connaught Place,SAHY0007799,2016-05-21,ACTIVE,120138.05,priya.iyer26@sahyadri,100000
60219780550039,C000514,CURRENT,Connaught Place,SAHY0007799,2019-07-27,ACTIVE,19774.70,,
60217353878902,C000515,SAVINGS,Nashik Road,SAHY0009215,2022-09-14,ACTIVE,118080.88,vikram.iyer53@sahyadri,50000
60215921414177,C000516,CURRENT,Andheri East,SAHY0002987,2016-06-27,ACTIVE,97575.43,lata.patil87@sahyadri,200000
60211739883440,C000517,SAVINGS,Kothrud,SAHY0002294,2021-12-16,ACTIVE,7036.79,skale8004@sahyadri,50000
60215063189112,C000518,SAVINGS,Kothrud,SAHY0002294,2021-04-25,ACTIVE,14183.98,keerthi.banerjee63@sahyadri,50000
60219571986027,C000519,SAVINGS,Banjara Hills,SAHY0003207,2021-05-20,ACTIVE,61202.17,gurdeep_gokh17@sahyadri,100000
60218565690718,C000520,SENIOR_SAVINGS,Banjara Hills,SAHY0003207,2012-04-13,ACTIVE,166041.27,dinesh_gaik74@sahyadri,25000
60210842652618,C000521,SAVINGS,Koramangala,SAHY0004797,2025-03-21,ACTIVE,47654.01,gurpreet.menon20@sahyadri,50000
60213843761419,C000522,SENIOR_SAVINGS,Kothrud,SAHY0002294,2017-07-23,ACTIVE,194298.24,venkat.singh89@sahyadri,100000
60212987552222,C000523,SALARY,Vijay Nagar Indore,SAHY0004394,2023-04-08,ACTIVE,154835.30,gsaxena3238@sahyadri,50000
60215019667107,C000524,SALARY,Banjara Hills,SAHY0003207,2017-07-07,ACTIVE,28881.18,girish_mish57@sahyadri,100000
60216706501770,C000524,SAVINGS,Banjara Hills,SAHY0003207,2019-11-18,ACTIVE,4207.82,,
60217315828676,C000525,SAVINGS,Kothrud,SAHY0002294,2021-11-06,ACTIVE,73690.79,aditya.nair33@sahyadri,100000
60215378881843,C000526,SAVINGS,Banjara Hills,SAHY0003207,2013-10-27,ACTIVE,88244.49,mrunal_shin83@sahyadri,100000
60216564285359,C000527,SALARY,Banjara Hills,SAHY0003207,2020-08-21,ACTIVE,108209.18,arun.sharma76@sahyadri,100000
60214176598717,C000528,SAVINGS,Andheri East,SAHY0002987,2013-10-11,ACTIVE,9050.84,tejaswini.chava40@sahyadri,100000
60212041004195,C000529,SENIOR_SAVINGS,Connaught Place,SAHY0007799,2016-01-06,ACTIVE,20149.81,sureshmishra171@sahyadri,25000
60217216876844,C000530,SAVINGS,Kothrud,SAHY0002294,2012-08-08,ACTIVE,37964.15,nitin_mane82@sahyadri,50000
60210627866672,C000531,SALARY,Andheri East,SAHY0002987,2013-11-27,ACTIVE,129998.36,omkar.bhosa53@sahyadri,50000
60213240699056,C000532,SALARY,Thane West,SAHY0007184,2024-02-23,ACTIVE,203020.33,meena_bane79@sahyadri,100000
60212995959558,C000533,SENIOR_SAVINGS,Hazratganj,SAHY0006176,2015-07-10,ACTIVE,58914.97,dinesh.jadha52@sahyadri,25000
60216079583010,C000533,SAVINGS,Hazratganj,SAHY0006176,2015-11-05,ACTIVE,41489.12,,
60217104651604,C000534,SAVINGS,Kothrud,SAHY0002294,2024-02-27,ACTIVE,54028.73,sunilreddy554@sahyadri,100000
60211832739428,C000535,SENIOR_SAVINGS,Kothrud,SAHY0002294,2016-12-03,ACTIVE,179052.54,archana.desai12@sahyadri,25000
60216494165541,C000536,SAVINGS,Kothrud,SAHY0002294,2021-05-31,ACTIVE,69288.18,vikram_gaik77@sahyadri,50000
60214292085202,C000537,SAVINGS,Nashik Road,SAHY0009215,2024-08-26,ACTIVE,5081.84,swati.pandey91@sahyadri,50000
60211897966313,C000538,SENIOR_SAVINGS,Navrangpura,SAHY0008491,2023-03-15,ACTIVE,371467.66,seemareddy657@sahyadri,50000
60214952405543,C000539,SAVINGS,Kothrud,SAHY0002294,2022-11-01,ACTIVE,5740.61,ykhan2403@sahyadri,100000
60213530735161,C000540,SAVINGS,Malviya Nagar Jaipur,SAHY0001961,2013-11-26,ACTIVE,79752.01,keerthimishra410@sahyadri,100000
60219697293971,C000541,SALARY,Navrangpura,SAHY0008491,2016-10-04,ACTIVE,109038.04,faisal_pill38@sahyadri,100000
60212577455810,C000542,CURRENT,Dharampeth Nagpur,SAHY0005140,2018-09-26,ACTIVE,110714.92,djadhav2264@sahyadri,100000
60215628751457,C000542,SAVINGS,Dharampeth Nagpur,SAHY0005140,2021-01-08,DORMANT,15388.70,,
60216944486970,C000543,SAVINGS,Andheri East,SAHY0002987,2015-02-12,ACTIVE,46666.30,venkat.gokhale96@sahyadri,100000
60217078709421,C000544,SAVINGS,Hazratganj,SAHY0006176,2023-02-03,ACTIVE,92311.27,tejaswini_more82@sahyadri,100000
60215887327485,C000545,SAVINGS,Kothrud,SAHY0002294,2024-07-19,FROZEN,25248.97,arun_dixi99@sahyadri,100000
60219501711182,C000546,SALARY,Thane West,SAHY0007184,2017-08-22,ACTIVE,95225.72,vdesai5785@sahyadri,100000
60218271288184,C000547,SENIOR_SAVINGS,Kothrud,SAHY0002294,2023-01-31,ACTIVE,271700.78,venkat.kulka20@sahyadri,50000
60213356985465,C000548,SAVINGS,Nashik Road,SAHY0009215,2012-02-01,DORMANT,11358.05,arun.pandey89@sahyadri,50000
60215842775532,C000549,SALARY,Connaught Place,SAHY0007799,2022-09-05,ACTIVE,260613.56,shalini_sawa52@sahyadri,100000
60215244359747,C000550,SAVINGS,Navrangpura,SAHY0008491,2022-05-05,ACTIVE,80719.62,lata_meno16@sahyadri,50000
60213095415569,C000551,CURRENT,Banjara Hills,SAHY0003207,2013-01-28,ACTIVE,55323.61,seema_mish89@sahyadri,100000
60210400366383,C000552,SALARY,Koramangala,SAHY0004797,2012-04-10,ACTIVE,123081.56,rgokhale5427@sahyadri,100000
60215367100224,C000553,SALARY,Andheri East,SAHY0002987,2015-02-16,ACTIVE,239119.35,seema.agarwal58@sahyadri,50000
60215764162985,C000554,SENIOR_SAVINGS,Thane West,SAHY0007184,2016-01-16,ACTIVE,150431.40,parag.gupta40@sahyadri,50000
60217299306646,C000555,SENIOR_SAVINGS,Navrangpura,SAHY0008491,2022-01-21,ACTIVE,175698.43,usha.desai37@sahyadri,50000
60217275859399,C000556,SALARY,Kothrud,SAHY0002294,2024-09-22,ACTIVE,14849.59,keerthi.shind43@sahyadri,100000
60214640614960,C000557,SALARY,Vijay Nagar Indore,SAHY0004394,2024-11-18,ACTIVE,103270.07,mahesh.verma61@sahyadri,100000
60219903625025,C000558,SAVINGS,Andheri East,SAHY0002987,2026-05-27,ACTIVE,3693.60,rajesh.saxen48@sahyadri,25000
60218599874378,C000559,SAVINGS,Vijay Nagar Indore,SAHY0004394,2026-05-25,ACTIVE,12963.98,jmane6054@sahyadri,50000
60215339645947,C000560,SALARY,Navrangpura,SAHY0008491,2018-07-02,ACTIVE,264104.17,smita.rao70@sahyadri,100000
60216762671451,C000561,SENIOR_SAVINGS,Kothrud,SAHY0002294,2013-09-05,ACTIVE,176006.39,shwetasheikh551@sahyadri,25000
60214487443305,C000562,SENIOR_SAVINGS,Andheri East,SAHY0002987,2012-08-21,ACTIVE,205728.58,amit.deshm73@sahyadri,100000
60211350916706,C000563,SAVINGS,Thane West,SAHY0007184,2024-11-19,ACTIVE,186965.69,ajay_desh34@sahyadri,100000
60214221803945,C000564,SAVINGS,Thane West,SAHY0007184,2014-08-07,ACTIVE,185906.37,saritasheikh39@sahyadri,100000
60218664468720,C000565,CURRENT,Kothrud,SAHY0002294,2018-03-06,ACTIVE,144144.78,kavita.nair11@sahyadri,100000
60213315652552,C000566,SAVINGS,Andheri East,SAHY0002987,2024-06-19,ACTIVE,72871.78,pallavi.kulkarni78@sahyadri,10000
60212910620783,C000567,SENIOR_SAVINGS,Koramangala,SAHY0004797,2012-02-22,ACTIVE,130989.13,sneha_tiwa49@sahyadri,100000
60213769804042,C000568,SALARY,Andheri East,SAHY0002987,2021-03-28,ACTIVE,132006.16,geeta.khan49@sahyadri,50000
60212693602279,C000569,SAVINGS,Navrangpura,SAHY0008491,2022-08-29,ACTIVE,82472.74,harpreet_apte19@sahyadri,100000
60216356054813,C000570,SALARY,Navrangpura,SAHY0008491,2012-12-18,ACTIVE,197199.11,sunil.shind44@sahyadri,100000
60212882907820,C000571,SALARY,Banjara Hills,SAHY0003207,2018-11-08,ACTIVE,209227.30,kavita.verma23@sahyadri,100000
60219163349539,C000572,SALARY,Kothrud,SAHY0002294,2022-11-12,ACTIVE,64936.10,revati.mehta83@sahyadri,100000
60211116967479,C000573,CURRENT,Thane West,SAHY0007184,2024-10-26,ACTIVE,126213.65,tusharapte208@sahyadri,200000
60215857500952,C000574,SENIOR_SAVINGS,Andheri East,SAHY0002987,2012-03-27,ACTIVE,103084.38,rekha.mishra33@sahyadri,100000
60214857559813,C000575,SAVINGS,Vijay Nagar Indore,SAHY0004394,2026-02-14,ACTIVE,3919.19,tjoshi9919@sahyadri,100000
60218517369470,C000575,SAVINGS,Vijay Nagar Indore,SAHY0004394,2026-04-11,ACTIVE,50408.46,5237820799@sahyadri,25000
60212768870911,C000576,SENIOR_SAVINGS,Koramangala,SAHY0004797,2025-05-30,ACTIVE,85347.44,ashok.wagh36@sahyadri,100000
60217816851524,C000577,SAVINGS,Andheri East,SAHY0002987,2020-11-29,ACTIVE,109392.92,knair1364@sahyadri,100000
60217054594991,C000578,SALARY,Andheri East,SAHY0002987,2017-05-06,ACTIVE,101840.09,swati_pawa40@sahyadri,50000
60212671483301,C000579,SENIOR_SAVINGS,Navrangpura,SAHY0008491,2016-06-26,ACTIVE,25078.47,meena_das37@sahyadri,25000
60212297015661,C000580,SENIOR_SAVINGS,Banjara Hills,SAHY0003207,2013-12-31,ACTIVE,244736.34,swati.gupta73@sahyadri,50000
60216124805707,C000581,SALARY,Kothrud,SAHY0002294,2013-11-20,ACTIVE,168352.23,ishita.saxen91@sahyadri,100000
60215100373620,C000582,SAVINGS,Kothrud,SAHY0002294,2024-05-07,ACTIVE,78218.35,anitakulkarni637@sahyadri,50000
60218390725137,C000583,SENIOR_SAVINGS,Kothrud,SAHY0002294,2021-11-28,ACTIVE,22735.39,aniketdas663@sahyadri,50000
60218041305026,C000584,SAVINGS,Koramangala,SAHY0004797,2015-03-10,ACTIVE,56402.81,venkat.bhatt59@sahyadri,100000
60211941572951,C000585,SAVINGS,Kothrud,SAHY0002294,2019-10-09,ACTIVE,103636.27,akshay.jadha95@sahyadri,50000
60210010218754,C000585,SAVINGS,Kothrud,SAHY0002294,2020-09-17,ACTIVE,6840.26,5184517882@sahyadri,25000
60218281584602,C000586,SAVINGS,Andheri East,SAHY0002987,2012-12-18,ACTIVE,8342.10,mrunal.das90@sahyadri,100000
60211725258894,C000586,CURRENT,Andheri East,SAHY0002987,2023-03-03,ACTIVE,69363.82,,
60215289277426,C000587,SAVINGS,Andheri East,SAHY0002987,2026-05-15,ACTIVE,7438.50,neha_shah89@sahyadri,25000
60219360134678,C000588,CURRENT,Kothrud,SAHY0002294,2022-01-31,ACTIVE,261767.72,pooja_sing63@sahyadri,100000
60218821929443,C000589,SAVINGS,Kothrud,SAHY0002294,2025-09-25,ACTIVE,2419.38,aniket_sing61@sahyadri,10000
60212882472857,C000590,SENIOR_SAVINGS,Andheri East,SAHY0002987,2020-10-23,ACTIVE,100426.84,anil.agarwal34@sahyadri,100000
60218729222677,C000591,SAVINGS,Koramangala,SAHY0004797,2024-08-10,ACTIVE,55820.32,shalini.patil44@sahyadri,100000
60215853009371,C000591,SAVINGS,Koramangala,SAHY0004797,2025-07-27,ACTIVE,65976.17,5342770199@sahyadri,25000
60215859567095,C000592,SALARY,Vijay Nagar Indore,SAHY0004394,2015-09-04,ACTIVE,147655.84,gurdeeppatil580@sahyadri,50000
60214969436481,C000592,SAVINGS,Vijay Nagar Indore,SAHY0004394,2021-01-28,ACTIVE,49230.59,,
60218612854347,C000593,SAVINGS,Andheri East,SAHY0002987,2024-09-27,ACTIVE,33739.18,vijaynaidu411@sahyadri,50000
60212013493657,C000594,CURRENT,Nashik Road,SAHY0009215,2015-04-10,ACTIVE,36701.56,vaishaliagarwal267@sahyadri,100000
60219403864519,C000595,CURRENT,Banjara Hills,SAHY0003207,2016-05-31,ACTIVE,187969.96,deepak.kamat92@sahyadri,100000
60215693579397,C000596,SALARY,Malviya Nagar Jaipur,SAHY0001961,2017-02-06,ACTIVE,356080.98,karthiksalunkhe913@sahyadri,50000
60215687447085,C000597,SAVINGS,Navrangpura,SAHY0008491,2019-11-13,ACTIVE,105267.15,arunmore423@sahyadri,100000
60216786714240,C000598,SALARY,Kothrud,SAHY0002294,2016-04-16,ACTIVE,99527.45,manisha.gokha52@sahyadri,100000
60218586543276,C000599,SAVINGS,Hazratganj,SAHY0006176,2020-01-12,ACTIVE,4389.34,sayali.iyer36@sahyadri,100000
60219783806083,C000600,SAVINGS,Andheri East,SAHY0002987,2025-02-18,ACTIVE,242988.98,ajay.naik87@sahyadri,50000
60219809601385,C000601,SAVINGS,Connaught Place,SAHY0007799,2025-12-10,ACTIVE,181627.97,akulkarni8943@sahyadri,100000
60215093957948,C000602,SAVINGS,Thane West,SAHY0007184,2025-09-14,ACTIVE,9550.45,anilsaxena516@sahyadri,25000
60216671977368,C000602,SAVINGS,Thane West,SAHY0007184,2026-05-15,DORMANT,4827.02,,
60213222274543,C000603,CURRENT,Kothrud,SAHY0002294,2015-08-26,ACTIVE,120539.55,lata_desa14@sahyadri,100000
60210388314392,C000604,SENIOR_SAVINGS,Kothrud,SAHY0002294,2023-08-09,DORMANT,62499.49,siddharth_redd84@sahyadri,50000
60213707904023,C000604,SAVINGS,Kothrud,SAHY0002294,2026-01-14,ACTIVE,30608.37,,
60219392888290,C000605,SAVINGS,Banjara Hills,SAHY0003207,2023-04-18,ACTIVE,441439.13,harishkhan321@sahyadri,50000
60210960288334,C000605,SAVINGS,Banjara Hills,SAHY0003207,2024-04-15,DORMANT,3901.52,,
60214410884314,C000606,SAVINGS,Kothrud,SAHY0002294,2026-01-03,ACTIVE,8930.89,anjaligokhale190@sahyadri,50000
60217084165804,C000607,SAVINGS,Connaught Place,SAHY0007799,2020-03-22,ACTIVE,131088.68,sverma5109@sahyadri,100000
60218459163436,C000608,SAVINGS,Kothrud,SAHY0002294,2019-08-19,ACTIVE,278041.17,harish.iyer25@sahyadri,100000
60211620129036,C000609,CURRENT,Banjara Hills,SAHY0003207,2015-10-24,ACTIVE,116173.20,keerthi.kale61@sahyadri,200000
60218638871820,C000610,CURRENT,Banjara Hills,SAHY0003207,2025-02-04,ACTIVE,77400.15,ashok_rao56@sahyadri,200000
60210283132055,C000611,SAVINGS,Kothrud,SAHY0002294,2023-04-04,ACTIVE,155453.28,keerthi.nair54@sahyadri,50000
60210102521068,C000612,SALARY,Thane West,SAHY0007184,2020-08-29,ACTIVE,71498.25,rohit.saxena25@sahyadri,50000
60213103464448,C000613,SALARY,Kothrud,SAHY0002294,2016-01-23,ACTIVE,195187.87,harpreetrao257@sahyadri,100000
60215244983252,C000614,SENIOR_SAVINGS,Malviya Nagar Jaipur,SAHY0001961,2021-07-09,ACTIVE,63360.32,usha.naidu55@sahyadri,100000
60219056262419,C000615,SAVINGS,Andheri East,SAHY0002987,2023-10-18,ACTIVE,99944.45,keerthi.sharma35@sahyadri,100000
60214681432221,C000615,CURRENT,Andheri East,SAHY0002987,2024-05-01,ACTIVE,11654.28,,
60211618885422,C000616,SAVINGS,Connaught Place,SAHY0007799,2018-09-06,ACTIVE,321796.62,deepa.thaku51@sahyadri,50000
60216639041235,C000617,SAVINGS,Andheri East,SAHY0002987,2019-05-23,ACTIVE,90190.58,omkar.mishra98@sahyadri,50000
60212113173386,C000618,SENIOR_SAVINGS,Andheri East,SAHY0002987,2025-05-08,ACTIVE,167743.86,vinayak.bhosa95@sahyadri,100000
60215102273309,C000619,SAVINGS,Vijay Nagar Indore,SAHY0004394,2014-09-13,DORMANT,33435.03,radha.chavan58@sahyadri,50000
60212074522791,C000620,SENIOR_SAVINGS,Koramangala,SAHY0004797,2025-04-27,DORMANT,69479.44,shalini_kale93@sahyadri,25000
60217002908029,C000621,SENIOR_SAVINGS,Kothrud,SAHY0002294,2025-09-30,ACTIVE,106120.72,vdeshpande74@sahyadri,25000
60213354165521,C000622,SENIOR_SAVINGS,Kothrud,SAHY0002294,2020-03-12,ACTIVE,119332.17,girish.desai98@sahyadri,50000
60212843852231,C000622,SAVINGS,Kothrud,SAHY0002294,2024-11-19,ACTIVE,33674.79,,
60217987348589,C000623,SAVINGS,Kothrud,SAHY0002294,2015-02-15,ACTIVE,70409.05,vijay.naidu40@sahyadri,100000
60215937613022,C000624,SAVINGS,Kothrud,SAHY0002294,2018-08-20,ACTIVE,191019.28,arundas998@sahyadri,100000
60210887694728,C000625,SALARY,Kothrud,SAHY0002294,2018-12-30,ACTIVE,84215.67,aarti.more37@sahyadri,100000
60219838886196,C000626,SAVINGS,Kothrud,SAHY0002294,2022-04-11,ACTIVE,203545.81,aditya.kadam27@sahyadri,100000
60215066138189,C000627,SAVINGS,Koramangala,SAHY0004797,2025-03-10,ACTIVE,98835.21,ganesh_das10@sahyadri,50000
60212256343172,C000628,SALARY,Nashik Road,SAHY0009215,2013-05-03,ACTIVE,85541.48,vandana.pandey54@sahyadri,100000
60210416527358,C000629,SAVINGS,Nashik Road,SAHY0009215,2025-06-22,ACTIVE,14055.56,divya.kale76@sahyadri,50000
60214080749138,C000630,SAVINGS,Kothrud,SAHY0002294,2022-06-25,ACTIVE,117098.15,harleen_verm61@sahyadri,100000
60212419819338,C000631,SENIOR_SAVINGS,Kothrud,SAHY0002294,2014-12-04,ACTIVE,139351.14,sunilmore837@sahyadri,100000
60212741433364,C000631,SAVINGS,Kothrud,SAHY0002294,2023-06-15,ACTIVE,15832.12,,
60212990423107,C000632,SALARY,Andheri East,SAHY0002987,2025-05-16,ACTIVE,174872.90,nitin.patil72@sahyadri,100000
60217755127300,C000633,SAVINGS,Thane West,SAHY0007184,2018-05-05,ACTIVE,22781.29,anil.patil44@sahyadri,100000
60216426181214,C000634,SALARY,Banjara Hills,SAHY0003207,2017-12-26,ACTIVE,142876.42,dineshpatil950@sahyadri,100000
60215126280645,C000635,SAVINGS,Malviya Nagar Jaipur,SAHY0001961,2024-08-16,ACTIVE,156499.64,geeta.shind42@sahyadri,100000
60210125115427,C000636,SAVINGS,Kothrud,SAHY0002294,2022-06-29,ACTIVE,128251.33,smishra5021@sahyadri,50000
60217623676754,C000637,SENIOR_SAVINGS,Thane West,SAHY0007184,2022-06-29,ACTIVE,84717,sagar.salun41@sahyadri,25000
60218977668568,C000638,CURRENT,Dharampeth Nagpur,SAHY0005140,2016-07-13,ACTIVE,42523.35,seema_bane65@sahyadri,200000
60213198326279,C000639,SAVINGS,Kothrud,SAHY0002294,2017-12-03,ACTIVE,146457.74,rmishra4489@sahyadri,100000
60217002255512,C000639,SAVINGS,Kothrud,SAHY0002294,2021-07-04,ACTIVE,54228.62,5240782977@sahyadri,25000
60213959111076,C000640,CURRENT,Dharampeth Nagpur,SAHY0005140,2020-01-09,ACTIVE,232036.49,hemant.sharma71@sahyadri,200000
60219332369810,C000641,SAVINGS,Koramangala,SAHY0004797,2020-02-09,ACTIVE,284361.56,smehta7108@sahyadri,50000
60212522083190,C000642,SAVINGS,Kothrud,SAHY0002294,2025-09-23,ACTIVE,8766.74,madhurishinde358@sahyadri,25000
60216138367665,C000642,SAVINGS,Kothrud,SAHY0002294,2026-04-22,ACTIVE,35262.93,5830820429@sahyadri,25000
60210754285563,C000643,SALARY,Connaught Place,SAHY0007799,2023-07-10,ACTIVE,96820.58,ajay_pill84@sahyadri,100000
60217891338815,C000644,SAVINGS,Nashik Road,SAHY0009215,2024-02-21,ACTIVE,120478.99,vaishalikamat508@sahyadri,50000
60214572698569,C000645,SAVINGS,Kothrud,SAHY0002294,2025-03-23,ACTIVE,188633.81,aniket_gupt96@sahyadri,100000
60218555365714,C000646,SAVINGS,Andheri East,SAHY0002987,2017-05-15,ACTIVE,122651.70,nmore936@sahyadri,100000
60217438889276,C000647,SAVINGS,Vijay Nagar Indore,SAHY0004394,2014-10-03,ACTIVE,470375.58,chinmay_das99@sahyadri,100000
60213390407783,C000647,SAVINGS,Vijay Nagar Indore,SAHY0004394,2017-12-17,DORMANT,5836.86,,
60213043686375,C000648,CURRENT,Kothrud,SAHY0002294,2014-04-10,ACTIVE,318925.72,tushar.joshi23@sahyadri,100000
60212576049722,C000649,SAVINGS,Kothrud,SAHY0002294,2025-08-30,ACTIVE,511598.02,lakshmi.shinde45@sahyadri,100000
60215420414585,C000650,CURRENT,Navrangpura,SAHY0008491,2024-11-27,ACTIVE,194410.39,suresh.patil82@sahyadri,100000
60219596344408,C000651,SALARY,Banjara Hills,SAHY0003207,2013-05-07,ACTIVE,65954.97,asaxena7131@sahyadri,50000
60216638543788,C000652,SAVINGS,Andheri East,SAHY0002987,2017-08-17,ACTIVE,13566.99,jyoti_shah62@sahyadri,100000
60215201139126,C000653,SAVINGS,Thane West,SAHY0007184,2013-05-13,ACTIVE,52777.31,rsharma2609@sahyadri,100000
60219718752165,C000654,SAVINGS,Kothrud,SAHY0002294,2011-10-28,ACTIVE,20985.30,rupaliapte869@sahyadri,100000
60219455102860,C000655,SALARY,Koramangala,SAHY0004797,2021-04-29,ACTIVE,156701.13,sanjay.iyer80@sahyadri,100000
60216214422265,C000656,SAVINGS,Connaught Place,SAHY0007799,2022-06-12,ACTIVE,178365.71,anjali.desai71@sahyadri,100000
60219002236213,C000657,SALARY,Koramangala,SAHY0004797,2023-07-09,ACTIVE,413354.18,rameshnaidu475@sahyadri,100000
60212131138250,C000658,SAVINGS,Andheri East,SAHY0002987,2020-11-21,DORMANT,46270.77,chinmay_gokh50@sahyadri,50000
60217261919538,C000659,SAVINGS,Connaught Place,SAHY0007799,2023-11-03,ACTIVE,1442.09,lata.wagh45@sahyadri,25000
60219144929057,C000660,SAVINGS,Banjara Hills,SAHY0003207,2013-03-24,ACTIVE,82939.16,karthikmehta800@sahyadri,100000
60216025845394,C000661,SAVINGS,Kothrud,SAHY0002294,2012-03-09,ACTIVE,90831.55,rameshpandey473@sahyadri,50000
60212688308996,C000662,SALARY,Dharampeth Nagpur,SAHY0005140,2021-05-08,ACTIVE,151574.52,pooja.deshp43@sahyadri,100000
60215339301342,C000663,SENIOR_SAVINGS,Koramangala,SAHY0004797,2018-09-21,ACTIVE,132140.16,vikram_agar42@sahyadri,50000
60218727287158,C000663,SAVINGS,Koramangala,SAHY0004797,2024-01-15,ACTIVE,95307.25,,
60213200082164,C000664,SALARY,Kothrud,SAHY0002294,2014-11-27,ACTIVE,180691.12,gurdeepmenon254@sahyadri,100000
60219311363568,C000664,SAVINGS,Kothrud,SAHY0002294,2016-04-29,DORMANT,4498.25,,
60210432589805,C000665,SENIOR_SAVINGS,Kothrud,SAHY0002294,2020-06-10,ACTIVE,47587.22,maheshmore907@sahyadri,25000
60211783144311,C000666,SALARY,Kothrud,SAHY0002294,2013-07-21,ACTIVE,177929.55,pranav_wagh43@sahyadri,100000
60211403646634,C000667,SENIOR_SAVINGS,Banjara Hills,SAHY0003207,2019-04-04,ACTIVE,264429.78,rajesh.more58@sahyadri,100000
60212810681780,C000668,SALARY,Banjara Hills,SAHY0003207,2025-07-10,ACTIVE,62370.98,harpreetdeshmukh404@sahyadri,100000
60219499535825,C000669,SAVINGS,Koramangala,SAHY0004797,2021-07-02,ACTIVE,145440.80,akshay.more35@sahyadri,50000
60212711812552,C000670,SALARY,Thane West,SAHY0007184,2019-04-14,ACTIVE,147781.22,sdeshpande250@sahyadri,100000
60219332241743,C000671,SENIOR_SAVINGS,Kothrud,SAHY0002294,2024-03-12,ACTIVE,23786.03,tsheikh2408@sahyadri,50000
60213258036155,C000672,SALARY,Thane West,SAHY0007184,2023-10-23,ACTIVE,124718.05,zpatil9354@sahyadri,100000
60213123613816,C000673,SENIOR_SAVINGS,Thane West,SAHY0007184,2021-08-05,ACTIVE,133941.16,sagar_shah59@sahyadri,50000
60211712580318,C000674,SENIOR_SAVINGS,Kothrud,SAHY0002294,2023-08-21,ACTIVE,199603.75,chinmay.tiwari72@sahyadri,25000
60212740788427,C000675,SENIOR_SAVINGS,Nashik Road,SAHY0009215,2016-12-22,ACTIVE,39328.14,rekha.mane55@sahyadri,50000
60217502222334,C000676,SENIOR_SAVINGS,Kothrud,SAHY0002294,2014-03-28,ACTIVE,100826.96,anjali.sawan55@sahyadri,50000
60215595377650,C000677,SENIOR_SAVINGS,Kothrud,SAHY0002294,2014-07-31,ACTIVE,125232.09,tejaswinisawant38@sahyadri,25000
60211692487622,C000678,SAVINGS,Kothrud,SAHY0002294,2025-02-10,DORMANT,15185.38,sana_desh48@sahyadri,50000
60219715848540,C000678,SAVINGS,Kothrud,SAHY0002294,2026-05-15,ACTIVE,8049.15,,
60218290531860,C000679,SALARY,Kothrud,SAHY0002294,2019-05-26,ACTIVE,147260.61,anaik6292@sahyadri,50000
60212852416729,C000680,SALARY,Malviya Nagar Jaipur,SAHY0001961,2013-10-04,ACTIVE,175104.16,aditya.tiwar39@sahyadri,100000
60216976074828,C000681,SAVINGS,Nashik Road,SAHY0009215,2019-03-10,ACTIVE,93181.98,akshay.chavan93@sahyadri,50000
60214317701286,C000682,SAVINGS,Andheri East,SAHY0002987,2026-01-25,ACTIVE,9246.08,kunal.kamat27@sahyadri,25000
60211328150603,C000682,SAVINGS,Andheri East,SAHY0002987,2026-02-14,ACTIVE,49228.13,5504476616@sahyadri,25000
60215144034694,C000683,SALARY,Dharampeth Nagpur,SAHY0005140,2024-11-03,ACTIVE,235514.48,yogesh.dixit50@sahyadri,100000
60214098845633,C000684,SAVINGS,Kothrud,SAHY0002294,2022-07-12,ACTIVE,10927.65,manisha.mehta56@sahyadri,100000
60217425099896,C000685,CURRENT,Andheri East,SAHY0002987,2016-01-08,ACTIVE,378678.51,rohit.sheikh71@sahyadri,200000
60213349738113,C000686,CURRENT,Connaught Place,SAHY0007799,2011-11-26,ACTIVE,80991.77,manisha.patil74@sahyadri,100000
60210540542902,C000687,SAVINGS,Navrangpura,SAHY0008491,2021-01-03,ACTIVE,38594.67,ashok.pawar32@sahyadri,100000
60213910356295,C000688,SALARY,Andheri East,SAHY0002987,2024-12-11,ACTIVE,119641.31,anita.apte69@sahyadri,100000
60210027969473,C000689,SAVINGS,Hazratganj,SAHY0006176,2017-12-02,ACTIVE,192751,amit.baner31@sahyadri,100000
60219480545704,C000690,SALARY,Navrangpura,SAHY0008491,2016-10-21,ACTIVE,162761.22,aniket.saxen66@sahyadri,50000
60212682685095,C000691,SAVINGS,Kothrud,SAHY0002294,2020-03-24,ACTIVE,483372.81,anthony.more28@sahyadri,100000
60214516745725,C000692,SAVINGS,Andheri East,SAHY0002987,2015-10-26,ACTIVE,196312.83,sunilnair594@sahyadri,100000
60212126434370,C000692,SAVINGS,Andheri East,SAHY0002987,2025-11-30,DORMANT,19836.98,,
60219680257781,C000693,SALARY,Navrangpura,SAHY0008491,2024-10-02,ACTIVE,134121.68,yogesh.banerjee26@sahyadri,100000
60218100533289,C000694,SAVINGS,Andheri East,SAHY0002987,2016-11-11,ACTIVE,13487.84,poojamehta857@sahyadri,100000
60214929136390,C000695,SAVINGS,Andheri East,SAHY0002987,2025-11-08,ACTIVE,136579.83,deepa.dixit68@sahyadri,100000
60216797716017,C000696,SAVINGS,Connaught Place,SAHY0007799,2021-03-13,ACTIVE,492037.69,rohit.singh63@sahyadri,100000
60213377013899,C000697,SENIOR_SAVINGS,Thane West,SAHY0007184,2016-07-15,ACTIVE,155662.99,aarti_kama88@sahyadri,25000
60219297265891,C000698,SAVINGS,Banjara Hills,SAHY0003207,2019-08-31,ACTIVE,77275.94,harleen.nair86@sahyadri,50000
60216759849818,C000699,SAVINGS,Koramangala,SAHY0004797,2019-11-28,ACTIVE,163234.94,venkat.choudhary99@sahyadri,100000
60217792862236,C000700,SAVINGS,Kothrud,SAHY0002294,2024-09-20,ACTIVE,219385.44,chinmaybhosale38@sahyadri,50000
60211711599235,C000701,SAVINGS,Andheri East,SAHY0002987,2018-03-23,ACTIVE,110973.44,geeta.deshpande83@sahyadri,100000
60213567524225,C000702,SENIOR_SAVINGS,Nashik Road,SAHY0009215,2012-11-25,ACTIVE,260956.44,vikram_desh83@sahyadri,25000
60217902974828,C000702,SAVINGS,Nashik Road,SAHY0009215,2018-06-11,ACTIVE,28140.55,,
60215565252590,C000703,SAVINGS,Andheri East,SAHY0002987,2026-03-16,ACTIVE,125982.99,awagh815@sahyadri,100000
60210187797422,C000704,SALARY,Andheri East,SAHY0002987,2019-11-21,ACTIVE,149718.78,divya_pill43@sahyadri,100000
60211641129947,C000705,SAVINGS,Kothrud,SAHY0002294,2014-06-27,ACTIVE,102222.68,manojyadav7@sahyadri,100000
60215551181067,C000706,SENIOR_SAVINGS,Connaught Place,SAHY0007799,2017-05-15,ACTIVE,162013.16,kunalchoudhary756@sahyadri,25000
60213779473706,C000707,SAVINGS,Kothrud,SAHY0002294,2014-06-10,ACTIVE,61544.24,venkat.iyer76@sahyadri,100000
60211374908449,C000708,SALARY,Connaught Place,SAHY0007799,2023-06-12,ACTIVE,172327.31,sunilmenon344@sahyadri,100000
60212872338125,C000709,SAVINGS,Navrangpura,SAHY0008491,2023-05-01,ACTIVE,70843.21,bhavana.tiwar14@sahyadri,50000
60216991659682,C000710,SAVINGS,Thane West,SAHY0007184,2022-12-17,ACTIVE,64459.67,harish.agarwal48@sahyadri,25000
60215033599247,C000711,SAVINGS,Kothrud,SAHY0002294,2018-01-18,ACTIVE,154132.04,faisal.pande26@sahyadri,50000
60217128931374,C000711,CURRENT,Kothrud,SAHY0002294,2024-10-11,ACTIVE,7642.52,,
60212146909472,C000712,SAVINGS,Koramangala,SAHY0004797,2019-02-02,ACTIVE,57209.21,farahchoudhary269@sahyadri,50000
60215149783568,C000713,SAVINGS,Kothrud,SAHY0002294,2014-09-17,ACTIVE,75770.44,manoj.thaku30@sahyadri,100000
60219526125282,C000714,SAVINGS,Koramangala,SAHY0004797,2019-07-09,ACTIVE,125433.77,averma3517@sahyadri,50000
60217912398372,C000715,SAVINGS,Kothrud,SAHY0002294,2018-10-20,ACTIVE,77484.93,smita_chav33@sahyadri,100000
60211092693548,C000715,SAVINGS,Kothrud,SAHY0002294,2021-09-03,ACTIVE,3193.53,,
60219407996141,C000716,SALARY,Kothrud,SAHY0002294,2023-08-27,ACTIVE,160618.12,yogesh_josh48@sahyadri,50000
60219537389083,C000717,SALARY,Andheri East,SAHY0002987,2012-12-19,ACTIVE,178034.60,rohini.gaikw84@sahyadri,100000
60214211232698,C000718,SENIOR_SAVINGS,Kothrud,SAHY0002294,2018-10-11,ACTIVE,132303.04,siddharth.naik74@sahyadri,25000
60215793701270,C000719,SAVINGS,Kothrud,SAHY0002294,2022-10-09,ACTIVE,395363.82,rahul.salun59@sahyadri,100000
60215307098748,C000719,CURRENT,Kothrud,SAHY0002294,2022-11-25,DORMANT,25333.32,,
60213763698261,C000720,SAVINGS,Malviya Nagar Jaipur,SAHY0001961,2021-03-20,ACTIVE,17968.58,skamat307@sahyadri,100000
60210553220823,C000721,SENIOR_SAVINGS,Andheri East,SAHY0002987,2021-09-15,DORMANT,35951.84,girish.rao84@sahyadri,50000
60214221049301,C000721,SAVINGS,Andheri East,SAHY0002987,2025-01-14,ACTIVE,18342.10,5140073390@sahyadri,25000
60219097704566,C000722,SENIOR_SAVINGS,Hazratganj,SAHY0006176,2012-07-03,ACTIVE,142985.84,swati.gaikw80@sahyadri,25000
60215762294340,C000723,SALARY,Kothrud,SAHY0002294,2021-01-08,ACTIVE,95375.22,kunal.reddy81@sahyadri,100000
60217714923193,C000724,SALARY,Kothrud,SAHY0002294,2022-01-29,ACTIVE,276894.32,pooja.nair81@sahyadri,100000
60219026289831,C000725,SAVINGS,Kothrud,SAHY0002294,2025-04-07,ACTIVE,13043.48,dinesh.reddy36@sahyadri,100000
60218794608802,C000726,SALARY,Banjara Hills,SAHY0003207,2024-06-07,ACTIVE,210750.50,sana_salu98@sahyadri,50000
60219570001687,C000727,SALARY,Koramangala,SAHY0004797,2022-04-03,ACTIVE,130314.57,gkadam6382@sahyadri,50000
60216919001457,C000727,SAVINGS,Koramangala,SAHY0004797,2026-03-15,ACTIVE,66975.69,,
60219380063495,C000728,SENIOR_SAVINGS,Dharampeth Nagpur,SAHY0005140,2020-07-21,ACTIVE,251969.22,hemant_verm44@sahyadri,100000
60213191820893,C000728,SAVINGS,Dharampeth Nagpur,SAHY0005140,2024-09-21,DORMANT,28429.74,,
60219089748990,C000729,CURRENT,Hazratganj,SAHY0006176,2021-03-03,DORMANT,31665.40,vthakur3947@sahyadri,100000
60213324551230,C000730,SENIOR_SAVINGS,Malviya Nagar Jaipur,SAHY0001961,2021-01-01,ACTIVE,217284.81,kunalbhosale487@sahyadri,25000
60210451861015,C000731,SAVINGS,Kothrud,SAHY0002294,2013-09-03,ACTIVE,83165.64,hemant_thak66@sahyadri,100000
60213154205514,C000731,CURRENT,Kothrud,SAHY0002294,2022-10-17,ACTIVE,121914.31,5955632227@sahyadri,25000
60215212842689,C000732,SAVINGS,Connaught Place,SAHY0007799,2015-01-15,ACTIVE,146454.93,usha.kadam43@sahyadri,100000
60219398644910,C000733,SAVINGS,Connaught Place,SAHY0007799,2018-03-06,ACTIVE,51095.52,mrunal.mishr87@sahyadri,100000
60218308059987,C000734,SENIOR_SAVINGS,Thane West,SAHY0007184,2022-09-22,ACTIVE,51391.71,zoya.gokha20@sahyadri,50000
60216839688320,C000735,SAVINGS,Navrangpura,SAHY0008491,2023-02-09,ACTIVE,136913.32,anita.patil48@sahyadri,100000
60211082302222,C000736,SALARY,Kothrud,SAHY0002294,2025-09-23,ACTIVE,26963.86,anjalimishra891@sahyadri,100000
60211388661136,C000737,SALARY,Navrangpura,SAHY0008491,2025-05-09,ACTIVE,333539.65,rohini_kulk32@sahyadri,100000
60218933432817,C000737,SAVINGS,Navrangpura,SAHY0008491,2025-06-28,ACTIVE,12171.10,,
60216740291797,C000738,SAVINGS,Kothrud,SAHY0002294,2015-10-07,ACTIVE,70984.09,rnaidu4250@sahyadri,100000
60217511353588,C000739,SALARY,Malviya Nagar Jaipur,SAHY0001961,2014-05-31,ACTIVE,76672.42,mrunal_bane14@sahyadri,100000
60219398281335,C000740,SAVINGS,Dharampeth Nagpur,SAHY0005140,2023-01-15,ACTIVE,12872.17,jyoti.singh83@sahyadri,10000
60210986409883,C000741,SAVINGS,Navrangpura,SAHY0008491,2024-04-15,ACTIVE,133847.47,saritapandey899@sahyadri,100000
60210508082435,C000742,SAVINGS,Connaught Place,SAHY0007799,2012-12-09,ACTIVE,118511.45,deepakmane90@sahyadri,50000
60215631389264,C000743,SENIOR_SAVINGS,Kothrud,SAHY0002294,2025-11-21,ACTIVE,121457.83,dmehta7399@sahyadri,50000
60216941921041,C000743,SAVINGS,Kothrud,SAHY0002294,2026-04-02,ACTIVE,52230.19,5077780756@sahyadri,25000
60211932587971,C000744,SAVINGS,Nashik Road,SAHY0009215,2016-04-09,ACTIVE,108247.75,seema.saxen22@sahyadri,100000
60214364700066,C000745,SAVINGS,Hazratganj,SAHY0006176,2023-03-28,ACTIVE,156207.48,kchavan8005@sahyadri,50000
60214977375221,C000746,SENIOR_SAVINGS,Kothrud,SAHY0002294,2024-08-06,ACTIVE,187873.09,faisal_desh85@sahyadri,100000
60217322424428,C000747,SAVINGS,Connaught Place,SAHY0007799,2012-10-06,ACTIVE,39063.05,tejaswini_chav15@sahyadri,50000
60217134784788,C000748,SAVINGS,Malviya Nagar Jaipur,SAHY0001961,2020-04-06,ACTIVE,200755.66,ajay.nair19@sahyadri,100000
60217311042166,C000748,SAVINGS,Malviya Nagar Jaipur,SAHY0001961,2025-11-22,DORMANT,5691.13,,
60211827761432,C000749,SALARY,Hazratganj,SAHY0006176,2022-02-14,ACTIVE,36363.26,skulkarni8932@sahyadri,100000
60217639307207,C000749,SAVINGS,Hazratganj,SAHY0006176,2025-10-03,ACTIVE,67570.92,,
60215120645293,C000750,SAVINGS,Kothrud,SAHY0002294,2025-06-26,ACTIVE,8218.86,radha.kamat10@sahyadri,10000
60218241167450,C000751,SAVINGS,Koramangala,SAHY0004797,2023-06-22,ACTIVE,81224.58,deepabanerjee31@sahyadri,100000
60213393655123,C000752,SAVINGS,Kothrud,SAHY0002294,2011-12-16,ACTIVE,36791.84,ishita.singh87@sahyadri,100000
60217861804355,C000752,CURRENT,Kothrud,SAHY0002294,2021-10-04,DORMANT,8587.51,,
60216548196489,C000753,SALARY,Dharampeth Nagpur,SAHY0005140,2015-06-06,ACTIVE,161955.64,bhavana_yada59@sahyadri,100000
60215240421849,C000754,SAVINGS,Kothrud,SAHY0002294,2025-12-02,ACTIVE,211052.23,faisal_pill60@sahyadri,100000
60214330965661,C000755,SAVINGS,Andheri East,SAHY0002987,2019-07-23,ACTIVE,25408.43,shwetanaik307@sahyadri,100000
60215371027411,C000756,SALARY,Malviya Nagar Jaipur,SAHY0001961,2013-03-01,ACTIVE,200957.20,viyer6795@sahyadri,100000
60219148097422,C000757,CURRENT,Vijay Nagar Indore,SAHY0004394,2024-02-13,ACTIVE,12820.49,gurpreet.bhatt90@sahyadri,100000
60218380958667,C000757,SAVINGS,Vijay Nagar Indore,SAHY0004394,2025-12-20,ACTIVE,23826.65,,
60219171313009,C000758,SAVINGS,Connaught Place,SAHY0007799,2022-03-29,ACTIVE,180824.14,madhuri_saxe22@sahyadri,50000
60217915623655,C000759,SENIOR_SAVINGS,Connaught Place,SAHY0007799,2019-10-26,ACTIVE,140741.48,girish.gaikwad67@sahyadri,25000
60218705109919,C000760,SALARY,Malviya Nagar Jaipur,SAHY0001961,2022-09-29,ACTIVE,104507.13,vikram_kada84@sahyadri,100000
60217367645989,C000761,SAVINGS,Navrangpura,SAHY0008491,2013-09-12,ACTIVE,171089.30,sachin.shind23@sahyadri,100000
60215213298322,C000762,SENIOR_SAVINGS,Kothrud,SAHY0002294,2021-05-04,ACTIVE,83015.45,komalpandey379@sahyadri,50000
60216345788453,C000763,SALARY,Vijay Nagar Indore,SAHY0004394,2019-03-10,ACTIVE,69658.53,anita.bhosale47@sahyadri,100000
60211798890489,C000764,SAVINGS,Kothrud,SAHY0002294,2016-09-09,ACTIVE,87852.69,keerthipawar89@sahyadri,50000
60212605160640,C000765,SENIOR_SAVINGS,Andheri East,SAHY0002987,2025-07-13,ACTIVE,126339.05,lakshmi.shinde52@sahyadri,100000
60211962932669,C000765,SAVINGS,Andheri East,SAHY0002987,2026-05-11,ACTIVE,70000.69,5709742866@sahyadri,25000
60212133252123,C000766,SAVINGS,Vijay Nagar Indore,SAHY0004394,2020-09-08,ACTIVE,403078.35,spillai6748@sahyadri,100000
60211624846142,C000767,SENIOR_SAVINGS,Kothrud,SAHY0002294,2014-06-21,ACTIVE,143498.91,tushar.khan63@sahyadri,50000
60217165996513,C000768,SAVINGS,Kothrud,SAHY0002294,2025-09-19,ACTIVE,4888.82,neha.agarwal11@sahyadri,10000
60210035007053,C000769,SALARY,Thane West,SAHY0007184,2019-07-12,ACTIVE,102995.70,imranrao77@sahyadri,50000
60215004110804,C000770,SAVINGS,Banjara Hills,SAHY0003207,2021-02-15,ACTIVE,8277.98,harleen.nair24@sahyadri,100000
60217089050501,C000771,SAVINGS,Kothrud,SAHY0002294,2013-07-30,ACTIVE,115694.28,deepak_apte66@sahyadri,100000
60215702396857,C000772,SENIOR_SAVINGS,Koramangala,SAHY0004797,2023-06-10,ACTIVE,226465.62,vijay.pande90@sahyadri,100000
60218550703153,C000772,SAVINGS,Koramangala,SAHY0004797,2024-07-11,ACTIVE,21717.34,5862535593@sahyadri,25000
60213384981816,C000773,SAVINGS,Kothrud,SAHY0002294,2022-05-28,ACTIVE,8840.32,anjali_bhat63@sahyadri,50000
60210722673192,C000774,SAVINGS,Kothrud,SAHY0002294,2025-07-29,DORMANT,24289.64,rahul.gaikw41@sahyadri,100000
60217795437808,C000775,SALARY,Banjara Hills,SAHY0003207,2020-05-27,ACTIVE,239686.85,seema_kama54@sahyadri,100000
60212848774787,C000776,SENIOR_SAVINGS,Andheri East,SAHY0002987,2024-11-05,ACTIVE,306503.18,nandini_naid83@sahyadri,50000
60215143706265,C000777,SENIOR_SAVINGS,Andheri East,SAHY0002987,2019-10-26,ACTIVE,206734.70,hapte447@sahyadri,25000
60212099954176,C000778,CURRENT,Kothrud,SAHY0002294,2018-06-28,ACTIVE,47668.27,harpreet.nair93@sahyadri,200000
60219403123895,C000779,SAVINGS,Connaught Place,SAHY0007799,2019-03-25,ACTIVE,212241.87,ssalunkhe8713@sahyadri,100000
60217296150247,C000780,SAVINGS,Kothrud,SAHY0002294,2024-04-27,ACTIVE,62038.10,athakur1761@sahyadri,50000
60211260688652,C000780,SAVINGS,Kothrud,SAHY0002294,2025-11-12,DORMANT,3621.01,,
60217137964022,C000781,SENIOR_SAVINGS,Hazratganj,SAHY0006176,2020-02-22,ACTIVE,124314.33,akshay_shin15@sahyadri,50000
60211606498575,C000781,SAVINGS,Hazratganj,SAHY0006176,2023-01-10,ACTIVE,83219.62,5532798845@sahyadri,25000
60213459965891,C000782,SALARY,Navrangpura,SAHY0008491,2014-03-20,ACTIVE,207025.47,kunal.kulka47@sahyadri,100000
60211855209654,C000782,SAVINGS,Navrangpura,SAHY0008491,2023-02-25,ACTIVE,9155.75,5135197352@sahyadri,25000
60211729367161,C000783,SENIOR_SAVINGS,Andheri East,SAHY0002987,2022-06-11,ACTIVE,59968.49,nandini_thak86@sahyadri,25000
60218984925878,C000784,SAVINGS,Andheri East,SAHY0002987,2017-07-23,ACTIVE,131188.38,rohitnaik758@sahyadri,100000
60216655824785,C000785,SALARY,Kothrud,SAHY0002294,2018-07-05,ACTIVE,212191.93,harleen.pawar87@sahyadri,50000
60212157409607,C000786,SAVINGS,Kothrud,SAHY0002294,2019-02-28,ACTIVE,128384.75,amitapte234@sahyadri,100000
60217012458354,C000787,SENIOR_SAVINGS,Vijay Nagar Indore,SAHY0004394,2021-10-21,FROZEN,88611.40,mahesh_khan16@sahyadri,50000
60218959950277,C000787,SAVINGS,Vijay Nagar Indore,SAHY0004394,2023-07-14,ACTIVE,40695.01,,
60217790175357,C000788,SALARY,Andheri East,SAHY0002987,2022-05-12,ACTIVE,110623.70,deepak.rao30@sahyadri,50000
60216418024153,C000789,CURRENT,Connaught Place,SAHY0007799,2015-10-21,DORMANT,240007.82,zoya.sawan67@sahyadri,100000
60210493006302,C000790,SALARY,Kothrud,SAHY0002294,2021-05-08,ACTIVE,211850.09,sanjay.more27@sahyadri,100000
60215873333747,C000790,SAVINGS,Kothrud,SAHY0002294,2023-11-30,ACTIVE,50472.48,,
60214124399884,C000791,SALARY,Dharampeth Nagpur,SAHY0005140,2020-04-11,ACTIVE,621577.49,anthonysharma418@sahyadri,100000
60218275448745,C000792,SAVINGS,Navrangpura,SAHY0008491,2026-02-13,ACTIVE,189421.28,pdixit6003@sahyadri,100000
60216416433846,C000793,CURRENT,Dharampeth Nagpur,SAHY0005140,2016-02-27,ACTIVE,280754.58,anil_apte18@sahyadri,100000
60213854559386,C000794,SALARY,Vijay Nagar Indore,SAHY0004394,2012-02-24,ACTIVE,35292.98,abhijit.singh56@sahyadri,100000
60216196808500,C000795,SAVINGS,Connaught Place,SAHY0007799,2019-11-11,ACTIVE,17102.31,djadhav7294@sahyadri,100000
60216700822779,C000796,SAVINGS,Andheri East,SAHY0002987,2026-05-29,ACTIVE,3755.74,deepa.khan59@sahyadri,10000
60215409677547,C000797,SALARY,Kothrud,SAHY0002294,2016-02-29,ACTIVE,355598.60,rajesh.gupta56@sahyadri,100000
60210337020215,C000798,SAVINGS,Malviya Nagar Jaipur,SAHY0001961,2023-07-28,ACTIVE,144856.69,rupaliiyer130@sahyadri,100000
60214456123603,C000799,SAVINGS,Nashik Road,SAHY0009215,2016-10-09,ACTIVE,53083.04,abhijit_shah25@sahyadri,100000
60213519947881,C000800,SALARY,Kothrud,SAHY0002294,2016-05-04,ACTIVE,172190.01,spatil9053@sahyadri,100000
60216423344119,C000800,SAVINGS,Kothrud,SAHY0002294,2018-11-23,ACTIVE,11660.47,,
60212436375802,C000801,SAVINGS,Kothrud,SAHY0002294,2023-04-30,ACTIVE,43834.72,latadeshpande961@sahyadri,50000
60215579675471,C000802,SENIOR_SAVINGS,Andheri East,SAHY0002987,2018-09-06,ACTIVE,166155.09,gurpreet.joshi50@sahyadri,100000
60216642494540,C000803,SAVINGS,Malviya Nagar Jaipur,SAHY0001961,2016-06-29,ACTIVE,320450.96,shalini.desai52@sahyadri,100000
60218963128532,C000804,SAVINGS,Andheri East,SAHY0002987,2025-10-11,ACTIVE,29978.82,nisha_josh38@sahyadri,100000
60210894236696,C000805,SENIOR_SAVINGS,Dharampeth Nagpur,SAHY0005140,2023-12-18,ACTIVE,137611.85,iyadav9127@sahyadri,50000
60214720097742,C000806,SAVINGS,Dharampeth Nagpur,SAHY0005140,2015-11-11,ACTIVE,83786.25,kkadam170@sahyadri,100000
60213828649007,C000807,SENIOR_SAVINGS,Andheri East,SAHY0002987,2025-06-11,ACTIVE,95563.24,vijay.apte23@sahyadri,25000
60212705090450,C000808,CURRENT,Koramangala,SAHY0004797,2021-01-12,ACTIVE,278505.21,suresh_gokh35@sahyadri,100000
60210146859524,C000809,SALARY,Hazratganj,SAHY0006176,2017-08-17,ACTIVE,149295.91,revati_gokh33@sahyadri,100000
60211509261930,C000810,SALARY,Kothrud,SAHY0002294,2026-03-05,ACTIVE,119650.76,sunita.reddy21@sahyadri,50000
60215147785700,C000811,SENIOR_SAVINGS,Dharampeth Nagpur,SAHY0005140,2016-07-11,ACTIVE,160539.72,vijay_meht69@sahyadri,50000
60214062062913,C000812,SAVINGS,Kothrud,SAHY0002294,2015-07-06,ACTIVE,78601.13,joseph.pawar85@sahyadri,50000
60216936548075,C000813,CURRENT,Koramangala,SAHY0004797,2015-10-29,ACTIVE,195364.26,dinesh.mehta70@sahyadri,100000
60219173482586,C000814,SALARY,Vijay Nagar Indore,SAHY0004394,2014-04-08,ACTIVE,100022.57,pooja.kale76@sahyadri,50000
60217435463442,C000815,SALARY,Kothrud,SAHY0002294,2025-09-21,ACTIVE,167055.17,tejaswini_thak42@sahyadri,100000
60214260679245,C000815,SAVINGS,Kothrud,SAHY0002294,2026-03-04,ACTIVE,53931.82,,
60218760444353,C000816,SALARY,Kothrud,SAHY0002294,2018-08-08,ACTIVE,373854.05,karthikpandey486@sahyadri,100000
60213236974495,C000817,CURRENT,Navrangpura,SAHY0008491,2020-02-29,ACTIVE,57664.61,abhosale9097@sahyadri,100000
60217027256898,C000818,SALARY,Kothrud,SAHY0002294,2014-02-11,ACTIVE,87022.29,anthony.naidu80@sahyadri,100000
60211421796374,C000819,SENIOR_SAVINGS,Vijay Nagar Indore,SAHY0004394,2022-05-10,ACTIVE,235179.96,manoj.rao83@sahyadri,50000
60213818552511,C000820,SALARY,Andheri East,SAHY0002987,2015-12-16,ACTIVE,106191.24,spillai2066@sahyadri,100000
60212480829399,C000820,SAVINGS,Andheri East,SAHY0002987,2019-08-24,ACTIVE,24283.32,5324023179@sahyadri,25000
60214374807322,C000821,SENIOR_SAVINGS,Nashik Road,SAHY0009215,2017-02-01,ACTIVE,374595.66,kunal_mish23@sahyadri,50000
60211330375329,C000822,SENIOR_SAVINGS,Navrangpura,SAHY0008491,2022-07-31,ACTIVE,86235.60,siddharth.deshmukh50@sahyadri,25000
60214494770100,C000823,SENIOR_SAVINGS,Koramangala,SAHY0004797,2024-12-12,ACTIVE,203624.53,anthonyjadhav715@sahyadri,50000
60211159955497,C000823,SAVINGS,Koramangala,SAHY0004797,2025-05-13,DORMANT,18329.30,,
60219384457902,C000824,SENIOR_SAVINGS,Andheri East,SAHY0002987,2025-09-26,ACTIVE,377166.50,rkhan2451@sahyadri,50000
60212059196562,C000825,SAVINGS,Koramangala,SAHY0004797,2024-01-07,ACTIVE,13415.43,yogeshkadam322@sahyadri,100000
60212845471471,C000826,CURRENT,Kothrud,SAHY0002294,2017-01-25,ACTIVE,522871.75,rsharma3726@sahyadri,100000
60217344596006,C000826,SAVINGS,Kothrud,SAHY0002294,2022-12-31,DORMANT,44589.55,,
60216757598081,C000827,SAVINGS,Navrangpura,SAHY0008491,2016-02-06,ACTIVE,32385.62,keerthipawar301@sahyadri,100000
60218133275842,C000828,SALARY,Dharampeth Nagpur,SAHY0005140,2016-10-05,ACTIVE,150899.84,archana_redd46@sahyadri,100000
60210881203472,C000829,CURRENT,Hazratganj,SAHY0006176,2021-09-25,ACTIVE,207406.27,hemant.singh84@sahyadri,200000
60217194561238,C000829,SAVINGS,Hazratganj,SAHY0006176,2022-02-20,DORMANT,8705.46,,
60212689079412,C000830,SAVINGS,Malviya Nagar Jaipur,SAHY0001961,2013-12-27,ACTIVE,305148.29,kunalsaxena989@sahyadri,100000
60217089323938,C000831,SALARY,Koramangala,SAHY0004797,2018-03-19,ACTIVE,199772.98,pooja_sing62@sahyadri,100000
60213515708767,C000832,SAVINGS,Dharampeth Nagpur,SAHY0005140,2013-05-21,ACTIVE,7182.56,nandini.kale69@sahyadri,100000
60214452076450,C000833,SALARY,Kothrud,SAHY0002294,2019-03-23,ACTIVE,248515.77,anitasaxena35@sahyadri,50000
60211128911155,C000834,SAVINGS,Nashik Road,SAHY0009215,2016-02-26,ACTIVE,123004.30,harish_khan66@sahyadri,100000
60219046927925,C000835,SALARY,Kothrud,SAHY0002294,2025-01-20,ACTIVE,97554.65,faisal_meht33@sahyadri,100000
60210597082643,C000836,CURRENT,Connaught Place,SAHY0007799,2012-08-14,ACTIVE,143976.58,ksalunkhe789@sahyadri,100000
60219085902243,C000837,SAVINGS,Koramangala,SAHY0004797,2012-11-09,ACTIVE,463178.30,mahesh.yadav86@sahyadri,100000
60215042924003,C000838,SALARY,Kothrud,SAHY0002294,2021-05-17,ACTIVE,273627.81,aarti.saxen64@sahyadri,100000
60211467091980,C000838,SAVINGS,Kothrud,SAHY0002294,2024-10-27,ACTIVE,45861.10,,
60216455208713,C000839,SAVINGS,Andheri East,SAHY0002987,2015-10-09,ACTIVE,12012.93,lkulkarni5649@sahyadri,100000
60216645957975,C000840,SAVINGS,Connaught Place,SAHY0007799,2021-05-01,ACTIVE,46959.32,msheikh7337@sahyadri,50000
60213465968139,C000841,SENIOR_SAVINGS,Connaught Place,SAHY0007799,2018-03-25,ACTIVE,152944.12,bhavana.jadha64@sahyadri,25000
60215069573206,C000842,SAVINGS,Andheri East,SAHY0002987,2013-03-07,DORMANT,140772.41,rupali.singh83@sahyadri,100000
60211688775936,C000843,SAVINGS,Vijay Nagar Indore,SAHY0004394,2020-06-29,ACTIVE,45215.71,sanawagh110@sahyadri,100000
60217989075723,C000844,SAVINGS,Andheri East,SAHY0002987,2024-11-30,ACTIVE,186814.08,bhavana_desa19@sahyadri,50000
60217529462932,C000845,SENIOR_SAVINGS,Kothrud,SAHY0002294,2023-09-17,ACTIVE,279721,vaishali_kama59@sahyadri,50000
60217678819062,C000846,SENIOR_SAVINGS,Navrangpura,SAHY0008491,2018-03-11,ACTIVE,190715.09,priya.salun34@sahyadri,50000
60210814856950,C000847,CURRENT,Connaught Place,SAHY0007799,2020-11-13,ACTIVE,221128.96,seema.desai19@sahyadri,100000
60219598467579,C000848,SENIOR_SAVINGS,Andheri East,SAHY0002987,2015-10-20,ACTIVE,83823.33,sagar_thak71@sahyadri,25000
60213010487116,C000848,SAVINGS,Andheri East,SAHY0002987,2024-11-07,DORMANT,25005.36,,
60219388146874,C000849,CURRENT,Kothrud,SAHY0002294,2023-04-12,ACTIVE,125648.15,keerthi.thakur24@sahyadri,100000
60218518259441,C000850,SAVINGS,Dharampeth Nagpur,SAHY0005140,2012-09-29,ACTIVE,123054.38,sayali.mehta68@sahyadri,100000
60219213131676,C000851,SAVINGS,Andheri East,SAHY0002987,2018-05-04,ACTIVE,307500.83,bhavana.salun94@sahyadri,50000
60213268859912,C000852,SAVINGS,Nashik Road,SAHY0009215,2020-01-02,ACTIVE,89187.30,zoya.das48@sahyadri,100000
60217659234364,C000853,SAVINGS,Connaught Place,SAHY0007799,2023-03-04,ACTIVE,299143.43,rupali.gupta82@sahyadri,100000
60219525566924,C000853,CURRENT,Connaught Place,SAHY0007799,2023-03-05,ACTIVE,9747.85,,
60218533233585,C000854,SALARY,Kothrud,SAHY0002294,2019-06-23,ACTIVE,104046.39,chinmay.bhosa32@sahyadri,50000
60217740069560,C000855,SALARY,Thane West,SAHY0007184,2018-03-01,ACTIVE,198003.91,ashadeshmukh588@sahyadri,100000
60215424661079,C000856,SAVINGS,Koramangala,SAHY0004797,2018-04-03,ACTIVE,35474.70,riyer1307@sahyadri,100000
60218129819076,C000857,SAVINGS,Nashik Road,SAHY0009215,2025-02-18,ACTIVE,196193.76,pbanerjee2316@sahyadri,100000
60216105930518,C000858,SENIOR_SAVINGS,Kothrud,SAHY0002294,2017-11-02,ACTIVE,130780.73,prakashsharma685@sahyadri,100000
60213180253106,C000859,SENIOR_SAVINGS,Kothrud,SAHY0002294,2013-01-24,ACTIVE,178156.23,omkar.deshpande56@sahyadri,25000
60214167150483,C000860,SALARY,Kothrud,SAHY0002294,2014-07-27,ACTIVE,56759.19,sagar.reddy62@sahyadri,100000
60219469035569,C000861,SENIOR_SAVINGS,Kothrud,SAHY0002294,2025-12-22,ACTIVE,100698.47,pkulkarni8933@sahyadri,100000
60210630450036,C000862,SAVINGS,Andheri East,SAHY0002987,2021-01-01,ACTIVE,117036.01,harpreet.bhatt21@sahyadri,50000
60217608383286,C000863,SAVINGS,Kothrud,SAHY0002294,2024-10-25,ACTIVE,108823.34,abhijit_pill68@sahyadri,100000
60214835886744,C000864,SAVINGS,Andheri East,SAHY0002987,2021-12-09,ACTIVE,199636.96,hemant.yadav48@sahyadri,100000
60216375386215,C000865,SAVINGS,Thane West,SAHY0007184,2015-12-28,ACTIVE,50009.99,archana.dixit42@sahyadri,100000
60218788340416,C000866,SAVINGS,Andheri East,SAHY0002987,2023-01-25,ACTIVE,173094.20,ganesh.apte61@sahyadri,100000
60212648553343,C000867,SAVINGS,Nashik Road,SAHY0009215,2019-11-29,ACTIVE,14425.81,archana.kadam68@sahyadri,100000
60217260415079,C000868,SENIOR_SAVINGS,Kothrud,SAHY0002294,2019-10-26,ACTIVE,85876.90,faisal.joshi26@sahyadri,50000
60219991204728,C000869,SENIOR_SAVINGS,Connaught Place,SAHY0007799,2014-11-27,ACTIVE,114925.59,manoj_desh13@sahyadri,50000
60213225438405,C000870,SALARY,Nashik Road,SAHY0009215,2022-05-29,ACTIVE,29609.87,omkar.naidu65@sahyadri,100000
60214737211700,C000871,SALARY,Connaught Place,SAHY0007799,2019-09-21,ACTIVE,83880.60,siddharthsharma128@sahyadri,100000
60210170375244,C000872,SALARY,Nashik Road,SAHY0009215,2021-07-14,ACTIVE,134118.15,girish.reddy67@sahyadri,50000
60212509843197,C000873,SENIOR_SAVINGS,Koramangala,SAHY0004797,2024-04-18,ACTIVE,40045.10,sayali.desai59@sahyadri,50000
60213636215519,C000874,SENIOR_SAVINGS,Banjara Hills,SAHY0003207,2013-11-04,ACTIVE,169340.30,aniket.shah45@sahyadri,100000
60211220032850,C000875,SALARY,Banjara Hills,SAHY0003207,2020-05-29,ACTIVE,24813.37,nitin.apte81@sahyadri,100000
60215724427711,C000876,SENIOR_SAVINGS,Andheri East,SAHY0002987,2026-01-19,ACTIVE,251600.79,ashok_gokh54@sahyadri,50000
60219581052518,C000877,SAVINGS,Thane West,SAHY0007184,2013-02-15,ACTIVE,422168.52,tejaswini.naik20@sahyadri,100000
60214761636775,C000878,CURRENT,Andheri East,SAHY0002987,2016-10-08,ACTIVE,274863.63,akshay.agarw68@sahyadri,100000
60219742227807,C000879,SENIOR_SAVINGS,Dharampeth Nagpur,SAHY0005140,2023-08-12,ACTIVE,38912.35,priya.mehta92@sahyadri,25000
60217552038884,C000880,CURRENT,Banjara Hills,SAHY0003207,2019-11-26,ACTIVE,57140.86,neha.mane70@sahyadri,100000
60214514989378,C000881,SAVINGS,Vijay Nagar Indore,SAHY0004394,2022-10-31,ACTIVE,86621.70,pooja_shei88@sahyadri,100000
60212035594050,C000882,SAVINGS,Nashik Road,SAHY0009215,2018-05-25,ACTIVE,134712.71,mangeshdeshpande578@sahyadri,50000
60214088228357,C000883,SAVINGS,Thane West,SAHY0007184,2022-04-02,ACTIVE,123465.06,pranav.khan39@sahyadri,100000
60212215711439,C000883,CURRENT,Thane West,SAHY0007184,2022-08-12,DORMANT,7667.89,,
60210874641327,C000884,SENIOR_SAVINGS,Connaught Place,SAHY0007799,2018-07-24,ACTIVE,190148.94,kunal_kulk12@sahyadri,50000
60219572704307,C000885,CURRENT,Thane West,SAHY0007184,2012-02-10,ACTIVE,79781.59,sanjay.choudhary95@sahyadri,200000
60210371850552,C000886,CURRENT,Kothrud,SAHY0002294,2013-09-26,ACTIVE,281899.50,swapnil.jadha90@sahyadri,100000
60219988405809,C000886,SAVINGS,Kothrud,SAHY0002294,2020-02-22,DORMANT,36671.54,,
60217627491822,C000887,SALARY,Kothrud,SAHY0002294,2026-05-01,ACTIVE,195606.69,mmishra8051@sahyadri,50000
60214371834808,C000887,SAVINGS,Kothrud,SAHY0002294,2026-05-05,ACTIVE,13740.76,,
60215761833401,C000888,SENIOR_SAVINGS,Connaught Place,SAHY0007799,2018-01-12,ACTIVE,880901.88,ajay_kada80@sahyadri,25000
60213143961837,C000889,SAVINGS,Dharampeth Nagpur,SAHY0005140,2018-04-02,ACTIVE,145559.08,vijay.choud61@sahyadri,100000
60211975082121,C000890,SAVINGS,Thane West,SAHY0007184,2022-12-19,ACTIVE,33525.72,ananya.pawar22@sahyadri,50000
60213133841408,C000891,SALARY,Andheri East,SAHY0002987,2020-12-21,ACTIVE,152640.37,ushasawant848@sahyadri,50000
60218254555753,C000892,SAVINGS,Kothrud,SAHY0002294,2023-11-04,ACTIVE,65255.14,nmehta3575@sahyadri,100000
60211894216966,C000893,SALARY,Kothrud,SAHY0002294,2019-06-15,ACTIVE,212299.23,dpawar9134@sahyadri,100000
60213903964646,C000894,SAVINGS,Koramangala,SAHY0004797,2024-07-30,ACTIVE,131600.56,mahesh.bhatt87@sahyadri,50000
60210421924121,C000895,SAVINGS,Connaught Place,SAHY0007799,2020-03-24,ACTIVE,6003.48,priya_pawa44@sahyadri,50000
60214605862737,C000896,SAVINGS,Andheri East,SAHY0002987,2024-01-07,ACTIVE,40833.05,manoj_yada70@sahyadri,10000
60215898361612,C000896,SAVINGS,Andheri East,SAHY0002987,2025-07-24,ACTIVE,2342.64,,
60212221738604,C000897,SAVINGS,Kothrud,SAHY0002294,2015-10-23,ACTIVE,63598.90,pallavi.gaikwad47@sahyadri,50000
60215387680777,C000898,SAVINGS,Kothrud,SAHY0002294,2012-04-24,ACTIVE,110071.77,omkar.khan60@sahyadri,100000
60212153649346,C000899,SALARY,Kothrud,SAHY0002294,2014-02-12,ACTIVE,133165.67,gurpreet.gokha71@sahyadri,50000
60218104884541,C000900,SAVINGS,Kothrud,SAHY0002294,2018-03-27,ACTIVE,162459.28,farahshinde918@sahyadri,100000
60217075885868,C000901,SAVINGS,Connaught Place,SAHY0007799,2018-10-30,ACTIVE,188577.65,sayali.agarw98@sahyadri,100000
60217246145304,C000902,SALARY,Banjara Hills,SAHY0003207,2018-05-06,ACTIVE,100581.12,mgaikwad1537@sahyadri,50000
60214052664098,C000902,SAVINGS,Banjara Hills,SAHY0003207,2020-05-31,ACTIVE,12623.44,,
60215194595764,C000903,SAVINGS,Kothrud,SAHY0002294,2022-11-29,ACTIVE,3126.13,awagh1753@sahyadri,50000
60212715952843,C000904,SAVINGS,Thane West,SAHY0007184,2022-01-15,ACTIVE,12295.09,paragthakur79@sahyadri,50000
60214616617224,C000905,SALARY,Kothrud,SAHY0002294,2022-01-18,ACTIVE,108489.95,sanjay.reddy94@sahyadri,100000
60219610392954,C000905,SAVINGS,Kothrud,SAHY0002294,2025-04-01,DORMANT,16736.98,,
60214779517830,C000906,SAVINGS,Andheri East,SAHY0002987,2016-06-06,ACTIVE,148362.65,pkale3871@sahyadri,100000
60215579922498,C000907,SENIOR_SAVINGS,Andheri East,SAHY0002987,2017-01-26,ACTIVE,193554.62,radha.chava89@sahyadri,50000
60214539572019,C000908,SAVINGS,Navrangpura,SAHY0008491,2025-02-18,ACTIVE,68076.42,suniltiwari216@sahyadri,100000
60216272402375,C000909,SENIOR_SAVINGS,Andheri East,SAHY0002987,2017-11-14,ACTIVE,139963.55,rshah9476@sahyadri,50000
60215261428969,C000909,SAVINGS,Andheri East,SAHY0002987,2023-12-23,DORMANT,29430.04,,
60215329304262,C000910,SALARY,Dharampeth Nagpur,SAHY0005140,2015-10-18,ACTIVE,184345.13,anaik2032@sahyadri,100000
60215514881702,C000911,SALARY,Koramangala,SAHY0004797,2024-11-09,ACTIVE,214431.87,joseph.desai82@sahyadri,100000
60210787920043,C000912,SALARY,Hazratganj,SAHY0006176,2024-08-13,ACTIVE,52754.11,anil.das29@sahyadri,100000
60213734617339,C000913,SENIOR_SAVINGS,Vijay Nagar Indore,SAHY0004394,2020-08-24,ACTIVE,257206.35,ppawar311@sahyadri,50000
60213227619585,C000914,SENIOR_SAVINGS,Andheri East,SAHY0002987,2020-07-02,ACTIVE,186010.67,ashok.nair13@sahyadri,100000
60213774189348,C000915,SENIOR_SAVINGS,Kothrud,SAHY0002294,2016-04-18,ACTIVE,97914.52,gurdeep.kulkarni92@sahyadri,50000
60216720684442,C000916,SENIOR_SAVINGS,Andheri East,SAHY0002987,2019-05-15,ACTIVE,51275.93,dinesh.naidu43@sahyadri,100000
60218211162611,C000917,SENIOR_SAVINGS,Kothrud,SAHY0002294,2013-02-03,DORMANT,22788.78,prakash_pati28@sahyadri,100000
60217763533894,C000918,SALARY,Andheri East,SAHY0002987,2023-03-10,ACTIVE,203308.95,ishita.tiwari39@sahyadri,100000
60214597011950,C000918,SAVINGS,Andheri East,SAHY0002987,2023-11-23,ACTIVE,13469.98,5526008109@sahyadri,25000
60212961691091,C000919,SENIOR_SAVINGS,Andheri East,SAHY0002987,2014-10-16,ACTIVE,91424.98,sana_gokh65@sahyadri,100000
60219939938461,C000920,CURRENT,Kothrud,SAHY0002294,2022-04-05,ACTIVE,74696.84,gurdeep.sharm84@sahyadri,100000
60217027590033,C000921,SAVINGS,Kothrud,SAHY0002294,2021-02-03,ACTIVE,147756.77,awagh2983@sahyadri,50000
60217405901573,C000922,SENIOR_SAVINGS,Dharampeth Nagpur,SAHY0005140,2019-07-28,ACTIVE,177380.41,nandini.reddy21@sahyadri,50000
60217610594044,C000923,SENIOR_SAVINGS,Nashik Road,SAHY0009215,2015-12-04,ACTIVE,232232.44,sneha.apte28@sahyadri,50000
60215815637036,C000924,SAVINGS,Koramangala,SAHY0004797,2026-02-28,ACTIVE,80866.35,aarti.khan44@sahyadri,100000
60219709020016,C000925,SAVINGS,Banjara Hills,SAHY0003207,2026-02-23,ACTIVE,1933.32,yogesh.more78@sahyadri,10000
60218982207183,C000926,SENIOR_SAVINGS,Banjara Hills,SAHY0003207,2013-09-09,ACTIVE,171851.39,faisal.saxena69@sahyadri,50000
60212470182770,C000927,SAVINGS,Andheri East,SAHY0002987,2013-08-25,ACTIVE,303563.46,aniketpatil880@sahyadri,100000
60217725776439,C000927,SAVINGS,Andheri East,SAHY0002987,2025-10-28,FROZEN,4338.50,,
60213577584390,C000928,SENIOR_SAVINGS,Banjara Hills,SAHY0003207,2022-07-30,ACTIVE,90430.45,mrunalsheikh958@sahyadri,25000
60218962168652,C000929,CURRENT,Kothrud,SAHY0002294,2018-06-15,FROZEN,95648.72,rajesh.choud65@sahyadri,100000
60210599193256,C000930,SAVINGS,Banjara Hills,SAHY0003207,2019-12-03,ACTIVE,131815.17,sarita.shah54@sahyadri,100000
60218571598508,C000930,SAVINGS,Banjara Hills,SAHY0003207,2021-01-17,ACTIVE,18299.03,5972684570@sahyadri,25000
60217637351825,C000931,SENIOR_SAVINGS,Andheri East,SAHY0002987,2021-03-13,ACTIVE,29905.70,omkar.shinde97@sahyadri,25000
60217769130713,C000932,SAVINGS,Connaught Place,SAHY0007799,2012-10-30,ACTIVE,97252.04,sachinagarwal102@sahyadri,100000
60218375537584,C000933,SALARY,Dharampeth Nagpur,SAHY0005140,2013-09-27,ACTIVE,302423.88,lata.reddy35@sahyadri,50000
60217987219920,C000934,SALARY,Andheri East,SAHY0002987,2024-04-27,ACTIVE,183160.22,lakshmi.mane86@sahyadri,100000
60210751595400,C000935,SALARY,Koramangala,SAHY0004797,2014-10-18,ACTIVE,96298.38,ishita.menon79@sahyadri,50000
60212777349802,C000936,SAVINGS,Thane West,SAHY0007184,2024-09-17,ACTIVE,258426.61,divya_gupt57@sahyadri,50000
60216010932523,C000937,SAVINGS,Kothrud,SAHY0002294,2024-01-25,ACTIVE,7509.34,anjali.patil86@sahyadri,10000
60216468639208,C000938,SALARY,Kothrud,SAHY0002294,2024-02-13,ACTIVE,161233.79,ishita_rao31@sahyadri,100000
60215813344386,C000939,SALARY,Thane West,SAHY0007184,2019-12-09,ACTIVE,43955.79,josephdesai346@sahyadri,100000
60212084265882,C000940,SAVINGS,Vijay Nagar Indore,SAHY0004394,2018-04-26,ACTIVE,6627.34,vandana.pande60@sahyadri,100000
60215491805146,C000941,SAVINGS,Kothrud,SAHY0002294,2024-05-03,ACTIVE,61680.17,rjoshi4850@sahyadri,50000
60219989424521,C000942,SAVINGS,Andheri East,SAHY0002987,2017-03-04,ACTIVE,24042.25,mshah2402@sahyadri,50000
60214007321040,C000942,CURRENT,Andheri East,SAHY0002987,2020-09-19,ACTIVE,27082.29,,
60219609295485,C000943,SAVINGS,Vijay Nagar Indore,SAHY0004394,2018-06-01,ACTIVE,143166.49,mahesh.mane71@sahyadri,100000
60213087780346,C000943,SAVINGS,Vijay Nagar Indore,SAHY0004394,2019-12-04,FROZEN,4808.40,,
60212012588736,C000944,SAVINGS,Vijay Nagar Indore,SAHY0004394,2023-12-15,ACTIVE,57602.98,mahesh.bhosale88@sahyadri,100000
60219043807676,C000945,SALARY,Kothrud,SAHY0002294,2024-10-08,ACTIVE,200398.59,bhavanakhan409@sahyadri,100000
60219532817340,C000946,SENIOR_SAVINGS,Kothrud,SAHY0002294,2024-06-15,ACTIVE,233190.10,nitin.gupta44@sahyadri,50000
60215647830445,C000947,SAVINGS,Koramangala,SAHY0004797,2026-02-27,ACTIVE,105900.45,priya.pilla43@sahyadri,50000
60212331407063,C000948,SENIOR_SAVINGS,Banjara Hills,SAHY0003207,2019-03-13,ACTIVE,146938.06,sdixit6799@sahyadri,50000
60214420216374,C000949,SAVINGS,Kothrud,SAHY0002294,2018-11-28,ACTIVE,136088.36,sgupta3621@sahyadri,50000
60219129696123,C000949,CURRENT,Kothrud,SAHY0002294,2025-12-04,ACTIVE,23203.08,5100398951@sahyadri,25000
60210748489248,C000950,SAVINGS,Kothrud,SAHY0002294,2019-10-27,ACTIVE,113074.67,lakshmi.apte15@sahyadri,50000
60218215440209,C000951,SENIOR_SAVINGS,Banjara Hills,SAHY0003207,2020-03-27,ACTIVE,128291.64,harpreet.salunkhe90@sahyadri,50000
60212932966841,C000952,SENIOR_SAVINGS,Kothrud,SAHY0002294,2018-06-26,ACTIVE,137978.22,geeta_wagh13@sahyadri,50000
60213871229499,C000953,SAVINGS,Thane West,SAHY0007184,2025-02-14,ACTIVE,12908.89,rsawant9349@sahyadri,10000
60212520634449,C000954,CURRENT,Connaught Place,SAHY0007799,2020-02-05,ACTIVE,116553.55,dpawar2289@sahyadri,200000
60215697483242,C000955,SAVINGS,Kothrud,SAHY0002294,2023-12-03,ACTIVE,133904.52,sbhosale8022@sahyadri,100000
60218627188509,C000955,SAVINGS,Kothrud,SAHY0002294,2024-12-03,DORMANT,4201.88,,
60211609088083,C000956,SENIOR_SAVINGS,Andheri East,SAHY0002987,2019-03-20,ACTIVE,258228.32,yogesh.iyer94@sahyadri,25000
60214617433856,C000957,SAVINGS,Kothrud,SAHY0002294,2026-05-01,ACTIVE,3861.72,sanjay.agarw31@sahyadri,10000
60219773286410,C000958,SAVINGS,Kothrud,SAHY0002294,2025-08-27,ACTIVE,18633.18,girishnaidu240@sahyadri,25000
60213626101805,C000959,SALARY,Kothrud,SAHY0002294,2015-11-19,ACTIVE,313255.41,lsaxena9071@sahyadri,50000
60214702109974,C000959,SAVINGS,Kothrud,SAHY0002294,2019-05-28,ACTIVE,11465.28,,
60218054320353,C000960,SENIOR_SAVINGS,Malviya Nagar Jaipur,SAHY0001961,2012-08-29,ACTIVE,139233.23,geeta_gupt46@sahyadri,25000
60216252953515,C000961,SAVINGS,Thane West,SAHY0007184,2023-11-17,ACTIVE,133110.89,anilsalunkhe587@sahyadri,50000
60219409005621,C000961,SAVINGS,Thane West,SAHY0007184,2024-07-02,DORMANT,8645.23,,
60214663682514,C000962,SENIOR_SAVINGS,Andheri East,SAHY0002987,2023-05-28,ACTIVE,201885.05,rekhayadav908@sahyadri,100000
60211841519693,C000963,SAVINGS,Andheri East,SAHY0002987,2016-03-29,ACTIVE,13570.58,dinesh_shin13@sahyadri,50000
60213991308152,C000964,CURRENT,Hazratganj,SAHY0006176,2018-02-01,ACTIVE,189772.64,awagh741@sahyadri,100000
60213116398155,C000965,SENIOR_SAVINGS,Vijay Nagar Indore,SAHY0004394,2021-12-03,ACTIVE,239991.38,anthony.singh65@sahyadri,100000
60215033670098,C000966,SALARY,Dharampeth Nagpur,SAHY0005140,2026-02-10,ACTIVE,155631.75,sayali.menon93@sahyadri,50000
60216886158418,C000967,SAVINGS,Kothrud,SAHY0002294,2024-04-11,ACTIVE,71406.29,farahsalunkhe332@sahyadri,100000
60219827809654,C000967,SAVINGS,Kothrud,SAHY0002294,2024-06-10,ACTIVE,10269.38,,
60218141084325,C000968,SALARY,Dharampeth Nagpur,SAHY0005140,2021-04-07,FROZEN,16621.50,tgupta3464@sahyadri,100000
60218685854913,C000969,SAVINGS,Thane West,SAHY0007184,2022-08-10,FROZEN,6921.04,vsingh8416@sahyadri,100000
60219722852415,C000970,SENIOR_SAVINGS,Nashik Road,SAHY0009215,2016-02-14,ACTIVE,274743.15,akshay_bhat69@sahyadri,25000
60213272487983,C000971,SENIOR_SAVINGS,Thane West,SAHY0007184,2019-10-28,ACTIVE,122929.87,venkatagarwal26@sahyadri,50000
60218265131397,C000972,SAVINGS,Andheri East,SAHY0002987,2023-08-08,ACTIVE,216134.88,schavan7132@sahyadri,50000
60210509659929,C000973,SALARY,Malviya Nagar Jaipur,SAHY0001961,2024-02-22,ACTIVE,113531.54,hemantbanerjee186@sahyadri,100000
60211415045712,C000974,SALARY,Navrangpura,SAHY0008491,2015-08-01,ACTIVE,91713.51,gurpreetnaidu912@sahyadri,100000
60218594698770,C000975,SAVINGS,Kothrud,SAHY0002294,2015-11-24,ACTIVE,64060.16,sayali.pawar44@sahyadri,50000
60214068040723,C000976,SALARY,Banjara Hills,SAHY0003207,2023-06-14,ACTIVE,155796.60,ashok.more60@sahyadri,100000
60210867045434,C000977,SENIOR_SAVINGS,Kothrud,SAHY0002294,2022-09-22,ACTIVE,39346.14,deepa.deshp94@sahyadri,50000
60210317977882,C000978,SALARY,Andheri East,SAHY0002987,2012-11-27,ACTIVE,124000.46,tejaswini.salun61@sahyadri,50000
60217130800516,C000979,SAVINGS,Koramangala,SAHY0004797,2023-10-04,ACTIVE,28883.08,pranav_pand21@sahyadri,100000
60217573863500,C000979,CURRENT,Koramangala,SAHY0004797,2024-10-13,DORMANT,8574.39,,
60218201739150,C000980,SAVINGS,Kothrud,SAHY0002294,2023-07-10,ACTIVE,45483.95,ananya_meht15@sahyadri,100000
60212529104697,C000980,SAVINGS,Kothrud,SAHY0002294,2025-11-13,ACTIVE,76505.87,,
60218759652022,C000981,CURRENT,Nashik Road,SAHY0009215,2014-12-31,ACTIVE,170471.23,gurdeep.kulka27@sahyadri,200000
60213426724765,C000982,SALARY,Kothrud,SAHY0002294,2020-12-27,ACTIVE,93169.37,pmishra8239@sahyadri,100000
60217611298309,C000983,SAVINGS,Malviya Nagar Jaipur,SAHY0001961,2018-09-23,ACTIVE,49771.92,anilthakur189@sahyadri,50000
60213459023789,C000984,SAVINGS,Malviya Nagar Jaipur,SAHY0001961,2021-03-28,ACTIVE,125682.99,vijay.saxen68@sahyadri,50000
60211503154451,C000985,SENIOR_SAVINGS,Kothrud,SAHY0002294,2020-08-12,ACTIVE,155066.14,yogeshdeshmukh426@sahyadri,25000
60210917835418,C000986,SALARY,Andheri East,SAHY0002987,2018-12-22,ACTIVE,51631.78,sachin.yadav85@sahyadri,100000
60213977792291,C000987,CURRENT,Banjara Hills,SAHY0003207,2019-05-21,ACTIVE,90583.23,prakash.menon32@sahyadri,200000
60215890858059,C000987,SAVINGS,Banjara Hills,SAHY0003207,2024-10-12,DORMANT,17742.20,,
60217179080415,C000988,SENIOR_SAVINGS,Kothrud,SAHY0002294,2012-08-30,ACTIVE,452004.85,vkamat8423@sahyadri,50000
60214342469631,C000989,SAVINGS,Koramangala,SAHY0004797,2014-08-02,ACTIVE,101092.34,skhan2873@sahyadri,50000
60210801102378,C000990,SENIOR_SAVINGS,Connaught Place,SAHY0007799,2019-05-12,ACTIVE,160948.02,sthakur2249@sahyadri,50000
60218933290981,C000991,SENIOR_SAVINGS,Thane West,SAHY0007184,2014-09-14,ACTIVE,99241.10,suresh.reddy34@sahyadri,50000
60218220687742,C000992,SAVINGS,Andheri East,SAHY0002987,2016-05-30,ACTIVE,11816.88,rohinisaxena934@sahyadri,100000
60215785910230,C000993,SAVINGS,Koramangala,SAHY0004797,2016-03-04,ACTIVE,84119.66,meena.bhatt15@sahyadri,50000
60213191797630,C000994,SAVINGS,Banjara Hills,SAHY0003207,2021-03-24,ACTIVE,49509.12,rupali_shar70@sahyadri,100000
60219012230366,C000994,SAVINGS,Banjara Hills,SAHY0003207,2024-10-08,ACTIVE,5623.44,,
60214100761756,C000995,SENIOR_SAVINGS,Kothrud,SAHY0002294,2024-04-11,ACTIVE,464769.44,rameshshinde539@sahyadri,100000
60214985790060,C000996,SALARY,Koramangala,SAHY0004797,2021-05-02,ACTIVE,212707.41,hemant_pand45@sahyadri,100000
60213428858925,C000997,SALARY,Kothrud,SAHY0002294,2015-01-04,ACTIVE,126600.87,swapnil.gupta27@sahyadri,100000
60210877582628,C000998,SAVINGS,Andheri East,SAHY0002987,2020-05-23,ACTIVE,57308.36,rupali.patil71@sahyadri,100000
60219340251523,C000999,SALARY,Andheri East,SAHY0002987,2024-02-09,ACTIVE,338192.74,anjali.sheikh78@sahyadri,100000
60218672024272,C000999,SAVINGS,Andheri East,SAHY0002987,2025-12-11,ACTIVE,93397.05,,
60214545333837,C001000,SENIOR_SAVINGS,Nashik Road,SAHY0009215,2015-06-19,ACTIVE,269502.51,dinesh.more12@sahyadri,25000
60218387820046,C001001,SENIOR_SAVINGS,Kothrud,SAHY0002294,2016-02-04,ACTIVE,248321.05,sayaligupta906@sahyadri,100000
60218880515025,C001002,SAVINGS,Connaught Place,SAHY0007799,2020-11-14,ACTIVE,111415.46,sagar.reddy39@sahyadri,100000
60210632044264,C001003,SENIOR_SAVINGS,Kothrud,SAHY0002294,2016-06-24,ACTIVE,84277.65,aditya_dixi32@sahyadri,100000
60212477763615,C001004,SAVINGS,Banjara Hills,SAHY0003207,2019-03-06,ACTIVE,130102.90,harish.chavan95@sahyadri,50000
60217699872512,C001005,SALARY,Kothrud,SAHY0002294,2024-10-10,ACTIVE,238314.04,ganesh.naik52@sahyadri,100000
60213802106079,C001006,SAVINGS,Kothrud,SAHY0002294,2023-03-28,ACTIVE,282745.57,gkadam6272@sahyadri,100000
60219405174428,C001006,SAVINGS,Kothrud,SAHY0002294,2025-06-08,ACTIVE,28845.64,,
60211438239248,C001007,SAVINGS,Kothrud,SAHY0002294,2012-03-20,ACTIVE,124880.72,ananya_meno76@sahyadri,100000
60215843634243,C001008,SALARY,Koramangala,SAHY0004797,2021-09-26,ACTIVE,93716.92,adas5854@sahyadri,100000
60214825475690,C001009,SALARY,Vijay Nagar Indore,SAHY0004394,2024-09-28,ACTIVE,63599.09,mrunalpatil537@sahyadri,100000
60217853939819,C001010,CURRENT,Connaught Place,SAHY0007799,2018-05-01,ACTIVE,69267.40,amehta5613@sahyadri,100000
60216232919987,C001010,SAVINGS,Connaught Place,SAHY0007799,2019-03-04,ACTIVE,52065.86,,
60212489442894,C001011,SAVINGS,Nashik Road,SAHY0009215,2022-10-20,ACTIVE,102826.08,sagar_kada28@sahyadri,100000
60215691737149,C001012,SAVINGS,Andheri East,SAHY0002987,2017-08-05,ACTIVE,136204.58,komal.bhosa45@sahyadri,100000
60210810608066,C001012,SAVINGS,Andheri East,SAHY0002987,2024-05-25,DORMANT,4557.25,,
60217993309410,C001013,SAVINGS,Hazratganj,SAHY0006176,2014-07-06,ACTIVE,54720.88,priyagokhale914@sahyadri,100000
60213107952818,C001014,SALARY,Dharampeth Nagpur,SAHY0005140,2018-09-01,ACTIVE,137532.16,swati.pawar95@sahyadri,50000
60213511144808,C001015,SENIOR_SAVINGS,Kothrud,SAHY0002294,2014-04-17,ACTIVE,250952.34,ashok.more88@sahyadri,100000
60210146610357,C001016,SAVINGS,Kothrud,SAHY0002294,2022-04-24,ACTIVE,107079.57,radha.singh46@sahyadri,50000
60217070384629,C001017,SAVINGS,Andheri East,SAHY0002987,2020-01-29,ACTIVE,27290.44,kavita.bhosale20@sahyadri,100000
60212404885103,C001018,SAVINGS,Kothrud,SAHY0002294,2017-11-02,ACTIVE,40310.94,rohit.chavan48@sahyadri,100000
60214778288728,C001019,SALARY,Koramangala,SAHY0004797,2016-09-23,ACTIVE,119351.01,vaishali_rao64@sahyadri,100000
60215751174424,C001020,SALARY,Koramangala,SAHY0004797,2025-07-18,ACTIVE,45699.93,harleen.kadam35@sahyadri,100000
60217456656317,C001021,SAVINGS,Dharampeth Nagpur,SAHY0005140,2024-08-17,ACTIVE,241072.44,meena.kamat81@sahyadri,100000
60219873743047,C001022,SALARY,Koramangala,SAHY0004797,2026-01-21,ACTIVE,231060.78,yogesh.dixit38@sahyadri,100000
60218260686286,C001023,SALARY,Kothrud,SAHY0002294,2019-06-14,ACTIVE,334375.40,anaidu6269@sahyadri,100000
60212886099811,C001024,SAVINGS,Nashik Road,SAHY0009215,2019-04-15,ACTIVE,102527.40,rajesh_das58@sahyadri,100000
60214718911420,C001025,SAVINGS,Hazratganj,SAHY0006176,2018-01-10,ACTIVE,298156.16,abhatt2830@sahyadri,100000
60210463848633,C001025,SAVINGS,Hazratganj,SAHY0006176,2020-02-18,DORMANT,21097.18,,
60217637791677,C001026,SENIOR_SAVINGS,Connaught Place,SAHY0007799,2014-11-08,ACTIVE,132723.90,vreddy8544@sahyadri,25000
60212515474314,C001027,SAVINGS,Vijay Nagar Indore,SAHY0004394,2022-12-01,ACTIVE,177026.13,sarita.shah84@sahyadri,100000
60216161272222,C001028,SENIOR_SAVINGS,Kothrud,SAHY0002294,2021-07-15,ACTIVE,132414.45,imran_saxe85@sahyadri,25000
60214932711743,C001029,SAVINGS,Navrangpura,SAHY0008491,2023-11-15,ACTIVE,167139.27,seemagaikwad101@sahyadri,100000
60217154163169,C001030,SALARY,Kothrud,SAHY0002294,2022-12-23,ACTIVE,93720.79,farah.thaku38@sahyadri,100000
60213903287107,C001031,SALARY,Connaught Place,SAHY0007799,2022-11-01,ACTIVE,43909.98,schavan4053@sahyadri,50000
60211213985264,C001032,SAVINGS,Vijay Nagar Indore,SAHY0004394,2020-05-04,ACTIVE,9893.20,sana.rao69@sahyadri,100000
60210813899300,C001033,SAVINGS,Kothrud,SAHY0002294,2025-06-27,ACTIVE,220070.24,nishadeshpande121@sahyadri,50000
60219261054753,C001034,SENIOR_SAVINGS,Connaught Place,SAHY0007799,2023-12-11,ACTIVE,224218.66,keerthi_agar57@sahyadri,50000
60211283012375,C001035,SALARY,Dharampeth Nagpur,SAHY0005140,2022-01-09,ACTIVE,132198.75,rsheikh5420@sahyadri,100000
60217496064160,C001036,SALARY,Andheri East,SAHY0002987,2019-08-15,ACTIVE,10350.33,tushar.bhosa13@sahyadri,100000
60211860566912,C001037,SALARY,Andheri East,SAHY0002987,2019-06-10,ACTIVE,128054.40,usha_meno65@sahyadri,100000
60214793955572,C001038,SALARY,Kothrud,SAHY0002294,2020-03-03,ACTIVE,77516.12,dineshkale537@sahyadri,100000
60217334510856,C001038,SAVINGS,Kothrud,SAHY0002294,2025-07-30,ACTIVE,4708.21,5875082322@sahyadri,25000
60215824224540,C001039,SAVINGS,Andheri East,SAHY0002987,2022-09-23,ACTIVE,57596.32,rohit_nair17@sahyadri,100000
60218946473736,C001040,SAVINGS,Andheri East,SAHY0002987,2018-11-02,ACTIVE,136923.01,aniketpawar601@sahyadri,100000
60216791537748,C001041,SALARY,Andheri East,SAHY0002987,2025-05-04,ACTIVE,160136.37,meena.dixit65@sahyadri,50000
60210085610084,C001042,SAVINGS,Kothrud,SAHY0002294,2019-04-25,ACTIVE,183098.32,usha.salun55@sahyadri,50000
60212287825979,C001043,SENIOR_SAVINGS,Koramangala,SAHY0004797,2020-01-01,ACTIVE,58800.27,mpillai9705@sahyadri,25000
60213577762381,C001043,SAVINGS,Koramangala,SAHY0004797,2021-06-05,ACTIVE,6911.30,,
60217016822896,C001044,SALARY,Navrangpura,SAHY0008491,2015-12-21,ACTIVE,145680.12,bhavana_shah53@sahyadri,100000
60216668571982,C001045,SAVINGS,Hazratganj,SAHY0006176,2024-03-23,ACTIVE,125028.95,ydeshmukh3781@sahyadri,100000
60219986775913,C001046,SAVINGS,Kothrud,SAHY0002294,2018-06-30,ACTIVE,196904.62,manishagupta659@sahyadri,100000
60212368795275,C001046,CURRENT,Kothrud,SAHY0002294,2025-03-11,ACTIVE,69287.42,,
60218878000513,C001047,SENIOR_SAVINGS,Kothrud,SAHY0002294,2023-04-16,ACTIVE,150944.32,omkargaikwad446@sahyadri,25000
60215175099523,C001048,SAVINGS,Kothrud,SAHY0002294,2020-07-05,ACTIVE,78507.67,ganesh.kamat86@sahyadri,100000
60215201397005,C001049,SAVINGS,Koramangala,SAHY0004797,2026-05-08,ACTIVE,5926.62,jyoti.dixit84@sahyadri,10000
60211783385999,C001050,CURRENT,Kothrud,SAHY0002294,2021-12-19,ACTIVE,371427.14,nisha.sawan11@sahyadri,200000
60211665465755,C001051,SENIOR_SAVINGS,Kothrud,SAHY0002294,2020-09-14,ACTIVE,94030.20,radha_gupt96@sahyadri,50000
60210344916607,C001052,SALARY,Hazratganj,SAHY0006176,2024-01-09,ACTIVE,94059.29,manisha_apte46@sahyadri,50000
60211286312717,C001053,SAVINGS,Kothrud,SAHY0002294,2020-06-23,ACTIVE,174453.87,kunal.gokha49@sahyadri,100000
60219660322650,C001054,SENIOR_SAVINGS,Vijay Nagar Indore,SAHY0004394,2018-12-19,ACTIVE,52666.98,yogesh.bhatt96@sahyadri,100000
60218261347804,C001055,SALARY,Kothrud,SAHY0002294,2013-06-16,ACTIVE,109513.13,swagh5971@sahyadri,50000
60216437439725,C001056,SALARY,Andheri East,SAHY0002987,2023-04-13,DORMANT,177491.47,seemadeshpande853@sahyadri,50000
60216437655015,C001057,SAVINGS,Kothrud,SAHY0002294,2024-10-09,ACTIVE,4383.65,anita_khan50@sahyadri,100000
60212070244984,C001058,SAVINGS,Kothrud,SAHY0002294,2014-04-25,ACTIVE,4114,faisal_mane64@sahyadri,50000
60211986014482,C001059,SAVINGS,Kothrud,SAHY0002294,2020-01-07,ACTIVE,15196.78,schoudhary9549@sahyadri,100000
60216993675687,C001059,SAVINGS,Kothrud,SAHY0002294,2021-01-08,ACTIVE,34702.33,,
60214407028174,C001060,SENIOR_SAVINGS,Andheri East,SAHY0002987,2024-08-11,ACTIVE,224216.86,dmehta9122@sahyadri,50000
60215786024888,C001061,SENIOR_SAVINGS,Banjara Hills,SAHY0003207,2013-04-20,ACTIVE,47996.80,rkamat2223@sahyadri,50000
60217833525504,C001062,SALARY,Navrangpura,SAHY0008491,2017-02-10,ACTIVE,25479.93,pranav.gupta79@sahyadri,100000
60218722445407,C001063,SAVINGS,Connaught Place,SAHY0007799,2020-09-21,ACTIVE,106391.07,archanagaikwad412@sahyadri,50000
60217908717067,C001064,SAVINGS,Thane West,SAHY0007184,2017-11-30,ACTIVE,334544.75,madhuri.nair93@sahyadri,100000
60215830444623,C001065,SENIOR_SAVINGS,Andheri East,SAHY0002987,2020-01-10,ACTIVE,53934.69,sarita.pandey65@sahyadri,25000
60217843111110,C001066,SAVINGS,Dharampeth Nagpur,SAHY0005140,2025-06-24,ACTIVE,50834.77,chinmaymehta557@sahyadri,100000
60210312597276,C001067,SALARY,Andheri East,SAHY0002987,2020-12-31,ACTIVE,121292.90,usha_dixi82@sahyadri,100000
60212230388380,C001068,SALARY,Kothrud,SAHY0002294,2025-12-18,ACTIVE,102442,prakashsalunkhe368@sahyadri,100000
60215087490782,C001069,SAVINGS,Banjara Hills,SAHY0003207,2023-09-28,ACTIVE,12618.69,anita.kamat83@sahyadri,100000
60217454296228,C001070,SENIOR_SAVINGS,Dharampeth Nagpur,SAHY0005140,2024-07-10,ACTIVE,111049.13,manoj.pande24@sahyadri,50000
60212239154685,C001071,SENIOR_SAVINGS,Koramangala,SAHY0004797,2022-01-15,FROZEN,65906.18,deepak.sawant99@sahyadri,100000
60217309485725,C001072,SALARY,Kothrud,SAHY0002294,2022-10-08,ACTIVE,96646.33,kgaikwad2669@sahyadri,100000
60217011906545,C001072,SAVINGS,Kothrud,SAHY0002294,2023-11-14,DORMANT,8701.89,,
60219884075507,C001073,SALARY,Navrangpura,SAHY0008491,2018-07-23,ACTIVE,146876.25,divya.apte26@sahyadri,100000
60217699424546,C001074,SAVINGS,Kothrud,SAHY0002294,2013-10-15,ACTIVE,31512.12,rekha.shah50@sahyadri,100000
60214169744952,C001075,SENIOR_SAVINGS,Andheri East,SAHY0002987,2021-12-14,ACTIVE,51798.76,akshay_pawa39@sahyadri,50000
60211135827450,C001076,SAVINGS,Andheri East,SAHY0002987,2016-10-23,ACTIVE,196401.74,amenon698@sahyadri,100000
60216542949565,C001077,SAVINGS,Thane West,SAHY0007184,2022-10-05,ACTIVE,74906.13,priya_mish19@sahyadri,100000
60216750050861,C001078,SAVINGS,Kothrud,SAHY0002294,2022-11-05,ACTIVE,329100.27,jyoti.gaikw82@sahyadri,100000
60214771445741,C001079,CURRENT,Nashik Road,SAHY0009215,2019-07-11,FROZEN,17670.63,sanjay.joshi55@sahyadri,200000
60213337572014,C001080,SALARY,Banjara Hills,SAHY0003207,2019-07-19,ACTIVE,40926.69,ajay.mane41@sahyadri,50000
60219623678380,C001081,SAVINGS,Andheri East,SAHY0002987,2022-01-16,ACTIVE,15669.76,tejaswini.bhatt18@sahyadri,50000
60211702267571,C001082,SAVINGS,Andheri East,SAHY0002987,2019-11-10,DORMANT,158080.56,pbhosale2497@sahyadri,100000
60214009484281,C001082,CURRENT,Andheri East,SAHY0002987,2019-12-19,ACTIVE,18507.10,,
60217151771512,C001083,SENIOR_SAVINGS,Nashik Road,SAHY0009215,2019-05-26,ACTIVE,28576.11,seema_meht44@sahyadri,50000
60210844773969,C001084,SAVINGS,Connaught Place,SAHY0007799,2020-05-06,ACTIVE,21216.70,vaishali.yadav61@sahyadri,50000
60218059844605,C001085,SENIOR_SAVINGS,Nashik Road,SAHY0009215,2012-09-02,ACTIVE,63073.57,rohini.mane93@sahyadri,50000
60210477321168,C001086,SAVINGS,Nashik Road,SAHY0009215,2014-11-12,ACTIVE,245403.26,ishita.sharm82@sahyadri,100000
60214783939974,C001087,SAVINGS,Koramangala,SAHY0004797,2022-11-01,ACTIVE,112778.32,harleen_gaik67@sahyadri,50000
60213173309277,C001088,SAVINGS,Kothrud,SAHY0002294,2026-04-22,ACTIVE,16547.75,geetasalunkhe463@sahyadri,50000
60211753197015,C001089,SALARY,Dharampeth Nagpur,SAHY0005140,2016-08-13,ACTIVE,91847.12,sachin_shar66@sahyadri,100000
60218545497780,C001090,SAVINGS,Malviya Nagar Jaipur,SAHY0001961,2015-09-12,ACTIVE,337302.50,radha.naidu98@sahyadri,100000
60219062504831,C001090,SAVINGS,Malviya Nagar Jaipur,SAHY0001961,2017-04-16,ACTIVE,81235.32,5727657916@sahyadri,25000
60216914220390,C001091,SALARY,Hazratganj,SAHY0006176,2022-07-27,ACTIVE,115090.25,priya.mishr11@sahyadri,100000
60215885912842,C001092,SENIOR_SAVINGS,Connaught Place,SAHY0007799,2018-01-15,ACTIVE,235317.25,suresh_kada33@sahyadri,25000
60219915795434,C001093,SAVINGS,Malviya Nagar Jaipur,SAHY0001961,2015-07-21,ACTIVE,26584.95,zdesai3546@sahyadri,50000
60218741846296,C001094,SALARY,Kothrud,SAHY0002294,2016-12-23,ACTIVE,15580.69,ishita.chavan37@sahyadri,50000
60214495679766,C001095,SAVINGS,Hazratganj,SAHY0006176,2023-10-07,ACTIVE,116019.65,parag.deshp44@sahyadri,100000
60212217713480,C001096,SAVINGS,Nashik Road,SAHY0009215,2014-07-10,ACTIVE,132129.69,rekha.baner57@sahyadri,50000
60218955496171,C001097,CURRENT,Kothrud,SAHY0002294,2023-04-10,ACTIVE,287578.14,hemant.jadhav73@sahyadri,100000
60210156375901,C001098,SALARY,Thane West,SAHY0007184,2021-04-01,ACTIVE,161380.02,imrandeshpande416@sahyadri,100000
60216886340645,C001098,SAVINGS,Thane West,SAHY0007184,2023-12-29,DORMANT,2664.38,,
60219272965367,C001099,SALARY,Kothrud,SAHY0002294,2016-06-02,ACTIVE,96055.13,ijoshi3477@sahyadri,50000
60218643653355,C001100,SAVINGS,Koramangala,SAHY0004797,2022-05-24,ACTIVE,109874.67,farah.mishr57@sahyadri,100000
60215856534301,C001101,SAVINGS,Navrangpura,SAHY0008491,2024-03-04,ACTIVE,22026.15,harpreetsingh524@sahyadri,50000
60215472677163,C001102,SALARY,Andheri East,SAHY0002987,2023-02-09,ACTIVE,288762.83,arun.verma14@sahyadri,50000
60211124826264,C001102,SAVINGS,Andheri East,SAHY0002987,2024-12-03,ACTIVE,12576.36,,
60213372972559,C001103,SAVINGS,Dharampeth Nagpur,SAHY0005140,2025-01-16,ACTIVE,39141.93,meena_shin10@sahyadri,50000
60213660576041,C001104,SAVINGS,Hazratganj,SAHY0006176,2013-07-22,DORMANT,9701.73,revati.das39@sahyadri,100000
60210775493713,C001105,SALARY,Koramangala,SAHY0004797,2026-01-30,ACTIVE,216112.32,fkale1526@sahyadri,100000
60210132891647,C001105,SAVINGS,Koramangala,SAHY0004797,2026-02-05,ACTIVE,17854.42,,
60211118790275,C001106,SALARY,Koramangala,SAHY0004797,2011-12-25,ACTIVE,185879.18,yogeshkamat180@sahyadri,50000
60217160885608,C001106,SAVINGS,Koramangala,SAHY0004797,2022-05-22,ACTIVE,69130.89,5284189252@sahyadri,25000
60213282885710,C001107,CURRENT,Andheri East,SAHY0002987,2022-12-19,ACTIVE,642909.76,lata_jadh30@sahyadri,200000
60213174475382,C001108,SAVINGS,Andheri East,SAHY0002987,2024-04-13,ACTIVE,64325.71,anjali.pande85@sahyadri,50000
60210460954176,C001108,SAVINGS,Andheri East,SAHY0002987,2024-04-26,ACTIVE,6575.99,5087069879@sahyadri,25000
60214921385641,C001109,SALARY,Thane West,SAHY0007184,2016-03-22,ACTIVE,120999.35,imran.thakur36@sahyadri,100000
60214881752564,C001110,SALARY,Andheri East,SAHY0002987,2019-03-18,ACTIVE,201126.24,prakash_bhos15@sahyadri,50000
60219114112831,C001111,SAVINGS,Thane West,SAHY0007184,2023-05-06,ACTIVE,4719.59,venkat_meno15@sahyadri,10000
60210408768108,C001112,SENIOR_SAVINGS,Banjara Hills,SAHY0003207,2022-02-28,ACTIVE,122047.61,arun.yadav62@sahyadri,25000
60211486567588,C001113,SAVINGS,Kothrud,SAHY0002294,2025-01-09,ACTIVE,48067.04,madhuri.joshi13@sahyadri,50000
60216287680935,C001113,SAVINGS,Kothrud,SAHY0002294,2025-09-18,ACTIVE,48540.08,,
60214748194384,C001114,SENIOR_SAVINGS,Thane West,SAHY0007184,2017-01-02,ACTIVE,303917.66,anthony.das49@sahyadri,100000
60212753191089,C001115,SAVINGS,Kothrud,SAHY0002294,2024-03-20,ACTIVE,402275.67,adeshmukh9745@sahyadri,100000
60214117877394,C001116,SENIOR_SAVINGS,Navrangpura,SAHY0008491,2020-12-08,ACTIVE,13854.97,nishanaidu17@sahyadri,25000
60211826801905,C001117,SAVINGS,Connaught Place,SAHY0007799,2013-06-28,ACTIVE,50859.19,poojachavan58@sahyadri,50000
60210764410502,C001118,SALARY,Kothrud,SAHY0002294,2023-06-25,ACTIVE,172059.10,girish.mishr33@sahyadri,50000
60215520811235,C001119,SAVINGS,Connaught Place,SAHY0007799,2012-05-28,ACTIVE,90707.44,hemantmehta743@sahyadri,100000
60218425640678,C001120,SALARY,Navrangpura,SAHY0008491,2019-10-07,ACTIVE,191590.80,gurpreet.kadam46@sahyadri,100000
60218438647145,C001121,SALARY,Andheri East,SAHY0002987,2019-05-13,ACTIVE,114757.56,faisaldixit921@sahyadri,100000
60218923189471,C001122,SAVINGS,Banjara Hills,SAHY0003207,2016-07-21,ACTIVE,149561.49,anthony.mehta78@sahyadri,50000
60212716941347,C001123,SAVINGS,Kothrud,SAHY0002294,2022-10-29,DORMANT,5771.52,rohini_bhos56@sahyadri,10000
60213329575807,C001124,SAVINGS,Connaught Place,SAHY0007799,2016-03-24,ACTIVE,75451.51,rupalichoudhary458@sahyadri,50000
60218620083620,C001125,SENIOR_SAVINGS,Dharampeth Nagpur,SAHY0005140,2020-04-05,ACTIVE,274453.86,rverma712@sahyadri,50000
60210261978549,C001126,SAVINGS,Dharampeth Nagpur,SAHY0005140,2026-01-20,ACTIVE,40405.82,mangesh_yada80@sahyadri,100000
60212350332999,C001127,SENIOR_SAVINGS,Kothrud,SAHY0002294,2020-09-13,ACTIVE,67922.50,tushar.more78@sahyadri,100000
60210781054387,C001128,SAVINGS,Koramangala,SAHY0004797,2018-11-13,ACTIVE,230697.94,mmore693@sahyadri,50000
60212100434326,C001129,SALARY,Kothrud,SAHY0002294,2025-12-24,ACTIVE,363159.02,prakash.naik85@sahyadri,100000
60219707775483,C001130,SAVINGS,Kothrud,SAHY0002294,2023-01-19,ACTIVE,2003.96,ragarwal5673@sahyadri,100000
60210072978519,C001131,SAVINGS,Andheri East,SAHY0002987,2015-08-05,ACTIVE,90368.96,venkat.deshp20@sahyadri,100000
60213265369710,C001132,SALARY,Banjara Hills,SAHY0003207,2019-08-28,ACTIVE,121289.09,prakashthakur13@sahyadri,100000
60214372360384,C001133,SENIOR_SAVINGS,Navrangpura,SAHY0008491,2020-03-31,ACTIVE,168554.36,aniket.deshmukh24@sahyadri,50000
60214228457854,C001134,SALARY,Navrangpura,SAHY0008491,2019-03-30,ACTIVE,324364.03,abhijitpillai193@sahyadri,50000
60217082436520,C001135,SAVINGS,Koramangala,SAHY0004797,2018-05-26,ACTIVE,115153.54,ashok_pand33@sahyadri,50000
60219678690924,C001136,SAVINGS,Andheri East,SAHY0002987,2018-12-19,ACTIVE,11881.44,rekha_gupt29@sahyadri,100000
60212830521371,C001137,SENIOR_SAVINGS,Nashik Road,SAHY0009215,2018-10-08,ACTIVE,150660.82,sunita_naik37@sahyadri,25000
60216919679303,C001137,SAVINGS,Nashik Road,SAHY0009215,2020-03-16,ACTIVE,63759.93,,
60213736632172,C001138,SALARY,Andheri East,SAHY0002987,2018-04-11,ACTIVE,95106.80,aniket.jadha99@sahyadri,100000
60213234877093,C001139,SAVINGS,Kothrud,SAHY0002294,2018-10-30,ACTIVE,15530.78,pooja.pillai77@sahyadri,100000
60217301912085,C001139,SAVINGS,Kothrud,SAHY0002294,2020-04-18,ACTIVE,65397.49,5590145753@sahyadri,25000
60219051534349,C001140,SAVINGS,Navrangpura,SAHY0008491,2025-12-28,ACTIVE,325495.92,vikram.thaku87@sahyadri,100000
60214579240034,C001141,SALARY,Connaught Place,SAHY0007799,2023-01-04,ACTIVE,133232.64,jyoti_desa83@sahyadri,100000
60215449179433,C001142,SAVINGS,Nashik Road,SAHY0009215,2026-01-25,ACTIVE,16648.63,adas9486@sahyadri,50000
60218850221819,C001143,SALARY,Connaught Place,SAHY0007799,2017-11-12,ACTIVE,155946,nmore2524@sahyadri,100000
60216828890897,C001144,SAVINGS,Kothrud,SAHY0002294,2026-04-07,ACTIVE,108394.22,sunitakadam74@sahyadri,100000
60211014393613,C001145,SENIOR_SAVINGS,Navrangpura,SAHY0008491,2020-08-15,ACTIVE,295719.92,ashah9495@sahyadri,50000
60213305791442,C001146,SALARY,Kothrud,SAHY0002294,2012-06-20,ACTIVE,310388.14,aarti.pawar18@sahyadri,50000
60213425138327,C001147,SENIOR_SAVINGS,Hazratganj,SAHY0006176,2025-02-23,ACTIVE,37005.36,harleen.apte36@sahyadri,50000
60214654131298,C001147,SAVINGS,Hazratganj,SAHY0006176,2026-05-09,ACTIVE,128320.03,,
60216144097938,C001148,SALARY,Andheri East,SAHY0002987,2020-07-26,ACTIVE,106542,imransaxena561@sahyadri,50000
60217808492064,C001149,SAVINGS,Thane West,SAHY0007184,2014-08-10,ACTIVE,12832.36,ishita_rao30@sahyadri,50000
60217220168273,C001150,SAVINGS,Thane West,SAHY0007184,2018-07-05,ACTIVE,52588.11,vandana.shah42@sahyadri,100000
60218793028953,C001151,SAVINGS,Vijay Nagar Indore,SAHY0004394,2014-11-11,ACTIVE,220968.24,rapte3697@sahyadri,100000
60218866837569,C001152,SENIOR_SAVINGS,Kothrud,SAHY0002294,2022-09-19,ACTIVE,211886.01,dpatil4027@sahyadri,50000
60210521057343,C001153,SENIOR_SAVINGS,Andheri East,SAHY0002987,2014-06-21,ACTIVE,89736.10,pallavi_salu95@sahyadri,50000
60215133432567,C001154,CURRENT,Banjara Hills,SAHY0003207,2025-12-10,ACTIVE,149937.04,tushar_das67@sahyadri,100000
60215900760120,C001155,SALARY,Koramangala,SAHY0004797,2023-09-13,ACTIVE,48506.97,fshinde570@sahyadri,50000
60216532740606,C001155,SAVINGS,Koramangala,SAHY0004797,2024-02-26,ACTIVE,57851.48,,
60216571527070,C001156,SENIOR_SAVINGS,Kothrud,SAHY0002294,2014-09-25,ACTIVE,49138.90,komal_mane69@sahyadri,25000
60219188405539,C001157,SAVINGS,Thane West,SAHY0007184,2019-12-20,ACTIVE,5877.83,gurpreet.tiwari70@sahyadri,50000
60211286506877,C001158,SAVINGS,Nashik Road,SAHY0009215,2024-07-31,ACTIVE,3298.47,kreddy5814@sahyadri,25000
60214485472621,C001159,SALARY,Andheri East,SAHY0002987,2023-06-17,ACTIVE,230147.39,girish.sharm49@sahyadri,50000
60210504280063,C001160,SALARY,Koramangala,SAHY0004797,2022-12-21,ACTIVE,143924.38,karthik.kulka77@sahyadri,100000
60219893023067,C001160,SAVINGS,Koramangala,SAHY0004797,2023-04-30,DORMANT,8334.18,,
60216833514719,C001161,SAVINGS,Andheri East,SAHY0002987,2024-08-30,ACTIVE,156996.51,kdeshmukh6956@sahyadri,50000
60212147630149,C001162,SALARY,Andheri East,SAHY0002987,2013-04-19,ACTIVE,219194.35,swapnil.gokhale20@sahyadri,50000
60217366569635,C001163,CURRENT,Hazratganj,SAHY0006176,2019-01-22,ACTIVE,212488.04,omkar_nair98@sahyadri,200000
60214327405516,C001163,SAVINGS,Hazratganj,SAHY0006176,2019-04-06,DORMANT,48604.97,,
60217941338569,C001164,SAVINGS,Kothrud,SAHY0002294,2021-06-20,ACTIVE,303724.70,arun_apte33@sahyadri,100000
60213472881361,C001165,SENIOR_SAVINGS,Banjara Hills,SAHY0003207,2015-05-12,ACTIVE,120923.21,sunil_tiwa92@sahyadri,100000
60210394576682,C001166,SENIOR_SAVINGS,Nashik Road,SAHY0009215,2012-04-02,ACTIVE,163847.33,hgokhale4597@sahyadri,25000
60218193157730,C001166,SAVINGS,Nashik Road,SAHY0009215,2020-07-09,ACTIVE,135437.76,,
60216658581648,C001167,SAVINGS,Malviya Nagar Jaipur,SAHY0001961,2025-04-02,ACTIVE,28262.22,karthikkulkarni944@sahyadri,100000
60218510843459,C001168,SALARY,Kothrud,SAHY0002294,2019-04-10,ACTIVE,24188.46,nnaidu7181@sahyadri,100000
60212589574386,C001169,SENIOR_SAVINGS,Kothrud,SAHY0002294,2024-03-03,ACTIVE,78539.05,karthik_wagh25@sahyadri,50000
60210491742659,C001170,SAVINGS,Kothrud,SAHY0002294,2026-04-05,ACTIVE,64511.57,harleenmore474@sahyadri,50000
60210864191717,C001171,CURRENT,Nashik Road,SAHY0009215,2023-01-20,ACTIVE,324547.48,sjoshi5387@sahyadri,100000
60214180188561,C001172,CURRENT,Andheri East,SAHY0002987,2022-11-20,ACTIVE,509184.65,prakash_gaik91@sahyadri,200000
60215831809624,C001172,SAVINGS,Andheri East,SAHY0002987,2022-11-30,ACTIVE,21719.93,,
60210447691490,C001173,SALARY,Koramangala,SAHY0004797,2012-07-04,ACTIVE,87435.06,chinmay_shei27@sahyadri,100000
60210811576478,C001174,SALARY,Andheri East,SAHY0002987,2013-10-24,ACTIVE,10299.35,sgupta1720@sahyadri,100000
60212434498964,C001174,SAVINGS,Andheri East,SAHY0002987,2017-07-10,ACTIVE,89151.33,5297657407@sahyadri,25000
60217177034668,C001175,SENIOR_SAVINGS,Kothrud,SAHY0002294,2018-08-30,ACTIVE,265615.50,vandana.bhosa58@sahyadri,50000
60217751391991,C001176,SENIOR_SAVINGS,Vijay Nagar Indore,SAHY0004394,2019-09-07,ACTIVE,59840.19,vandana.pilla22@sahyadri,50000
60217734761011,C001177,SENIOR_SAVINGS,Dharampeth Nagpur,SAHY0005140,2013-02-06,ACTIVE,236834.54,vijay.shah30@sahyadri,100000
60218271999287,C001178,SAVINGS,Nashik Road,SAHY0009215,2015-03-30,ACTIVE,99671.73,manishanair328@sahyadri,100000
60214233374052,C001179,SAVINGS,Dharampeth Nagpur,SAHY0005140,2014-07-22,ACTIVE,112072.14,ssawant4007@sahyadri,100000
60213588732110,C001179,SAVINGS,Dharampeth Nagpur,SAHY0005140,2015-07-05,ACTIVE,4751.01,5014482261@sahyadri,25000
60211515359352,C001180,SALARY,Kothrud,SAHY0002294,2025-05-09,ACTIVE,81023.42,divya.bhatt71@sahyadri,100000
60211690811671,C001181,SENIOR_SAVINGS,Malviya Nagar Jaipur,SAHY0001961,2019-11-09,ACTIVE,78501.44,siyer1545@sahyadri,25000
60213405116556,C001182,SALARY,Navrangpura,SAHY0008491,2014-09-19,ACTIVE,239592.04,amit.wagh79@sahyadri,50000
60218056380005,C001183,SAVINGS,Koramangala,SAHY0004797,2025-12-10,ACTIVE,223065.85,faisalnaik140@sahyadri,100000
60218565972804,C001184,SAVINGS,Kothrud,SAHY0002294,2024-11-06,ACTIVE,79330.22,poojapillai976@sahyadri,50000
60213439034918,C001185,SAVINGS,Navrangpura,SAHY0008491,2017-11-29,ACTIVE,166232.30,divya.choud34@sahyadri,100000
60217070493104,C001186,SAVINGS,Koramangala,SAHY0004797,2023-02-17,ACTIVE,105526.67,deepak.joshi28@sahyadri,100000
60213323851153,C001187,SAVINGS,Kothrud,SAHY0002294,2025-01-29,ACTIVE,5644.75,aniket.pawar25@sahyadri,50000
60212449166555,C001188,CURRENT,Andheri East,SAHY0002987,2023-05-20,ACTIVE,23312.28,shalini.pawar96@sahyadri,100000
60219984345662,C001189,SALARY,Vijay Nagar Indore,SAHY0004394,2014-05-13,ACTIVE,121750.47,neha_tiwa90@sahyadri,100000
60213481043577,C001190,SALARY,Thane West,SAHY0007184,2019-03-09,ACTIVE,6821.17,deepa.khan30@sahyadri,100000
60213913000810,C001191,SAVINGS,Navrangpura,SAHY0008491,2016-09-04,ACTIVE,148822.58,ashok.agarwal40@sahyadri,50000
60217982874695,C001192,SALARY,Kothrud,SAHY0002294,2021-08-24,ACTIVE,121180.78,sneha.pawar19@sahyadri,100000
60219244472309,C001193,SALARY,Kothrud,SAHY0002294,2015-02-10,ACTIVE,269739.96,tpandey8338@sahyadri,100000
60216070554700,C001194,SALARY,Navrangpura,SAHY0008491,2019-12-31,ACTIVE,171876.08,rahul.dixit78@sahyadri,100000
60210582469502,C001195,SAVINGS,Banjara Hills,SAHY0003207,2020-06-16,ACTIVE,3878.72,radha.yadav34@sahyadri,50000
60210904231280,C001196,SALARY,Andheri East,SAHY0002987,2012-08-10,ACTIVE,201988.72,imranmenon434@sahyadri,100000
60213301897564,C001197,SAVINGS,Dharampeth Nagpur,SAHY0005140,2016-03-03,ACTIVE,7696.54,asha.reddy73@sahyadri,50000
60210724671791,C001198,SALARY,Kothrud,SAHY0002294,2014-08-29,ACTIVE,161847.83,lakshmi_jadh23@sahyadri,100000
60217548801351,C001199,SALARY,Andheri East,SAHY0002987,2015-09-20,ACTIVE,185634.69,vinayak.gokhale93@sahyadri,100000
60212947526204,C001200,SENIOR_SAVINGS,Connaught Place,SAHY0007799,2015-01-15,ACTIVE,28753.55,shalini_chav84@sahyadri,25000
60212585101256,C001201,SENIOR_SAVINGS,Vijay Nagar Indore,SAHY0004394,2015-05-26,ACTIVE,116216.49,mahesh.yadav43@sahyadri,100000
60213389075290,C001202,SENIOR_SAVINGS,Koramangala,SAHY0004797,2015-01-15,ACTIVE,137753.79,vijay.chavan47@sahyadri,50000
60210547699870,C001203,SAVINGS,Andheri East,SAHY0002987,2020-12-06,ACTIVE,198453.99,shalini.apte27@sahyadri,100000
60211104830488,C001204,CURRENT,Thane West,SAHY0007184,2014-02-25,ACTIVE,120372.35,spatil4824@sahyadri,200000
60214763298909,C001205,SAVINGS,Thane West,SAHY0007184,2024-11-23,ACTIVE,289858.86,nisha.yadav26@sahyadri,100000
60212293330946,C001206,SAVINGS,Dharampeth Nagpur,SAHY0005140,2021-08-25,ACTIVE,29050.87,ramesh.baner21@sahyadri,50000
60213441689406,C001206,CURRENT,Dharampeth Nagpur,SAHY0005140,2022-05-09,DORMANT,19021.66,,
60219478072492,C001207,SALARY,Kothrud,SAHY0002294,2019-03-21,ACTIVE,292692.29,amit.gokhale62@sahyadri,100000
60213420860498,C001208,SAVINGS,Koramangala,SAHY0004797,2012-10-06,ACTIVE,16120.91,farah_yada41@sahyadri,100000
60216667376403,C001209,SAVINGS,Vijay Nagar Indore,SAHY0004394,2021-04-02,ACTIVE,4731.74,shalini.more24@sahyadri,25000
60212421985930,C001210,SENIOR_SAVINGS,Andheri East,SAHY0002987,2023-01-30,ACTIVE,374320.32,divyamenon505@sahyadri,50000
60214048779308,C001211,SALARY,Dharampeth Nagpur,SAHY0005140,2024-04-10,ACTIVE,32722.84,shalini.verma33@sahyadri,100000
60213632969127,C001212,SALARY,Malviya Nagar Jaipur,SAHY0001961,2021-09-08,ACTIVE,126930.59,sanjaykulkarni733@sahyadri,100000
60211444189713,C001212,SAVINGS,Malviya Nagar Jaipur,SAHY0001961,2024-02-03,ACTIVE,8841.96,,
60214707954198,C001213,CURRENT,Koramangala,SAHY0004797,2018-04-11,ACTIVE,375937.48,siddharth.patil76@sahyadri,200000
60218489680936,C001213,SAVINGS,Koramangala,SAHY0004797,2022-04-11,DORMANT,25617,,
60213127318021,C001214,SAVINGS,Kothrud,SAHY0002294,2022-03-02,ACTIVE,6637.37,vijay_yada76@sahyadri,50000
60213546831311,C001215,SAVINGS,Connaught Place,SAHY0007799,2024-05-24,ACTIVE,88437.49,pkadam8044@sahyadri,100000
60212875810015,C001216,SENIOR_SAVINGS,Vijay Nagar Indore,SAHY0004394,2012-05-30,ACTIVE,274561.48,pooja_gupt88@sahyadri,25000
60212394240667,C001217,SAVINGS,Connaught Place,SAHY0007799,2014-08-29,ACTIVE,2107.64,ganeshbanerjee660@sahyadri,100000
60216110514684,C001217,SAVINGS,Connaught Place,SAHY0007799,2014-09-22,ACTIVE,3939.71,,
60216109678862,C001218,SAVINGS,Dharampeth Nagpur,SAHY0005140,2025-07-04,ACTIVE,2576.04,pdixit3437@sahyadri,25000
60215750284134,C001219,SALARY,Andheri East,SAHY0002987,2024-11-23,ACTIVE,153381.62,ishita_meht70@sahyadri,100000
60216306711106,C001220,SENIOR_SAVINGS,Connaught Place,SAHY0007799,2013-07-30,ACTIVE,223743.52,jkale4823@sahyadri,50000
60214649134670,C001221,SAVINGS,Koramangala,SAHY0004797,2024-11-12,ACTIVE,375808.63,ryadav7503@sahyadri,100000
60210482028556,C001222,CURRENT,Kothrud,SAHY0002294,2015-10-31,ACTIVE,312508.67,sayali.pande82@sahyadri,100000
60212045592069,C001223,SAVINGS,Kothrud,SAHY0002294,2024-10-04,ACTIVE,5778.99,vinayak_mane80@sahyadri,25000
60215351933473,C001224,SENIOR_SAVINGS,Andheri East,SAHY0002987,2024-06-05,ACTIVE,34249.85,neha.desai45@sahyadri,100000
60219888278133,C001225,SAVINGS,Kothrud,SAHY0002294,2018-04-24,ACTIVE,249311.76,sachin_shin63@sahyadri,100000
60212281008291,C001226,SENIOR_SAVINGS,Kothrud,SAHY0002294,2024-02-15,ACTIVE,156782.20,gurdeep.kamat69@sahyadri,100000
60218014525753,C001227,SAVINGS,Kothrud,SAHY0002294,2020-03-28,ACTIVE,3797.10,spillai4328@sahyadri,50000
60219233547257,C001228,CURRENT,Banjara Hills,SAHY0003207,2024-12-05,ACTIVE,75160.71,keerthisalunkhe741@sahyadri,100000
60216176175119,C001229,SALARY,Kothrud,SAHY0002294,2023-07-14,ACTIVE,58418.72,sjoshi9083@sahyadri,50000
60213693980997,C001230,CURRENT,Kothrud,SAHY0002294,2016-02-05,ACTIVE,83769.82,ananya.mehta34@sahyadri,100000
60210667682785,C001231,SAVINGS,Andheri East,SAHY0002987,2023-10-02,ACTIVE,54102.88,usha.nair25@sahyadri,100000
60216197045630,C001232,SAVINGS,Navrangpura,SAHY0008491,2018-01-25,ACTIVE,52389.20,bhavana.iyer34@sahyadri,50000
60218338739937,C001233,SALARY,Kothrud,SAHY0002294,2020-09-21,ACTIVE,98237.44,lakshmibanerjee307@sahyadri,100000
60216642843464,C001234,SAVINGS,Thane West,SAHY0007184,2024-11-13,ACTIVE,376015.55,rdas6482@sahyadri,50000
60213251655539,C001235,CURRENT,Andheri East,SAHY0002987,2014-03-08,ACTIVE,57484.96,radha.naidu33@sahyadri,200000
60211518945151,C001236,SAVINGS,Kothrud,SAHY0002294,2017-01-24,ACTIVE,71773.07,karthik.shah73@sahyadri,100000
60218541230538,C001237,SENIOR_SAVINGS,Vijay Nagar Indore,SAHY0004394,2021-05-25,ACTIVE,67254.84,skale1423@sahyadri,50000
60218658779958,C001238,SAVINGS,Kothrud,SAHY0002294,2019-01-23,ACTIVE,141518.73,revatiwagh781@sahyadri,100000
60217877923109,C001239,SAVINGS,Nashik Road,SAHY0009215,2023-10-16,ACTIVE,27951.50,pkadam5063@sahyadri,50000
60210839095806,C001240,SALARY,Malviya Nagar Jaipur,SAHY0001961,2015-12-10,ACTIVE,55725.13,aniketsheikh897@sahyadri,50000
60215673791737,C001241,SAVINGS,Koramangala,SAHY0004797,2025-11-15,ACTIVE,31476.42,ramesh_iyer96@sahyadri,10000
60211227483481,C001242,SALARY,Dharampeth Nagpur,SAHY0005140,2020-08-09,ACTIVE,191420.62,kdixit853@sahyadri,100000
60215520366276,C001243,SENIOR_SAVINGS,Andheri East,SAHY0002987,2021-10-21,ACTIVE,164477.76,sdixit3557@sahyadri,25000
60213844895979,C001243,SAVINGS,Andheri East,SAHY0002987,2023-08-19,ACTIVE,87677.01,,
60214683610565,C001244,SENIOR_SAVINGS,Dharampeth Nagpur,SAHY0005140,2021-08-04,ACTIVE,207719.33,sunita.dixit23@sahyadri,50000
60219547412016,C001244,SAVINGS,Dharampeth Nagpur,SAHY0005140,2026-05-29,ACTIVE,12609.16,,
60217422345740,C001245,SENIOR_SAVINGS,Kothrud,SAHY0002294,2022-02-23,ACTIVE,147400.25,meena_kale47@sahyadri,100000
60214693286433,C001246,SENIOR_SAVINGS,Kothrud,SAHY0002294,2022-03-27,ACTIVE,192838.12,kavita.dixit82@sahyadri,50000
60217934293826,C001247,SAVINGS,Nashik Road,SAHY0009215,2017-08-02,ACTIVE,74838.86,swapnil_tiwa13@sahyadri,100000
60216086934895,C001247,CURRENT,Nashik Road,SAHY0009215,2019-01-17,DORMANT,25744.16,,
60210437066123,C001248,SAVINGS,Andheri East,SAHY0002987,2012-03-03,ACTIVE,68060.91,dwagh6978@sahyadri,100000
60219691236808,C001249,SENIOR_SAVINGS,Andheri East,SAHY0002987,2023-06-11,ACTIVE,133911.09,jmenon4966@sahyadri,25000
60213903388275,C001249,SAVINGS,Andheri East,SAHY0002987,2026-01-21,ACTIVE,59263.82,,
60211357875517,C001250,SAVINGS,Hazratganj,SAHY0006176,2021-07-05,ACTIVE,418166.80,hbanerjee2709@sahyadri,100000
60210926592478,C001251,SAVINGS,Thane West,SAHY0007184,2018-12-28,ACTIVE,2374.08,nitin.khan50@sahyadri,50000
60212703251344,C001252,SAVINGS,Andheri East,SAHY0002987,2021-08-01,ACTIVE,124294.25,suresh.banerjee86@sahyadri,100000
60217204746732,C001253,SALARY,Andheri East,SAHY0002987,2020-08-10,ACTIVE,11096.80,ashok.patil83@sahyadri,100000
60219774191757,C001253,SAVINGS,Andheri East,SAHY0002987,2023-09-17,ACTIVE,53662.46,,
60215489364170,C001254,SALARY,Navrangpura,SAHY0008491,2022-10-26,ACTIVE,119939.60,karthik_verm53@sahyadri,100000
60219268072300,C001255,SAVINGS,Andheri East,SAHY0002987,2025-10-29,ACTIVE,142682.58,venkat_agar46@sahyadri,100000
60216273836082,C001256,SAVINGS,Kothrud,SAHY0002294,2018-12-13,ACTIVE,124325.27,bhavana_salu54@sahyadri,100000
60217953368201,C001256,SAVINGS,Kothrud,SAHY0002294,2022-11-16,ACTIVE,31727.02,,
60215293185036,C001257,SAVINGS,Thane West,SAHY0007184,2014-07-03,ACTIVE,58367.77,jyoti.deshm67@sahyadri,50000
60210618607259,C001258,SAVINGS,Kothrud,SAHY0002294,2016-08-25,ACTIVE,65968.26,kavita.gaikwad77@sahyadri,50000
60218183654839,C001259,SENIOR_SAVINGS,Andheri East,SAHY0002987,2019-05-26,DORMANT,118869.10,rekha.gokhale97@sahyadri,25000
60217021781516,C001260,SALARY,Nashik Road,SAHY0009215,2014-07-05,ACTIVE,263220.84,ganeshapte818@sahyadri,100000
60211061582620,C001261,SAVINGS,Dharampeth Nagpur,SAHY0005140,2025-09-11,ACTIVE,84646.75,imran.bhosa92@sahyadri,50000
60214232697598,C001262,SAVINGS,Kothrud,SAHY0002294,2023-03-13,ACTIVE,150598.82,anil.gaikwad38@sahyadri,100000
60218700002293,C001263,SAVINGS,Vijay Nagar Indore,SAHY0004394,2017-12-09,ACTIVE,72863.28,divya.sawant38@sahyadri,100000
60218955981824,C001264,SENIOR_SAVINGS,Kothrud,SAHY0002294,2022-11-03,ACTIVE,19812.82,sanjay_pati23@sahyadri,25000
60213783842153,C001265,SENIOR_SAVINGS,Connaught Place,SAHY0007799,2023-05-18,ACTIVE,212980.27,priya.dixit89@sahyadri,50000
60218643143881,C001266,SALARY,Malviya Nagar Jaipur,SAHY0001961,2021-01-23,ACTIVE,56828.22,harishkadam307@sahyadri,100000
60214358802434,C001267,SAVINGS,Malviya Nagar Jaipur,SAHY0001961,2014-05-18,ACTIVE,170586.09,mnaik4941@sahyadri,50000
60211738616818,C001268,SALARY,Kothrud,SAHY0002294,2018-04-21,ACTIVE,91785.01,girish_shin89@sahyadri,100000
60215063749738,C001269,CURRENT,Kothrud,SAHY0002294,2020-10-14,ACTIVE,223561.72,vnair7506@sahyadri,100000
60215326637078,C001270,SAVINGS,Vijay Nagar Indore,SAHY0004394,2015-03-30,ACTIVE,80485.52,dkadam5099@sahyadri,100000
60212057440000,C001271,SAVINGS,Vijay Nagar Indore,SAHY0004394,2018-02-20,ACTIVE,149005.07,nandini.chava65@sahyadri,100000
60215391647770,C001272,SAVINGS,Kothrud,SAHY0002294,2011-12-09,ACTIVE,44199.33,anita_naik85@sahyadri,100000
60212314486005,C001273,SALARY,Andheri East,SAHY0002987,2018-05-01,ACTIVE,4158.13,ushasheikh731@sahyadri,50000
60213187818233,C001273,SAVINGS,Andheri East,SAHY0002987,2019-04-10,ACTIVE,49667.27,,
60213772291545,C001274,CURRENT,Koramangala,SAHY0004797,2016-02-04,ACTIVE,127082.02,gsharma88@sahyadri,100000
60217465999822,C001275,SAVINGS,Kothrud,SAHY0002294,2020-04-14,ACTIVE,199570.06,latawagh888@sahyadri,50000
60211342224143,C001276,SENIOR_SAVINGS,Thane West,SAHY0007184,2022-02-26,ACTIVE,315192.17,harish.reddy81@sahyadri,100000
60216087938487,C001277,SENIOR_SAVINGS,Kothrud,SAHY0002294,2025-02-20,ACTIVE,97704.93,nitinbhosale630@sahyadri,50000
60210038554891,C001278,SENIOR_SAVINGS,Andheri East,SAHY0002987,2013-04-27,ACTIVE,97260.72,mahesh.banerjee55@sahyadri,100000
60216726721067,C001279,SAVINGS,Thane West,SAHY0007184,2024-07-20,ACTIVE,94444.69,farahmane942@sahyadri,50000
60218879498847,C001280,SAVINGS,Andheri East,SAHY0002987,2015-03-01,ACTIVE,97343.18,snehadesai554@sahyadri,100000
60214450738299,C001281,SALARY,Andheri East,SAHY0002987,2012-02-12,ACTIVE,175912.42,anjali_rao33@sahyadri,100000
60213578184958,C001282,SENIOR_SAVINGS,Kothrud,SAHY0002294,2025-04-30,ACTIVE,244727.72,rupaliverma869@sahyadri,50000
60212473335463,C001283,SAVINGS,Kothrud,SAHY0002294,2012-12-28,ACTIVE,6246.31,archana.pawar80@sahyadri,100000
60217651109438,C001283,SAVINGS,Kothrud,SAHY0002294,2021-02-16,ACTIVE,23469.96,,
60211360683615,C001284,SAVINGS,Kothrud,SAHY0002294,2025-09-28,ACTIVE,128159.37,dinesh_shin44@sahyadri,50000
60219455169160,C001285,SAVINGS,Kothrud,SAHY0002294,2025-05-27,ACTIVE,264599.90,madhuri.pawar12@sahyadri,50000
60217744499567,C001285,SAVINGS,Kothrud,SAHY0002294,2025-12-20,ACTIVE,9982.35,,
60219706341988,C001286,SAVINGS,Andheri East,SAHY0002987,2022-04-13,ACTIVE,64383.57,asha.thakur41@sahyadri,100000
60213704871181,C001286,SAVINGS,Andheri East,SAHY0002987,2023-09-09,ACTIVE,69876.34,,
60219617442641,C001287,SAVINGS,Connaught Place,SAHY0007799,2019-06-10,DORMANT,14780.77,lakshmi_bhos57@sahyadri,50000
60217091999987,C001288,SAVINGS,Thane West,SAHY0007184,2021-07-04,ACTIVE,303304.78,chinmaybanerjee973@sahyadri,100000
60216666077627,C001289,SAVINGS,Navrangpura,SAHY0008491,2023-07-04,ACTIVE,83598.56,dineshbanerjee806@sahyadri,100000
60211383181980,C001290,SALARY,Kothrud,SAHY0002294,2019-10-26,ACTIVE,219204.21,smane2933@sahyadri,100000
60213797537182,C001291,SAVINGS,Kothrud,SAHY0002294,2022-03-28,ACTIVE,51447.67,adityakale846@sahyadri,50000
60214229181432,C001292,SAVINGS,Navrangpura,SAHY0008491,2022-07-10,ACTIVE,221726.11,vdixit1759@sahyadri,50000
60211352168651,C001293,SAVINGS,Kothrud,SAHY0002294,2022-09-19,ACTIVE,79017.01,lata.kale30@sahyadri,100000
60211136609945,C001294,SALARY,Andheri East,SAHY0002987,2018-11-02,ACTIVE,147898.82,ganesh.rao10@sahyadri,100000
60212060497761,C001295,SAVINGS,Andheri East,SAHY0002987,2022-01-08,ACTIVE,60405.43,smita.nair70@sahyadri,50000
60216242553845,C001296,SALARY,Koramangala,SAHY0004797,2015-02-14,ACTIVE,102901.70,sayali.sawan60@sahyadri,50000
60211265101144,C001297,SENIOR_SAVINGS,Kothrud,SAHY0002294,2026-03-09,ACTIVE,105771.89,suresh.apte51@sahyadri,50000
60213970743109,C001298,SENIOR_SAVINGS,Kothrud,SAHY0002294,2015-03-23,ACTIVE,454010.72,ananya.joshi49@sahyadri,50000
60214673292049,C001299,SALARY,Kothrud,SAHY0002294,2025-01-27,ACTIVE,198649.38,amitbanerjee799@sahyadri,100000
60215402458997,C001300,SALARY,Thane West,SAHY0007184,2022-08-11,ACTIVE,100447.22,omkar.gokhale35@sahyadri,100000
60217005274822,C001301,SALARY,Dharampeth Nagpur,SAHY0005140,2025-08-04,ACTIVE,309663.35,seemabanerjee159@sahyadri,100000
60215101919494,C001302,SAVINGS,Thane West,SAHY0007184,2023-03-04,ACTIVE,150322.31,vaishali.deshm14@sahyadri,100000
60212751340058,C001303,SAVINGS,Kothrud,SAHY0002294,2022-05-20,ACTIVE,130236.27,sanjay.patil92@sahyadri,50000
60218392951018,C001304,SALARY,Connaught Place,SAHY0007799,2014-02-23,ACTIVE,335895.19,preddy7114@sahyadri,50000
60215358179317,C001305,SAVINGS,Navrangpura,SAHY0008491,2023-11-30,ACTIVE,42191.30,aarti_dixi94@sahyadri,100000
60219316196271,C001306,SAVINGS,Kothrud,SAHY0002294,2025-11-11,ACTIVE,94121.75,deepak.menon71@sahyadri,100000
60211476632316,C001307,SALARY,Koramangala,SAHY0004797,2025-08-28,ACTIVE,135216.23,ajay_kale41@sahyadri,100000
60216207172020,C001308,SAVINGS,Andheri East,SAHY0002987,2025-09-24,ACTIVE,76932.24,pkulkarni487@sahyadri,100000
60218722653378,C001309,SAVINGS,Dharampeth Nagpur,SAHY0005140,2017-02-28,ACTIVE,183853.92,shalinikamat733@sahyadri,100000
60218252744684,C001310,SALARY,Kothrud,SAHY0002294,2018-11-27,ACTIVE,145673,sneha.pawar39@sahyadri,50000
60219731022363,C001311,CURRENT,Koramangala,SAHY0004797,2020-03-06,ACTIVE,54547.20,radha_shei60@sahyadri,200000
60216273251614,C001312,SALARY,Malviya Nagar Jaipur,SAHY0001961,2017-01-30,ACTIVE,3926.70,pranav_tiwa60@sahyadri,100000
60214011025931,C001312,SAVINGS,Malviya Nagar Jaipur,SAHY0001961,2023-11-26,ACTIVE,83813.02,,
60217452813839,C001313,SAVINGS,Andheri East,SAHY0002987,2025-05-09,ACTIVE,106459.45,psharma3708@sahyadri,100000
60213731528344,C001314,SAVINGS,Andheri East,SAHY0002987,2023-11-11,ACTIVE,121281.93,mangesh.thakur88@sahyadri,100000
60213579370508,C001315,SALARY,Kothrud,SAHY0002294,2014-07-11,ACTIVE,127123.29,ashok.sawan80@sahyadri,100000
60210337869810,C001316,SENIOR_SAVINGS,Connaught Place,SAHY0007799,2015-11-03,ACTIVE,84927.27,komal.dixit80@sahyadri,50000
60218922428357,C001317,SALARY,Andheri East,SAHY0002987,2012-11-09,ACTIVE,339296.87,kunalgupta882@sahyadri,100000
60218024224086,C001318,SAVINGS,Koramangala,SAHY0004797,2018-05-07,ACTIVE,48847.60,pallavi.gokha54@sahyadri,100000
60210180309179,C001319,SAVINGS,Kothrud,SAHY0002294,2018-10-14,ACTIVE,166274.12,rajesh.tiwar45@sahyadri,100000
60215814306744,C001320,SALARY,Vijay Nagar Indore,SAHY0004394,2015-02-28,ACTIVE,107648.91,kunalkulkarni643@sahyadri,50000
60210423039459,C001321,SENIOR_SAVINGS,Thane West,SAHY0007184,2020-08-12,ACTIVE,582844.71,pallavi.kulka45@sahyadri,50000
60214604327924,C001322,SAVINGS,Nashik Road,SAHY0009215,2014-01-29,ACTIVE,158876.64,swagh236@sahyadri,50000
60210347498217,C001323,SAVINGS,Dharampeth Nagpur,SAHY0005140,2018-09-17,ACTIVE,409271.49,rohit.choud32@sahyadri,100000
60219591404762,C001323,CURRENT,Dharampeth Nagpur,SAHY0005140,2020-05-12,DORMANT,38705.93,,
60210756062293,C001324,SAVINGS,Connaught Place,SAHY0007799,2019-12-11,ACTIVE,149783.38,karthik.bhosale30@sahyadri,100000
60215983994181,C001325,CURRENT,Kothrud,SAHY0002294,2019-06-28,ACTIVE,108490.45,ganesh_khan53@sahyadri,100000
60214239718434,C001326,SENIOR_SAVINGS,Andheri East,SAHY0002987,2015-03-08,ACTIVE,189294.94,rohit.nair95@sahyadri,50000
60211836938629,C001327,SAVINGS,Nashik Road,SAHY0009215,2015-02-28,ACTIVE,126894.67,lnaik4611@sahyadri,100000
60213478283175,C001328,SENIOR_SAVINGS,Kothrud,SAHY0002294,2012-10-04,ACTIVE,378096.76,atiwari6918@sahyadri,100000
60212063713353,C001329,SAVINGS,Nashik Road,SAHY0009215,2017-05-10,ACTIVE,180102.04,ndeshpande1134@sahyadri,50000
60212335957401,C001330,SALARY,Andheri East,SAHY0002987,2023-09-25,ACTIVE,109861.48,tushar_tiwa74@sahyadri,100000
60219507292064,C001331,SAVINGS,Dharampeth Nagpur,SAHY0005140,2017-04-16,ACTIVE,44692.17,nitin.gaikw18@sahyadri,100000
60214133735850,C001332,SAVINGS,Malviya Nagar Jaipur,SAHY0001961,2012-06-26,ACTIVE,62579.38,zoya.wagh93@sahyadri,100000
60219575967838,C001333,SAVINGS,Banjara Hills,SAHY0003207,2013-06-02,ACTIVE,71634.25,snehayadav701@sahyadri,50000
60213670606844,C001334,SAVINGS,Nashik Road,SAHY0009215,2026-02-13,ACTIVE,11002.09,rchavan2518@sahyadri,25000
60211843286525,C001334,SAVINGS,Nashik Road,SAHY0009215,2026-05-10,ACTIVE,20946.38,,
60214075435190,C001335,SAVINGS,Kothrud,SAHY0002294,2013-01-14,ACTIVE,171062.90,bhavana.chava72@sahyadri,100000
60212758271132,C001336,SAVINGS,Andheri East,SAHY0002987,2012-12-17,ACTIVE,231376.40,manoj.rao15@sahyadri,100000
60210208794037,C001337,SAVINGS,Navrangpura,SAHY0008491,2024-08-12,ACTIVE,60487.36,manisha.iyer61@sahyadri,100000
60217972833503,C001338,SENIOR_SAVINGS,Kothrud,SAHY0002294,2023-01-20,ACTIVE,118686.22,mrunal_apte99@sahyadri,25000
60219341088472,C001339,SAVINGS,Andheri East,SAHY0002987,2017-06-12,ACTIVE,548472.03,deepanaidu310@sahyadri,50000
60218144617894,C001339,CURRENT,Andheri East,SAHY0002987,2018-01-09,DORMANT,43042.87,,
60218097517346,C001340,SALARY,Andheri East,SAHY0002987,2014-04-18,ACTIVE,220892.94,ganesh_wagh25@sahyadri,50000
60212501893519,C001341,SALARY,Vijay Nagar Indore,SAHY0004394,2011-11-23,ACTIVE,119914.91,suresh.deshpande58@sahyadri,100000
60210009172732,C001341,SAVINGS,Vijay Nagar Indore,SAHY0004394,2022-04-10,DORMANT,15172.81,,
60211890763458,C001342,SENIOR_SAVINGS,Banjara Hills,SAHY0003207,2020-03-18,ACTIVE,224309.96,anjali.bhatt56@sahyadri,50000
60219512696019,C001343,SENIOR_SAVINGS,Kothrud,SAHY0002294,2018-10-25,ACTIVE,531550.02,rameshnaidu387@sahyadri,50000
60210573545476,C001344,SALARY,Andheri East,SAHY0002987,2019-11-15,FROZEN,58147.22,sanjayjadhav202@sahyadri,100000
60215117570729,C001345,SALARY,Thane West,SAHY0007184,2020-05-24,ACTIVE,105443.55,pranav_mish47@sahyadri,100000
60214116675024,C001346,SENIOR_SAVINGS,Banjara Hills,SAHY0003207,2015-07-03,ACTIVE,126365.09,sunil.more63@sahyadri,25000
60212181539869,C001347,SENIOR_SAVINGS,Malviya Nagar Jaipur,SAHY0001961,2015-11-28,ACTIVE,295510.58,omkar.kulka55@sahyadri,25000
60214494960459,C001348,SALARY,Nashik Road,SAHY0009215,2021-06-16,ACTIVE,177772.08,akulkarni6281@sahyadri,50000
60219442106324,C001349,SAVINGS,Connaught Place,SAHY0007799,2018-11-17,ACTIVE,25018.68,omkar.naik57@sahyadri,100000
60213743716655,C001350,SENIOR_SAVINGS,Thane West,SAHY0007184,2025-06-27,ACTIVE,67860.38,ajay.menon20@sahyadri,25000
60210314183588,C001350,SAVINGS,Thane West,SAHY0007184,2025-12-18,ACTIVE,53461.46,,
60214036674869,C001351,SAVINGS,Andheri East,SAHY0002987,2014-02-08,ACTIVE,121161.36,manoj.baner49@sahyadri,50000
60218254212606,C001352,SALARY,Thane West,SAHY0007184,2016-10-18,ACTIVE,88441.34,mahesh.gokhale95@sahyadri,100000
60215205096460,C001352,SAVINGS,Thane West,SAHY0007184,2024-07-12,DORMANT,22749.57,,
60215230855215,C001353,SAVINGS,Connaught Place,SAHY0007799,2024-06-11,ACTIVE,125762.75,vijay.pande21@sahyadri,100000
60211025167652,C001354,SENIOR_SAVINGS,Thane West,SAHY0007184,2022-12-02,ACTIVE,144627.84,tejaswini.gokha97@sahyadri,50000
60216050398794,C001355,SAVINGS,Kothrud,SAHY0002294,2017-07-03,ACTIVE,4444.13,rekha.nair49@sahyadri,100000
60216154737571,C001356,SENIOR_SAVINGS,Dharampeth Nagpur,SAHY0005140,2020-04-28,ACTIVE,194172.52,omkar.desai56@sahyadri,50000
60213315651715,C001356,SAVINGS,Dharampeth Nagpur,SAHY0005140,2024-01-04,DORMANT,7281.15,,
60218759115933,C001357,SALARY,Andheri East,SAHY0002987,2024-01-20,ACTIVE,159059.83,vaishali.mishra37@sahyadri,100000
60213834213073,C001358,SAVINGS,Dharampeth Nagpur,SAHY0005140,2023-11-17,ACTIVE,198478.75,adityagupta647@sahyadri,50000
60210970859525,C001359,CURRENT,Andheri East,SAHY0002987,2021-04-24,ACTIVE,253101.90,vandana_bhos22@sahyadri,100000
60215006237689,C001360,SAVINGS,Kothrud,SAHY0002294,2014-11-07,ACTIVE,79258.70,priya_desh18@sahyadri,50000
60212178345504,C001361,SAVINGS,Malviya Nagar Jaipur,SAHY0001961,2023-06-25,FROZEN,10140.50,sanasharma368@sahyadri,100000
60219371440486,C001362,SAVINGS,Andheri East,SAHY0002987,2025-08-20,ACTIVE,115734.65,akale3017@sahyadri,100000
60217375703104,C001363,SAVINGS,Andheri East,SAHY0002987,2023-05-10,ACTIVE,138831.24,sanagokhale925@sahyadri,100000
60213640634791,C001364,SAVINGS,Kothrud,SAHY0002294,2025-07-07,DORMANT,4573.83,divya.yadav15@sahyadri,50000
60217743612009,C001364,SAVINGS,Kothrud,SAHY0002294,2026-03-08,DORMANT,6302.98,,
60217630586809,C001365,SAVINGS,Banjara Hills,SAHY0003207,2022-07-20,ACTIVE,315673.60,jyoti.salunkhe32@sahyadri,50000
60219426915755,C001366,SALARY,Andheri East,SAHY0002987,2017-09-24,ACTIVE,289403.56,revatigupta780@sahyadri,100000
60214311157834,C001367,SALARY,Kothrud,SAHY0002294,2021-09-15,ACTIVE,104843.06,hmenon8608@sahyadri,100000
60213110903686,C001367,SAVINGS,Kothrud,SAHY0002294,2024-12-13,ACTIVE,13877.82,5252095459@sahyadri,25000
60216935992699,C001368,SALARY,Banjara Hills,SAHY0003207,2013-06-06,ACTIVE,305878.32,sureshpatil849@sahyadri,100000
60212485435803,C001369,SAVINGS,Dharampeth Nagpur,SAHY0005140,2024-01-23,ACTIVE,55328.57,sunita.apte38@sahyadri,100000
60212971861399,C001370,SALARY,Koramangala,SAHY0004797,2015-06-25,ACTIVE,86956.70,mahesh_rao91@sahyadri,100000
60211941537953,C001371,SENIOR_SAVINGS,Thane West,SAHY0007184,2025-02-15,ACTIVE,196860.48,tejaswini.sheik82@sahyadri,50000
60217219811936,C001372,SAVINGS,Malviya Nagar Jaipur,SAHY0001961,2022-07-30,ACTIVE,109683.87,joseph.gupta90@sahyadri,100000
60212576153061,C001373,SAVINGS,Hazratganj,SAHY0006176,2020-05-17,ACTIVE,7590.23,anita.choudhary81@sahyadri,100000
60212812803387,C001374,SENIOR_SAVINGS,Kothrud,SAHY0002294,2022-04-22,ACTIVE,57051.52,aditya.jadha47@sahyadri,25000
60218857775909,C001375,SAVINGS,Kothrud,SAHY0002294,2021-10-21,ACTIVE,11639.28,swatigaikwad576@sahyadri,100000
60219732710894,C001375,SAVINGS,Kothrud,SAHY0002294,2024-06-14,ACTIVE,3861.64,,
60210297039883,C001376,SENIOR_SAVINGS,Andheri East,SAHY0002987,2022-06-06,ACTIVE,159896.49,shweta.apte55@sahyadri,50000
60214007750008,C001377,SENIOR_SAVINGS,Vijay Nagar Indore,SAHY0004394,2025-12-03,ACTIVE,88789.14,nyadav2592@sahyadri,25000
60212721325663,C001378,SENIOR_SAVINGS,Kothrud,SAHY0002294,2021-03-28,ACTIVE,129901.64,shalini.pande59@sahyadri,100000
60218323402203,C001379,SENIOR_SAVINGS,Nashik Road,SAHY0009215,2012-01-26,ACTIVE,250131.31,irao3062@sahyadri,100000
60215708530397,C001380,SAVINGS,Kothrud,SAHY0002294,2024-04-30,ACTIVE,51777.84,deepamehta254@sahyadri,100000
60216708680532,C001381,SAVINGS,Andheri East,SAHY0002987,2013-08-13,ACTIVE,154640.10,usha.khan54@sahyadri,100000
60215796557939,C001382,SENIOR_SAVINGS,Navrangpura,SAHY0008491,2023-12-13,ACTIVE,167550.48,omkar.tiwari68@sahyadri,50000
60210607477422,C001383,SAVINGS,Dharampeth Nagpur,SAHY0005140,2026-03-07,ACTIVE,39775.70,rajesh_gupt75@sahyadri,100000
60211303292255,C001384,CURRENT,Andheri East,SAHY0002987,2019-06-26,ACTIVE,49033.45,priya.rao82@sahyadri,200000
60219446502478,C001385,CURRENT,Kothrud,SAHY0002294,2016-04-11,ACTIVE,132843.91,pdesai2443@sahyadri,100000
60218525123495,C001386,SENIOR_SAVINGS,Banjara Hills,SAHY0003207,2024-03-09,ACTIVE,69325.60,skulkarni8319@sahyadri,50000
60215174732908,C001387,SENIOR_SAVINGS,Andheri East,SAHY0002987,2021-07-20,ACTIVE,161421.83,girish_apte62@sahyadri,50000
60213646277124,C001388,SENIOR_SAVINGS,Thane West,SAHY0007184,2023-03-18,ACTIVE,99626.76,sanjay.jadha61@sahyadri,100000
60216932259894,C001388,SAVINGS,Thane West,SAHY0007184,2024-11-23,ACTIVE,84222.43,,
60211467028738,C001389,SALARY,Navrangpura,SAHY0008491,2014-09-05,ACTIVE,415112.24,gurdeepmishra962@sahyadri,100000
60211841894840,C001390,SAVINGS,Koramangala,SAHY0004797,2022-12-25,ACTIVE,13535.36,meena.nair95@sahyadri,100000
60212946762014,C001390,SAVINGS,Koramangala,SAHY0004797,2025-11-19,ACTIVE,38654.19,,
60215302556744,C001391,SENIOR_SAVINGS,Kothrud,SAHY0002294,2026-01-11,ACTIVE,87424.72,pooja.tiwar63@sahyadri,100000
60214969260812,C001392,SALARY,Kothrud,SAHY0002294,2015-06-03,ACTIVE,262140.74,omkar.choud28@sahyadri,100000
60218128886165,C001393,SAVINGS,Kothrud,SAHY0002294,2022-11-09,ACTIVE,15103.63,lata.shah43@sahyadri,100000
60217473900852,C001394,SALARY,Andheri East,SAHY0002987,2013-05-31,ACTIVE,217941.15,ananya.verma16@sahyadri,100000
60215361413912,C001395,SENIOR_SAVINGS,Kothrud,SAHY0002294,2025-06-27,ACTIVE,88354.91,bhavana_mane16@sahyadri,100000
60210798668351,C001395,SAVINGS,Kothrud,SAHY0002294,2026-01-23,DORMANT,13755.98,,
60211678697404,C001396,SAVINGS,Kothrud,SAHY0002294,2025-07-17,ACTIVE,32503.99,kunal.kale97@sahyadri,10000
60212902159928,C001397,SAVINGS,Navrangpura,SAHY0008491,2015-01-20,ACTIVE,184608.29,harishnair716@sahyadri,50000
60211140731639,C001398,SAVINGS,Andheri East,SAHY0002987,2023-11-20,ACTIVE,47226.04,hemant.agarw41@sahyadri,100000
60212326041534,C001399,SENIOR_SAVINGS,Kothrud,SAHY0002294,2014-04-09,ACTIVE,110221.39,akale919@sahyadri,25000
60211417511975,C001400,SAVINGS,Banjara Hills,SAHY0003207,2020-10-12,ACTIVE,470321.77,usha_thak19@sahyadri,100000
60217415910706,C001401,SAVINGS,Kothrud,SAHY0002294,2013-06-18,ACTIVE,13321.60,sana.joshi25@sahyadri,100000
60219743989982,C001402,SENIOR_SAVINGS,Connaught Place,SAHY0007799,2022-10-30,ACTIVE,180033.25,lata_mish53@sahyadri,100000
60219710571446,C001403,SAVINGS,Connaught Place,SAHY0007799,2021-09-15,ACTIVE,33699.60,lakshmi.kale91@sahyadri,100000
60213819452152,C001404,SAVINGS,Kothrud,SAHY0002294,2022-09-02,ACTIVE,122632.37,rsheikh3653@sahyadri,100000
60210027418447,C001405,SALARY,Thane West,SAHY0007184,2022-08-02,ACTIVE,107760.97,ssawant804@sahyadri,50000
60214048544696,C001406,SENIOR_SAVINGS,Koramangala,SAHY0004797,2023-01-10,ACTIVE,29061.66,amore2332@sahyadri,25000
60217041307422,C001407,SAVINGS,Hazratganj,SAHY0006176,2012-06-29,ACTIVE,42411.64,amitbanerjee246@sahyadri,50000
60211406526202,C001408,CURRENT,Kothrud,SAHY0002294,2018-11-11,ACTIVE,76054.68,ananya.pande77@sahyadri,200000
60217702717396,C001409,SENIOR_SAVINGS,Navrangpura,SAHY0008491,2021-07-09,ACTIVE,20925.94,manoj.shinde51@sahyadri,50000
60211863164758,C001410,CURRENT,Andheri East,SAHY0002987,2014-12-17,ACTIVE,89281,swatikhan86@sahyadri,200000
60210312314294,C001411,CURRENT,Thane West,SAHY0007184,2021-08-22,ACTIVE,603486.80,farah.salun65@sahyadri,200000
60213817827641,C001412,SAVINGS,Kothrud,SAHY0002294,2022-07-17,ACTIVE,35210.32,rajesh.sharma48@sahyadri,100000
60218635558939,C001413,SAVINGS,Andheri East,SAHY0002987,2024-09-06,ACTIVE,21491.48,anthonyapte403@sahyadri,100000
60210290091642,C001414,CURRENT,Kothrud,SAHY0002294,2023-09-07,ACTIVE,93387.92,nkale8952@sahyadri,100000
60217761608033,C001415,SAVINGS,Kothrud,SAHY0002294,2024-02-09,ACTIVE,281196.55,sagar.more71@sahyadri,100000
60213161813837,C001415,SAVINGS,Kothrud,SAHY0002294,2025-09-25,DORMANT,7661.32,,
60217216474956,C001416,SENIOR_SAVINGS,Andheri East,SAHY0002987,2019-03-10,ACTIVE,140605.06,gurdeep.rao14@sahyadri,50000
60219650739835,C001417,SAVINGS,Dharampeth Nagpur,SAHY0005140,2015-05-27,ACTIVE,94884.44,nmane1429@sahyadri,100000
60219206632439,C001418,CURRENT,Kothrud,SAHY0002294,2014-04-21,ACTIVE,453679.93,chinmay.pande87@sahyadri,100000
60212827305379,C001418,SAVINGS,Kothrud,SAHY0002294,2020-06-14,ACTIVE,79666.30,,
60214643012451,C001419,CURRENT,Andheri East,SAHY0002987,2022-01-05,ACTIVE,66311.69,sarita_shin92@sahyadri,200000
60213992361529,C001420,SAVINGS,Kothrud,SAHY0002294,2022-12-23,ACTIVE,196638.36,gurpreet.shinde89@sahyadri,100000
60217754421726,C001421,SAVINGS,Banjara Hills,SAHY0003207,2021-04-28,ACTIVE,223554.21,siddharth.jadhav73@sahyadri,100000
60218846277500,C001422,SAVINGS,Connaught Place,SAHY0007799,2022-06-09,ACTIVE,199737.93,smitadas495@sahyadri,50000
60219187394466,C001423,SAVINGS,Kothrud,SAHY0002294,2022-03-23,ACTIVE,154222.24,rnair924@sahyadri,50000
60213038085680,C001424,SAVINGS,Andheri East,SAHY0002987,2022-09-10,ACTIVE,88486.37,ishita.nair29@sahyadri,100000
60217028139038,C001425,SAVINGS,Vijay Nagar Indore,SAHY0004394,2025-02-07,ACTIVE,49047.74,tushar_bhat76@sahyadri,100000
60210220454174,C001426,SALARY,Vijay Nagar Indore,SAHY0004394,2026-01-27,ACTIVE,149694.86,aarti_pill78@sahyadri,100000
60211299302081,C001427,SAVINGS,Kothrud,SAHY0002294,2016-03-01,ACTIVE,92466.11,anthony.mehta87@sahyadri,100000
60211311010979,C001428,SENIOR_SAVINGS,Kothrud,SAHY0002294,2015-12-30,ACTIVE,28265.95,shweta_kama92@sahyadri,100000
60218317670321,C001429,SAVINGS,Thane West,SAHY0007184,2012-05-24,ACTIVE,164001.74,sanjay.pawar78@sahyadri,100000
60218932056735,C001430,SAVINGS,Vijay Nagar Indore,SAHY0004394,2025-02-07,ACTIVE,3056.26,deepak.naik38@sahyadri,50000
60216606598427,C001431,SAVINGS,Hazratganj,SAHY0006176,2017-10-07,ACTIVE,95641.20,piyer519@sahyadri,100000
60217010768055,C001432,SALARY,Andheri East,SAHY0002987,2019-02-18,ACTIVE,76723.61,rohit.pillai96@sahyadri,50000
60213828288092,C001433,SALARY,Banjara Hills,SAHY0003207,2023-02-15,ACTIVE,146574.86,vaishali.gaikw21@sahyadri,100000
60210074323186,C001434,SENIOR_SAVINGS,Kothrud,SAHY0002294,2021-08-20,ACTIVE,124076.25,aagarwal6560@sahyadri,100000
60211695589481,C001435,SENIOR_SAVINGS,Kothrud,SAHY0002294,2018-09-29,ACTIVE,347273.03,sneha_das41@sahyadri,100000
60213314134889,C001436,SAVINGS,Koramangala,SAHY0004797,2023-01-17,ACTIVE,35702.28,aniket.bhatt78@sahyadri,100000
60218953973245,C001436,CURRENT,Koramangala,SAHY0004797,2024-12-30,DORMANT,7928.14,,
60219753410471,C001437,SENIOR_SAVINGS,Dharampeth Nagpur,SAHY0005140,2024-04-28,ACTIVE,116056.01,hchoudhary2389@sahyadri,50000
60216127026516,C001438,SALARY,Banjara Hills,SAHY0003207,2011-12-18,ACTIVE,103086.96,vpandey8715@sahyadri,100000
60217877191328,C001439,SAVINGS,Kothrud,SAHY0002294,2022-03-14,ACTIVE,228388.91,gurpreet.patil29@sahyadri,100000
60211148351957,C001440,SALARY,Kothrud,SAHY0002294,2014-09-01,ACTIVE,101378,asingh6986@sahyadri,100000
60211085692279,C001441,SAVINGS,Thane West,SAHY0007184,2022-01-12,ACTIVE,1530.62,zoya.thaku81@sahyadri,100000
60212216861736,C001442,SALARY,Dharampeth Nagpur,SAHY0005140,2025-08-06,ACTIVE,106795.43,cnaik6460@sahyadri,100000
60214186513490,C001442,SAVINGS,Dharampeth Nagpur,SAHY0005140,2025-10-31,DORMANT,4004.06,,
60212190681067,C001443,SAVINGS,Andheri East,SAHY0002987,2024-08-27,ACTIVE,77341.33,priya_verm27@sahyadri,100000
60216928479535,C001444,SALARY,Kothrud,SAHY0002294,2021-08-04,ACTIVE,79588.87,sanjay_jadh79@sahyadri,50000
60218608897001,C001444,SAVINGS,Kothrud,SAHY0002294,2025-06-29,ACTIVE,16507.49,5938802910@sahyadri,25000
60215997493281,C001445,SAVINGS,Nashik Road,SAHY0009215,2022-11-12,ACTIVE,60223.95,sarita.shah50@sahyadri,50000
60213859087706,C001445,SAVINGS,Nashik Road,SAHY0009215,2023-03-25,FROZEN,5790.12,,
60212594237592,C001446,SAVINGS,Andheri East,SAHY0002987,2026-01-10,ACTIVE,2282.24,smita_apte73@sahyadri,50000
60214389061665,C001447,SAVINGS,Connaught Place,SAHY0007799,2022-08-16,FROZEN,14545.15,harpreetsawant712@sahyadri,100000
60212649886834,C001448,SAVINGS,Kothrud,SAHY0002294,2021-11-02,ACTIVE,191071.72,imran.deshpande59@sahyadri,100000
60219578383956,C001449,SENIOR_SAVINGS,Kothrud,SAHY0002294,2018-03-02,DORMANT,62151.48,vijay.desai59@sahyadri,50000
60211078930035,C001449,SAVINGS,Kothrud,SAHY0002294,2025-05-22,ACTIVE,18093.75,,
60217395022337,C001450,SALARY,Thane West,SAHY0007184,2025-03-23,ACTIVE,162028.61,pranav.sawan10@sahyadri,100000
60219980056405,C001451,SAVINGS,Andheri East,SAHY0002987,2014-01-06,ACTIVE,151128.18,sayali.gupta22@sahyadri,50000
60219364869908,C001452,SAVINGS,Malviya Nagar Jaipur,SAHY0001961,2016-09-23,ACTIVE,70582.50,rohitdeshmukh208@sahyadri,50000
60214804861567,C001453,SALARY,Kothrud,SAHY0002294,2024-12-28,ACTIVE,65081.67,sarita.deshmukh49@sahyadri,100000
60218837243617,C001453,SAVINGS,Kothrud,SAHY0002294,2025-02-04,ACTIVE,40959.30,5878218011@sahyadri,25000
60211886660750,C001454,SAVINGS,Dharampeth Nagpur,SAHY0005140,2021-04-14,ACTIVE,127093.72,kavita.menon86@sahyadri,100000
60210609739491,C001455,SALARY,Connaught Place,SAHY0007799,2020-12-04,ACTIVE,98707.63,sagar_chav16@sahyadri,100000
60219857281918,C001456,SAVINGS,Andheri East,SAHY0002987,2019-07-05,ACTIVE,327260.77,zoyapawar934@sahyadri,100000
60210456737153,C001457,SAVINGS,Hazratganj,SAHY0006176,2019-08-30,ACTIVE,21314.04,faisal.kadam68@sahyadri,100000
60216785702529,C001458,SALARY,Vijay Nagar Indore,SAHY0004394,2023-03-04,ACTIVE,90514.09,siddharthrao296@sahyadri,50000
60210108301333,C001459,SAVINGS,Kothrud,SAHY0002294,2025-06-16,ACTIVE,282236.11,swapnil.deshmukh39@sahyadri,100000
60210663906377,C001460,CURRENT,Kothrud,SAHY0002294,2020-05-15,ACTIVE,46886.50,venkat.thakur16@sahyadri,100000
60213080528630,C001461,SALARY,Nashik Road,SAHY0009215,2018-08-04,ACTIVE,413347.76,lakshmimane251@sahyadri,50000
60212046573942,C001462,SENIOR_SAVINGS,Banjara Hills,SAHY0003207,2017-05-06,ACTIVE,130558.57,anthony.chavan55@sahyadri,100000
60210199613750,C001463,SAVINGS,Dharampeth Nagpur,SAHY0005140,2015-12-19,ACTIVE,214708.72,maheshshah793@sahyadri,100000
60217554448373,C001464,SAVINGS,Andheri East,SAHY0002987,2024-11-06,ACTIVE,54676.36,josephrao136@sahyadri,100000
60214540149050,C001465,SAVINGS,Kothrud,SAHY0002294,2020-08-18,ACTIVE,134605.16,ajay.nair97@sahyadri,100000
60214291791708,C001466,SAVINGS,Vijay Nagar Indore,SAHY0004394,2019-04-12,ACTIVE,197356.77,deepa.naik63@sahyadri,50000
60219436951610,C001466,SAVINGS,Vijay Nagar Indore,SAHY0004394,2025-03-13,ACTIVE,12871.43,,
60210115538457,C001467,SAVINGS,Andheri East,SAHY0002987,2020-09-23,ACTIVE,31671.31,niyer1624@sahyadri,50000
60210889258649,C001468,SALARY,Kothrud,SAHY0002294,2024-06-28,ACTIVE,95722.67,siddharth.naik25@sahyadri,100000
60216134665193,C001469,SENIOR_SAVINGS,Thane West,SAHY0007184,2025-07-17,ACTIVE,159346.60,nehasingh54@sahyadri,100000
60213456198450,C001469,SAVINGS,Thane West,SAHY0007184,2026-01-22,ACTIVE,38723.34,,
60210362876594,C001470,SAVINGS,Thane West,SAHY0007184,2025-06-06,DORMANT,6076.97,archana.salunkhe58@sahyadri,50000
60214807470905,C001471,SENIOR_SAVINGS,Navrangpura,SAHY0008491,2014-09-13,ACTIVE,174610.73,ashok.shah43@sahyadri,50000
60212090012086,C001472,SAVINGS,Kothrud,SAHY0002294,2022-03-26,ACTIVE,28224.51,maheshshah448@sahyadri,100000
60215154362484,C001472,SAVINGS,Kothrud,SAHY0002294,2024-10-23,ACTIVE,18061.38,,
60216078814331,C001473,SAVINGS,Banjara Hills,SAHY0003207,2024-09-24,ACTIVE,495658.42,meena.mane57@sahyadri,100000
60211274165330,C001474,SAVINGS,Kothrud,SAHY0002294,2018-03-12,ACTIVE,4423.81,zoya.shah42@sahyadri,100000
60212321878030,C001475,SAVINGS,Koramangala,SAHY0004797,2022-05-28,ACTIVE,58820.03,deepak.pilla17@sahyadri,50000
60214235244410,C001476,SALARY,Kothrud,SAHY0002294,2012-05-28,ACTIVE,125017.21,karthik.yadav55@sahyadri,100000
60211201036616,C001477,SAVINGS,Thane West,SAHY0007184,2025-03-25,ACTIVE,62700.68,swati_dixi56@sahyadri,50000
60210583230171,C001478,SALARY,Kothrud,SAHY0002294,2019-04-08,ACTIVE,159037.53,bhavana_gokh27@sahyadri,50000
60213725519116,C001479,CURRENT,Kothrud,SAHY0002294,2018-06-19,ACTIVE,285449.85,dtiwari2248@sahyadri,200000
60213777698584,C001480,SAVINGS,Thane West,SAHY0007184,2013-03-05,ACTIVE,115460.74,mrunal.yadav19@sahyadri,100000
60219994124236,C001481,SAVINGS,Malviya Nagar Jaipur,SAHY0001961,2012-08-16,ACTIVE,346438.39,vandanagokhale869@sahyadri,100000
60210039009514,C001482,SALARY,Andheri East,SAHY0002987,2020-04-27,ACTIVE,155055.94,anita.kulka22@sahyadri,100000
60217990100487,C001483,SENIOR_SAVINGS,Andheri East,SAHY0002987,2016-12-20,ACTIVE,176510.47,tgupta116@sahyadri,100000
60216164355720,C001484,SENIOR_SAVINGS,Thane West,SAHY0007184,2013-01-06,ACTIVE,154282.53,chinmay.desai53@sahyadri,25000
60213766129835,C001484,SAVINGS,Thane West,SAHY0007184,2020-11-02,ACTIVE,75397.25,5031336658@sahyadri,25000
60214785222951,C001485,SAVINGS,Koramangala,SAHY0004797,2015-02-12,ACTIVE,164098.95,rahul.more14@sahyadri,100000
60218723250925,C001486,SAVINGS,Andheri East,SAHY0002987,2023-09-11,ACTIVE,5632.41,ganesh.sawant59@sahyadri,50000
60212408212071,C001487,SALARY,Nashik Road,SAHY0009215,2023-06-29,ACTIVE,245688.03,anitanaidu301@sahyadri,50000
60215886360006,C001487,SAVINGS,Nashik Road,SAHY0009215,2025-10-13,ACTIVE,26765.76,,
60211726783442,C001488,SALARY,Kothrud,SAHY0002294,2014-12-23,ACTIVE,140153.65,rohit.das41@sahyadri,100000
60216944607819,C001488,SAVINGS,Kothrud,SAHY0002294,2016-05-10,ACTIVE,82040.82,,
60213499272177,C001489,SAVINGS,Kothrud,SAHY0002294,2019-10-19,ACTIVE,152680.33,priya.shinde58@sahyadri,100000
60211863747015,C001490,SALARY,Hazratganj,SAHY0006176,2017-08-01,ACTIVE,131227.23,ushagupta941@sahyadri,100000
60219436384182,C001491,CURRENT,Andheri East,SAHY0002987,2025-02-07,ACTIVE,344330.17,abhijit.gokhale89@sahyadri,100000
60219189836389,C001491,SAVINGS,Andheri East,SAHY0002987,2025-06-16,DORMANT,6828.09,,
60215461103373,C001492,SAVINGS,Hazratganj,SAHY0006176,2021-11-06,ACTIVE,199233.52,ishitaagarwal562@sahyadri,100000
60210873629649,C001493,SENIOR_SAVINGS,Connaught Place,SAHY0007799,2021-01-09,ACTIVE,19869.71,adeshmukh1889@sahyadri,25000
60218301136687,C001494,SALARY,Banjara Hills,SAHY0003207,2024-10-18,ACTIVE,157737.08,smishra6376@sahyadri,50000
60215955936796,C001495,SENIOR_SAVINGS,Navrangpura,SAHY0008491,2012-09-30,ACTIVE,113025.42,spatil8667@sahyadri,25000
60211492270916,C001496,SAVINGS,Kothrud,SAHY0002294,2014-08-22,ACTIVE,9554.01,priya.bhatt91@sahyadri,50000
60213300054670,C001497,SENIOR_SAVINGS,Koramangala,SAHY0004797,2016-11-04,ACTIVE,87143.06,siddharth_kulk91@sahyadri,25000
60213261924420,C001498,SAVINGS,Kothrud,SAHY0002294,2024-12-16,ACTIVE,35902.07,kunaliyer660@sahyadri,50000
60210799659428,C001499,SALARY,Andheri East,SAHY0002987,2024-04-06,ACTIVE,36888.67,rekha_bhat22@sahyadri,50000
60216907219794,C001500,SALARY,Kothrud,SAHY0002294,2026-05-26,ACTIVE,72283.82,tchavan588@sahyadri,100000
60213170666218,C001501,SAVINGS,Koramangala,SAHY0004797,2012-02-27,ACTIVE,133999.84,siddharthsheikh791@sahyadri,50000
60213752967463,C001501,CURRENT,Koramangala,SAHY0004797,2018-02-16,ACTIVE,203094.39,,
60215977432182,C001502,SAVINGS,Nashik Road,SAHY0009215,2017-02-13,DORMANT,25006.98,akshayverma326@sahyadri,100000
60214810031432,C001503,SALARY,Malviya Nagar Jaipur,SAHY0001961,2018-12-10,ACTIVE,300890.05,jmore1454@sahyadri,100000
60212133751434,C001504,CURRENT,Dharampeth Nagpur,SAHY0005140,2019-01-17,DORMANT,260372.04,kunal.sharm85@sahyadri,200000
60213667065794,C001505,SAVINGS,Kothrud,SAHY0002294,2025-04-26,ACTIVE,48841.22,rajesh_desh73@sahyadri,50000
60210857921289,C001506,SENIOR_SAVINGS,Kothrud,SAHY0002294,2024-03-25,ACTIVE,182147.21,sbhosale2640@sahyadri,25000
60217603645663,C001506,SAVINGS,Kothrud,SAHY0002294,2025-02-28,ACTIVE,61119.16,5626337446@sahyadri,25000
60216911483045,C001507,SAVINGS,Kothrud,SAHY0002294,2018-11-10,ACTIVE,80422.47,adesai7324@sahyadri,50000
60213226980811,C001508,SENIOR_SAVINGS,Connaught Place,SAHY0007799,2024-09-17,ACTIVE,260815.23,priya.mishra17@sahyadri,100000
60210019952064,C001509,SAVINGS,Malviya Nagar Jaipur,SAHY0001961,2021-04-04,ACTIVE,135383.14,farah.naidu57@sahyadri,50000
60214803533376,C001510,SENIOR_SAVINGS,Dharampeth Nagpur,SAHY0005140,2018-09-06,ACTIVE,263034.11,faisaltiwari949@sahyadri,50000
60213893221358,C001511,SALARY,Connaught Place,SAHY0007799,2021-03-28,ACTIVE,219875.72,rchavan3207@sahyadri,100000
60213312262854,C001512,SALARY,Nashik Road,SAHY0009215,2012-07-20,ACTIVE,435890.87,rohit_chou95@sahyadri,100000
60211813233869,C001513,SENIOR_SAVINGS,Banjara Hills,SAHY0003207,2022-03-17,ACTIVE,158185.19,prakash.das14@sahyadri,50000
60212008810981,C001514,SAVINGS,Connaught Place,SAHY0007799,2018-02-08,ACTIVE,55521.98,deepa.agarw30@sahyadri,50000
60214725762104,C001515,SAVINGS,Andheri East,SAHY0002987,2015-12-20,ACTIVE,15964.41,mrunal_meht53@sahyadri,50000
60216973265839,C001515,SAVINGS,Andheri East,SAHY0002987,2018-05-28,DORMANT,7462.73,,
60217374588902,C001516,SAVINGS,Kothrud,SAHY0002294,2023-11-12,ACTIVE,134925.69,anil.agarwal17@sahyadri,100000
60215904471023,C001517,SENIOR_SAVINGS,Andheri East,SAHY0002987,2024-02-23,ACTIVE,373660.10,faisal.rao95@sahyadri,100000
60214555584440,C001517,SAVINGS,Andheri East,SAHY0002987,2024-06-14,ACTIVE,18515.31,,
60216578987880,C001518,SAVINGS,Dharampeth Nagpur,SAHY0005140,2021-11-12,ACTIVE,53603.89,farahnaidu901@sahyadri,50000
60210173667010,C001518,CURRENT,Dharampeth Nagpur,SAHY0005140,2025-08-25,ACTIVE,74454.06,,
60213926360308,C001519,SAVINGS,Kothrud,SAHY0002294,2015-07-08,ACTIVE,2251.68,smita.pawar81@sahyadri,50000
60211546988009,C001520,SAVINGS,Kothrud,SAHY0002294,2025-03-13,DORMANT,13998.03,joseph.apte72@sahyadri,100000
60219775809618,C001521,SENIOR_SAVINGS,Hazratganj,SAHY0006176,2021-01-29,ACTIVE,317805.39,farah_mane50@sahyadri,25000
60217778588135,C001522,SALARY,Kothrud,SAHY0002294,2012-05-08,ACTIVE,222320.13,sanjay_bhos73@sahyadri,50000
60212275593184,C001523,SAVINGS,Kothrud,SAHY0002294,2022-09-10,ACTIVE,9077.24,meenadixit790@sahyadri,100000
60211042716755,C001524,SENIOR_SAVINGS,Nashik Road,SAHY0009215,2019-10-28,ACTIVE,277596.25,tushar_chou87@sahyadri,25000
60219022980788,C001524,SAVINGS,Nashik Road,SAHY0009215,2025-09-07,ACTIVE,12534.19,,
60210471504376,C001525,SAVINGS,Thane West,SAHY0007184,2025-12-12,ACTIVE,80547.21,mrunal.agarw82@sahyadri,100000
60214288848970,C001526,SENIOR_SAVINGS,Kothrud,SAHY0002294,2018-06-26,ACTIVE,177102.60,gurpreetyadav998@sahyadri,25000
60210652242734,C001527,SAVINGS,Kothrud,SAHY0002294,2023-06-07,ACTIVE,32271.71,geeta.kamat95@sahyadri,100000
60215101874190,C001528,SALARY,Andheri East,SAHY0002987,2016-11-29,ACTIVE,63449.37,srinivastiwari153@sahyadri,50000
60215336059714,C001529,SAVINGS,Banjara Hills,SAHY0003207,2018-07-02,ACTIVE,475868.01,rthakur2765@sahyadri,50000
60214878614539,C001530,SENIOR_SAVINGS,Kothrud,SAHY0002294,2023-12-23,ACTIVE,478574.60,aarti.wagh64@sahyadri,100000
60219794997142,C001531,SALARY,Kothrud,SAHY0002294,2025-03-01,ACTIVE,84490.38,srinivas.banerjee95@sahyadri,100000
60213339588766,C001531,SAVINGS,Kothrud,SAHY0002294,2025-06-18,ACTIVE,63895.19,,
60218715325141,C001532,SALARY,Connaught Place,SAHY0007799,2021-08-25,ACTIVE,245011.69,abhijit_naid50@sahyadri,50000
60216766941136,C001533,SENIOR_SAVINGS,Connaught Place,SAHY0007799,2013-05-25,ACTIVE,70802.73,aniket_gokh78@sahyadri,50000
60214359075018,C001534,CURRENT,Banjara Hills,SAHY0003207,2023-01-03,ACTIVE,8443.36,amit.kulka40@sahyadri,100000
60217690636615,C001534,SAVINGS,Banjara Hills,SAHY0003207,2024-01-24,ACTIVE,79869.01,,
60210511958745,C001535,CURRENT,Connaught Place,SAHY0007799,2018-03-29,DORMANT,32225.47,shwetakamat111@sahyadri,100000
60219205639730,C001536,SENIOR_SAVINGS,Connaught Place,SAHY0007799,2019-12-27,ACTIVE,59725.85,farah.rao33@sahyadri,100000
60212621035114,C001537,SAVINGS,Hazratganj,SAHY0006176,2014-01-15,ACTIVE,365784.19,asha_tiwa24@sahyadri,50000
60217560606140,C001538,SALARY,Dharampeth Nagpur,SAHY0005140,2012-11-18,ACTIVE,165182.89,asha.kulkarni71@sahyadri,100000
60212909802351,C001539,SENIOR_SAVINGS,Banjara Hills,SAHY0003207,2025-10-31,ACTIVE,70056.71,arun.rao13@sahyadri,100000
60211559453685,C001540,SALARY,Kothrud,SAHY0002294,2025-05-02,ACTIVE,117041.26,anilsawant175@sahyadri,100000
60210969475936,C001540,SAVINGS,Kothrud,SAHY0002294,2025-12-10,DORMANT,12017.83,,
60210497694298,C001541,SALARY,Kothrud,SAHY0002294,2026-03-04,ACTIVE,261909.67,latapandey62@sahyadri,50000
60213737109089,C001542,CURRENT,Thane West,SAHY0007184,2019-01-01,ACTIVE,47800.74,ajay.sheik38@sahyadri,200000
60219131783653,C001542,SAVINGS,Thane West,SAHY0007184,2021-10-15,ACTIVE,24731.55,5953498653@sahyadri,25000
60216554545639,C001543,SENIOR_SAVINGS,Andheri East,SAHY0002987,2012-10-25,ACTIVE,378049.08,parag.pande13@sahyadri,50000
60218628857417,C001544,SAVINGS,Kothrud,SAHY0002294,2017-07-25,ACTIVE,84693.94,omkarsingh647@sahyadri,100000
60211807399057,C001545,CURRENT,Kothrud,SAHY0002294,2013-02-24,ACTIVE,207599.31,omkar.gokha57@sahyadri,200000
60219695305946,C001546,SAVINGS,Koramangala,SAHY0004797,2015-01-18,ACTIVE,85138.69,hpandey1764@sahyadri,100000
60219604051368,C001547,SALARY,Andheri East,SAHY0002987,2024-03-10,ACTIVE,135108.73,anita_naik47@sahyadri,100000
60218903774630,C001547,SAVINGS,Andheri East,SAHY0002987,2025-02-05,ACTIVE,37948.56,5280830618@sahyadri,25000
60215759410595,C001548,SENIOR_SAVINGS,Connaught Place,SAHY0007799,2019-06-19,ACTIVE,216788.51,ndeshpande989@sahyadri,50000
60211349177471,C001549,SALARY,Kothrud,SAHY0002294,2023-11-09,ACTIVE,37765.14,sarita_gaik56@sahyadri,100000
60214307562099,C001550,SALARY,Nashik Road,SAHY0009215,2022-04-07,ACTIVE,137669.02,faisalgaikwad359@sahyadri,100000
60218303156281,C001551,SAVINGS,Kothrud,SAHY0002294,2017-02-28,ACTIVE,91199.98,lakshmi.thakur21@sahyadri,50000
60217648510457,C001552,SENIOR_SAVINGS,Connaught Place,SAHY0007799,2022-01-14,ACTIVE,179556.72,pranav.deshm39@sahyadri,50000
60211028023179,C001553,CURRENT,Connaught Place,SAHY0007799,2019-02-25,ACTIVE,276197.79,rajeshkulkarni658@sahyadri,100000
60216304615292,C001554,SAVINGS,Hazratganj,SAHY0006176,2023-04-11,ACTIVE,9943.55,jsheikh1996@sahyadri,100000
60214917208248,C001555,SAVINGS,Connaught Place,SAHY0007799,2026-01-29,ACTIVE,158122.54,sneha_verm22@sahyadri,100000
60214574513861,C001555,CURRENT,Connaught Place,SAHY0007799,2026-02-21,ACTIVE,111729.35,,
60217743202189,C001556,SAVINGS,Kothrud,SAHY0002294,2026-04-27,ACTIVE,35736.73,akshay.naidu50@sahyadri,25000
60212621000812,C001557,SAVINGS,Navrangpura,SAHY0008491,2026-05-09,ACTIVE,4917.47,kunal_desh98@sahyadri,10000
60210358519556,C001558,SALARY,Andheri East,SAHY0002987,2026-01-29,ACTIVE,238835.90,harish_yada27@sahyadri,100000
60219839557816,C001559,SAVINGS,Vijay Nagar Indore,SAHY0004394,2023-06-22,ACTIVE,6226.53,smita.saxena50@sahyadri,50000
60211967195958,C001560,SAVINGS,Kothrud,SAHY0002294,2014-05-17,ACTIVE,155654.17,lgupta8503@sahyadri,50000
60211756105210,C001560,SAVINGS,Kothrud,SAHY0002294,2021-11-01,ACTIVE,3770.65,,
60216937526932,C001561,SAVINGS,Banjara Hills,SAHY0003207,2016-11-03,ACTIVE,109777.19,revati_kale25@sahyadri,100000
60211146206210,C001561,SAVINGS,Banjara Hills,SAHY0003207,2022-09-16,FROZEN,17132.64,,
60216055443460,C001562,SALARY,Kothrud,SAHY0002294,2023-07-02,ACTIVE,217379.28,joseph.reddy98@sahyadri,50000
60219431808336,C001563,SALARY,Malviya Nagar Jaipur,SAHY0001961,2023-01-24,ACTIVE,88079.46,aditya.menon18@sahyadri,100000
60218815293883,C001564,SAVINGS,Vijay Nagar Indore,SAHY0004394,2020-02-05,ACTIVE,29283.24,ramesh.nair77@sahyadri,50000
60211434913691,C001564,SAVINGS,Vijay Nagar Indore,SAHY0004394,2023-12-20,ACTIVE,78855.24,5152086623@sahyadri,25000
60211242992737,C001565,SAVINGS,Kothrud,SAHY0002294,2022-07-11,ACTIVE,340077.13,gsharma7288@sahyadri,100000
60210552372731,C001566,CURRENT,Navrangpura,SAHY0008491,2015-04-18,DORMANT,348170.26,shwetayadav246@sahyadri,200000
60219332082143,C001567,SAVINGS,Banjara Hills,SAHY0003207,2021-06-02,ACTIVE,7507.63,suresh.shind95@sahyadri,50000
60212267426271,C001568,SALARY,Dharampeth Nagpur,SAHY0005140,2024-07-13,ACTIVE,124566.57,shalini_josh31@sahyadri,100000
60217973489922,C001569,SALARY,Nashik Road,SAHY0009215,2016-12-02,ACTIVE,7182.65,tushar.bhosa32@sahyadri,50000
60216114513284,C001570,SENIOR_SAVINGS,Nashik Road,SAHY0009215,2022-05-04,ACTIVE,149076.50,ganesh.pawar22@sahyadri,50000
60215243903334,C001571,SAVINGS,Thane West,SAHY0007184,2013-03-26,ACTIVE,146851.53,latadixit94@sahyadri,100000
60219222019572,C001572,SAVINGS,Banjara Hills,SAHY0003207,2014-06-14,ACTIVE,13587.49,zoya.kadam61@sahyadri,100000
60214584901094,C001573,CURRENT,Koramangala,SAHY0004797,2020-05-10,ACTIVE,83361.63,tnaik8175@sahyadri,100000
60218919237413,C001574,SENIOR_SAVINGS,Malviya Nagar Jaipur,SAHY0001961,2018-12-26,ACTIVE,130374.69,shalini.kulka66@sahyadri,100000
60211058184884,C001575,SENIOR_SAVINGS,Dharampeth Nagpur,SAHY0005140,2025-04-17,ACTIVE,99937.65,kunal.thakur41@sahyadri,25000
60210396713309,C001576,SENIOR_SAVINGS,Navrangpura,SAHY0008491,2023-02-16,ACTIVE,324581.91,venkat_verm22@sahyadri,100000
60218424431594,C001577,CURRENT,Connaught Place,SAHY0007799,2015-09-02,ACTIVE,341529.78,deepak.deshpande99@sahyadri,100000
60213937179605,C001578,SALARY,Kothrud,SAHY0002294,2025-02-08,ACTIVE,107190.33,joseph.shah81@sahyadri,100000
60211981008877,C001579,SENIOR_SAVINGS,Navrangpura,SAHY0008491,2012-01-11,ACTIVE,80420.67,chinmay.shah29@sahyadri,100000
60217203737916,C001580,SALARY,Malviya Nagar Jaipur,SAHY0001961,2019-03-24,ACTIVE,101201.76,kavita.shah86@sahyadri,100000
60213131281239,C001581,SAVINGS,Kothrud,SAHY0002294,2016-12-26,ACTIVE,144436.95,omkar_khan19@sahyadri,100000
60215249440742,C001581,CURRENT,Kothrud,SAHY0002294,2025-04-13,ACTIVE,9752.47,5261406840@sahyadri,25000
60212789225796,C001582,SAVINGS,Banjara Hills,SAHY0003207,2018-02-21,ACTIVE,29444.19,sshah3523@sahyadri,50000
60213024248901,C001583,SENIOR_SAVINGS,Thane West,SAHY0007184,2017-09-29,ACTIVE,71009.75,arun_kale42@sahyadri,100000
60215989829782,C001584,SAVINGS,Thane West,SAHY0007184,2015-01-03,ACTIVE,285798.08,seemathakur614@sahyadri,100000
60218763136447,C001585,SAVINGS,Connaught Place,SAHY0007799,2011-11-22,ACTIVE,175975.99,yogesh.agarwal78@sahyadri,100000
60217888852831,C001586,SALARY,Kothrud,SAHY0002294,2013-11-25,ACTIVE,94870.78,aarti.singh79@sahyadri,50000
60219570724164,C001587,SAVINGS,Navrangpura,SAHY0008491,2013-02-11,ACTIVE,49754.38,meena.patil90@sahyadri,100000
60212729938858,C001588,SALARY,Nashik Road,SAHY0009215,2022-06-25,ACTIVE,203014.09,aditya.deshmukh49@sahyadri,100000
60213541988398,C001589,CURRENT,Kothrud,SAHY0002294,2022-02-23,ACTIVE,37921.44,harpreet.gupta40@sahyadri,200000
60219193925460,C001589,SAVINGS,Kothrud,SAHY0002294,2026-05-15,ACTIVE,87988.34,,
60214934642929,C001590,SAVINGS,Andheri East,SAHY0002987,2016-01-18,ACTIVE,50147.10,orao9210@sahyadri,50000
60213617395713,C001590,SAVINGS,Andheri East,SAHY0002987,2020-08-07,FROZEN,3690.21,,
60214893628217,C001591,SALARY,Kothrud,SAHY0002294,2025-06-05,ACTIVE,374542.15,sayali.more72@sahyadri,50000
60219462861313,C001592,SALARY,Kothrud,SAHY0002294,2014-12-31,ACTIVE,256047.92,pranav.salunkhe91@sahyadri,100000
60218340276101,C001592,SAVINGS,Kothrud,SAHY0002294,2017-05-23,ACTIVE,7121.51,5967642580@sahyadri,25000
60213360762888,C001593,SENIOR_SAVINGS,Kothrud,SAHY0002294,2024-01-05,ACTIVE,80767.11,vikram_desh79@sahyadri,50000
60212014918973,C001593,SAVINGS,Kothrud,SAHY0002294,2024-11-23,ACTIVE,51104.39,,
60213189370083,C001594,SAVINGS,Banjara Hills,SAHY0003207,2019-02-15,ACTIVE,183990.86,sunitaapte963@sahyadri,100000
60219325218836,C001595,SENIOR_SAVINGS,Kothrud,SAHY0002294,2023-05-10,ACTIVE,120452.75,rekha.apte87@sahyadri,25000
60215760439548,C001595,SAVINGS,Kothrud,SAHY0002294,2024-08-02,ACTIVE,14188.99,,
60214183442907,C001596,CURRENT,Nashik Road,SAHY0009215,2024-10-16,ACTIVE,47751.94,pooja.saxen96@sahyadri,100000
60219225831059,C001597,SENIOR_SAVINGS,Malviya Nagar Jaipur,SAHY0001961,2023-11-16,ACTIVE,249034.36,kavita.thakur78@sahyadri,100000
60211456675802,C001598,SALARY,Banjara Hills,SAHY0003207,2017-06-22,ACTIVE,166724.65,bhavana.chava18@sahyadri,100000
60213936907809,C001598,SAVINGS,Banjara Hills,SAHY0003207,2025-07-27,DORMANT,10969.24,,
60217392190197,C001599,SENIOR_SAVINGS,Nashik Road,SAHY0009215,2023-09-26,ACTIVE,247870.40,revati_chav15@sahyadri,25000
60214557859193,C001600,SALARY,Kothrud,SAHY0002294,2015-09-24,ACTIVE,105589.78,rajeshdeshpande95@sahyadri,100000
60214982477003,C001601,SAVINGS,Dharampeth Nagpur,SAHY0005140,2015-04-29,ACTIVE,129631.09,syadav4526@sahyadri,100000
60210559456570,C001602,SAVINGS,Banjara Hills,SAHY0003207,2024-03-04,ACTIVE,3257,lata.thaku93@sahyadri,50000
60211694498522,C001603,SENIOR_SAVINGS,Nashik Road,SAHY0009215,2019-08-28,ACTIVE,91661.46,aiyer6249@sahyadri,25000
60218459946004,C001604,SALARY,Andheri East,SAHY0002987,2021-05-21,ACTIVE,79196.09,gurdeep.choudhary84@sahyadri,100000
60215866685861,C001605,SENIOR_SAVINGS,Andheri East,SAHY0002987,2025-04-04,ACTIVE,32456.41,vandana_wagh48@sahyadri,50000
60213238408325,C001605,SAVINGS,Andheri East,SAHY0002987,2026-03-18,ACTIVE,22873.89,5210077649@sahyadri,25000
60214751686416,C001606,SENIOR_SAVINGS,Andheri East,SAHY0002987,2024-05-16,ACTIVE,23128.36,vikram.singh81@sahyadri,50000
60217519650137,C001607,SALARY,Dharampeth Nagpur,SAHY0005140,2025-04-24,ACTIVE,91140.41,amit_chav23@sahyadri,100000
60216654384768,C001608,CURRENT,Kothrud,SAHY0002294,2012-06-18,ACTIVE,179164.29,vijaytiwari768@sahyadri,100000
60211462025021,C001609,SAVINGS,Dharampeth Nagpur,SAHY0005140,2012-06-12,ACTIVE,148609.67,jdixit1534@sahyadri,100000
60219497799258,C001609,SAVINGS,Dharampeth Nagpur,SAHY0005140,2013-02-22,ACTIVE,88009.01,,
60214093592902,C001610,SENIOR_SAVINGS,Vijay Nagar Indore,SAHY0004394,2026-01-29,ACTIVE,120539.61,hdeshmukh5952@sahyadri,50000
60211900372351,C001611,SALARY,Malviya Nagar Jaipur,SAHY0001961,2015-09-18,ACTIVE,326988.72,rahul.menon30@sahyadri,100000
60217675107141,C001612,SAVINGS,Navrangpura,SAHY0008491,2026-02-13,ACTIVE,10337.03,venkat.iyer79@sahyadri,25000
60215935271306,C001613,SAVINGS,Kothrud,SAHY0002294,2026-04-23,ACTIVE,131294.57,nishadesai63@sahyadri,100000
60210957429494,C001614,SAVINGS,Andheri East,SAHY0002987,2021-07-03,ACTIVE,4153.41,arunagarwal712@sahyadri,25000
60217195427765,C001615,SALARY,Kothrud,SAHY0002294,2015-02-14,ACTIVE,108781.55,piyer6239@sahyadri,100000
60219327613654,C001616,CURRENT,Kothrud,SAHY0002294,2024-08-27,ACTIVE,92352.11,farah.chavan61@sahyadri,100000
60213277480639,C001617,SALARY,Navrangpura,SAHY0008491,2020-06-07,FROZEN,13244.17,harpreet_desa73@sahyadri,50000
60218754438743,C001618,SAVINGS,Thane West,SAHY0007184,2022-05-15,ACTIVE,148438.83,zoya_gokh76@sahyadri,100000
60218698445859,C001619,SENIOR_SAVINGS,Nashik Road,SAHY0009215,2014-09-23,ACTIVE,196355.23,manoj.gupta82@sahyadri,50000
60215703023252,C001620,SAVINGS,Kothrud,SAHY0002294,2012-09-07,ACTIVE,109952.76,gsawant1507@sahyadri,100000
60212912758747,C001621,SALARY,Andheri East,SAHY0002987,2015-11-02,ACTIVE,161860.53,nandini_kada93@sahyadri,100000
60214294825761,C001622,CURRENT,Dharampeth Nagpur,SAHY0005140,2019-10-22,ACTIVE,138738.86,zkadam7748@sahyadri,200000
60218733046981,C001623,SAVINGS,Nashik Road,SAHY0009215,2022-04-12,ACTIVE,286454.73,rohit.reddy40@sahyadri,100000
60218078528947,C001624,SAVINGS,Koramangala,SAHY0004797,2016-09-02,ACTIVE,157612.82,fbanerjee10@sahyadri,50000
60217993244195,C001625,CURRENT,Kothrud,SAHY0002294,2022-06-15,ACTIVE,129281.02,ganesh.kamat50@sahyadri,100000
60212931136101,C001626,CURRENT,Thane West,SAHY0007184,2018-04-26,ACTIVE,214817.65,madhuri.mehta36@sahyadri,200000
60216354739973,C001627,SAVINGS,Andheri East,SAHY0002987,2024-01-14,ACTIVE,177250.83,keerthibhatt89@sahyadri,50000
60211146512177,C001628,SAVINGS,Andheri East,SAHY0002987,2020-09-17,ACTIVE,178703.11,latagaikwad725@sahyadri,100000
60219745296120,C001629,SAVINGS,Kothrud,SAHY0002294,2023-05-23,ACTIVE,25206.28,vaishali_salu17@sahyadri,100000
60217202828887,C001630,SALARY,Andheri East,SAHY0002987,2024-12-16,ACTIVE,116159.41,usha.nair71@sahyadri,100000
60219458844360,C001631,SAVINGS,Andheri East,SAHY0002987,2025-08-08,ACTIVE,26451.20,madhuri_wagh80@sahyadri,100000
60214007756966,C001632,SENIOR_SAVINGS,Kothrud,SAHY0002294,2020-09-01,ACTIVE,78705.73,asingh8931@sahyadri,100000
60215874852611,C001633,SENIOR_SAVINGS,Kothrud,SAHY0002294,2013-03-01,ACTIVE,199442.02,adeshpande661@sahyadri,25000
60211398259301,C001634,SAVINGS,Connaught Place,SAHY0007799,2023-07-05,ACTIVE,226170.91,shweta.agarwal49@sahyadri,100000
60212194854220,C001634,SAVINGS,Connaught Place,SAHY0007799,2026-02-18,ACTIVE,16878.85,,
60214686203209,C001635,SAVINGS,Koramangala,SAHY0004797,2024-07-06,ACTIVE,9202.03,kavita.singh86@sahyadri,25000
60214997425754,C001636,SENIOR_SAVINGS,Koramangala,SAHY0004797,2013-02-15,ACTIVE,233735.50,mrunal.shinde16@sahyadri,25000
60211784563556,C001636,SAVINGS,Koramangala,SAHY0004797,2015-07-25,ACTIVE,78663.69,,
60211460113093,C001637,CURRENT,Andheri East,SAHY0002987,2020-07-17,ACTIVE,176552.14,rajeshpillai901@sahyadri,200000
60218211913460,C001638,SENIOR_SAVINGS,Koramangala,SAHY0004797,2013-11-05,ACTIVE,108719.91,rupali.sawan28@sahyadri,25000
60210322959461,C001639,SALARY,Kothrud,SAHY0002294,2018-06-11,ACTIVE,56615.94,ishita.menon64@sahyadri,100000
60217551080335,C001640,SENIOR_SAVINGS,Kothrud,SAHY0002294,2019-09-16,ACTIVE,160942.98,aniketkadam368@sahyadri,50000
60210713733622,C001640,SAVINGS,Kothrud,SAHY0002294,2025-05-27,DORMANT,18925.28,,
60212309310830,C001641,SENIOR_SAVINGS,Kothrud,SAHY0002294,2021-09-05,ACTIVE,196454.24,rekhadas892@sahyadri,50000
60214265637613,C001642,SAVINGS,Banjara Hills,SAHY0003207,2022-12-31,ACTIVE,4774.88,neha.gaikwad52@sahyadri,50000
60212467153800,C001642,SAVINGS,Banjara Hills,SAHY0003207,2024-03-12,ACTIVE,19203.32,,
60219062283915,C001643,SAVINGS,Kothrud,SAHY0002294,2024-01-17,ACTIVE,164076.75,kavita.naik14@sahyadri,50000
60213826224826,C001644,SALARY,Thane West,SAHY0007184,2024-05-19,ACTIVE,234600.40,keerthi_apte41@sahyadri,50000
60213419123645,C001644,SAVINGS,Thane West,SAHY0007184,2024-09-05,DORMANT,3443.25,,
60219838520885,C001645,SALARY,Vijay Nagar Indore,SAHY0004394,2018-01-01,FROZEN,29167.20,vaishali.saxen26@sahyadri,100000
60216334676012,C001646,SAVINGS,Connaught Place,SAHY0007799,2017-10-27,ACTIVE,11263.03,gurpreetmenon267@sahyadri,50000
60213356426110,C001646,SAVINGS,Connaught Place,SAHY0007799,2024-12-29,ACTIVE,80805.58,,
60214233899948,C001647,CURRENT,Connaught Place,SAHY0007799,2020-11-23,ACTIVE,161044.31,srinivas.pande66@sahyadri,100000
60217138298126,C001647,SAVINGS,Connaught Place,SAHY0007799,2021-12-15,ACTIVE,35446.13,,
60212104477872,C001648,SENIOR_SAVINGS,Andheri East,SAHY0002987,2014-09-12,ACTIVE,44900.47,sayalisalunkhe756@sahyadri,25000
60216850261520,C001649,SAVINGS,Navrangpura,SAHY0008491,2013-09-30,ACTIVE,11596.31,tusharmore847@sahyadri,100000
60213882914875,C001650,SALARY,Vijay Nagar Indore,SAHY0004394,2019-08-23,ACTIVE,113162.75,mrunal.verma98@sahyadri,50000
60210637264698,C001651,SALARY,Andheri East,SAHY0002987,2015-07-20,ACTIVE,84607.68,ssaxena4505@sahyadri,100000
60211532358246,C001651,SAVINGS,Andheri East,SAHY0002987,2020-04-03,FROZEN,4580.91,,
60217059255201,C001652,SENIOR_SAVINGS,Kothrud,SAHY0002294,2014-06-05,ACTIVE,59562.98,harleen.apte33@sahyadri,50000
60218939766596,C001653,SENIOR_SAVINGS,Kothrud,SAHY0002294,2018-09-18,ACTIVE,253157.87,sagar_naik49@sahyadri,100000
60217593082738,C001654,SALARY,Kothrud,SAHY0002294,2022-09-16,ACTIVE,107657.52,mahesh.naik61@sahyadri,100000
60214579777503,C001655,SENIOR_SAVINGS,Malviya Nagar Jaipur,SAHY0001961,2023-01-30,ACTIVE,119622.08,rekha.bhosa50@sahyadri,100000
60214250664453,C001656,SAVINGS,Navrangpura,SAHY0008491,2018-03-03,ACTIVE,99985.05,harleenkadam15@sahyadri,100000
60211038419308,C001657,SENIOR_SAVINGS,Kothrud,SAHY0002294,2013-11-22,ACTIVE,133046.04,pranav_naik79@sahyadri,50000
60212697147551,C001658,SAVINGS,Connaught Place,SAHY0007799,2021-11-09,DORMANT,43606.63,sunil.thakur82@sahyadri,100000
60213893313412,C001658,CURRENT,Connaught Place,SAHY0007799,2023-07-10,ACTIVE,8389.60,,
60210509267802,C001659,SAVINGS,Connaught Place,SAHY0007799,2025-01-21,ACTIVE,3531.32,sjoshi9657@sahyadri,50000
60219650288240,C001660,SAVINGS,Thane West,SAHY0007184,2015-04-11,ACTIVE,122339.94,smita.jadha27@sahyadri,50000
60214546523507,C001660,SAVINGS,Thane West,SAHY0007184,2021-03-14,ACTIVE,8442.37,,
60213744797725,C001661,SENIOR_SAVINGS,Andheri East,SAHY0002987,2019-05-25,ACTIVE,140158.63,vandana.bhatt45@sahyadri,25000
60213144048060,C001662,SAVINGS,Hazratganj,SAHY0006176,2015-07-10,ACTIVE,175402.60,rjoshi8570@sahyadri,50000
60217433626307,C001663,SAVINGS,Kothrud,SAHY0002294,2014-09-24,FROZEN,36742.45,manoj_pati10@sahyadri,50000
60216719693361,C001664,SENIOR_SAVINGS,Kothrud,SAHY0002294,2019-12-07,ACTIVE,151331.73,priya_salu79@sahyadri,25000
60213445856709,C001665,SAVINGS,Kothrud,SAHY0002294,2024-06-29,ACTIVE,4358.43,komal.mane84@sahyadri,50000
60211185912703,C001665,SAVINGS,Kothrud,SAHY0002294,2026-05-04,ACTIVE,23305.29,5691961099@sahyadri,25000
60217908768028,C001666,SAVINGS,Kothrud,SAHY0002294,2015-08-20,ACTIVE,33828.42,gurpreet.shah30@sahyadri,25000
60215441505408,C001667,SAVINGS,Malviya Nagar Jaipur,SAHY0001961,2022-08-13,ACTIVE,76746.61,siddharth_salu77@sahyadri,100000
60210537376338,C001667,CURRENT,Malviya Nagar Jaipur,SAHY0001961,2023-05-21,ACTIVE,17642.75,,
60210264998837,C001668,SAVINGS,Koramangala,SAHY0004797,2016-07-10,ACTIVE,56421.35,geeta.shah14@sahyadri,50000
60218147602498,C001668,CURRENT,Koramangala,SAHY0004797,2018-11-22,DORMANT,53819.02,,
60211108288796,C001669,SAVINGS,Vijay Nagar Indore,SAHY0004394,2021-08-25,ACTIVE,18781.56,asha_desa58@sahyadri,100000
60210757316359,C001670,SAVINGS,Dharampeth Nagpur,SAHY0005140,2018-11-13,ACTIVE,205951.65,jyoti_salu16@sahyadri,100000
60213898638550,C001671,CURRENT,Kothrud,SAHY0002294,2022-04-30,ACTIVE,86261.92,nkale4051@sahyadri,200000
60214762092124,C001672,SALARY,Kothrud,SAHY0002294,2021-06-14,ACTIVE,129447.77,sunitasaxena973@sahyadri,50000
60210858274525,C001673,SAVINGS,Andheri East,SAHY0002987,2012-06-14,ACTIVE,83206.36,revati_chav29@sahyadri,100000
60218404279994,C001674,SAVINGS,Nashik Road,SAHY0009215,2021-09-27,ACTIVE,221763.56,sunita.jadhav88@sahyadri,100000
60210217221834,C001675,SAVINGS,Banjara Hills,SAHY0003207,2023-11-12,ACTIVE,152893.44,sagarnaidu138@sahyadri,100000
60212239007509,C001675,CURRENT,Banjara Hills,SAHY0003207,2024-09-01,ACTIVE,8768.76,,
60217802470285,C001676,SAVINGS,Kothrud,SAHY0002294,2014-06-08,ACTIVE,69169.37,rajesh.tiwari23@sahyadri,100000
60219161351513,C001677,SALARY,Connaught Place,SAHY0007799,2021-12-26,ACTIVE,104579.24,shwetasalunkhe763@sahyadri,100000
60211478901722,C001678,SAVINGS,Kothrud,SAHY0002294,2023-05-15,ACTIVE,114936.29,aditya_kulk84@sahyadri,50000
60212573028521,C001679,SALARY,Kothrud,SAHY0002294,2020-07-02,ACTIVE,98424.82,anthonydas18@sahyadri,100000
60219591261807,C001680,SALARY,Andheri East,SAHY0002987,2019-03-20,ACTIVE,196900.80,rekha.apte90@sahyadri,100000
60218447873219,C001681,SAVINGS,Kothrud,SAHY0002294,2026-02-26,ACTIVE,7640.53,rahulagarwal777@sahyadri,10000
60215753415898,C001682,SALARY,Kothrud,SAHY0002294,2014-03-20,ACTIVE,47646.58,jyoti_shei20@sahyadri,100000
60211564007767,C001683,SAVINGS,Connaught Place,SAHY0007799,2019-11-22,ACTIVE,88969.25,dineshdesai265@sahyadri,100000
60212229992008,C001683,CURRENT,Connaught Place,SAHY0007799,2020-10-18,ACTIVE,17431.41,,
60213237459556,C001684,SAVINGS,Vijay Nagar Indore,SAHY0004394,2021-04-03,ACTIVE,53936.03,sachin.pillai73@sahyadri,50000
60212699670941,C001685,SAVINGS,Kothrud,SAHY0002294,2017-09-21,ACTIVE,111004.39,divya.agarwal92@sahyadri,100000
60219653886183,C001686,SALARY,Banjara Hills,SAHY0003207,2021-02-05,ACTIVE,72189.76,rohit.deshmukh93@sahyadri,100000
60211402917984,C001687,SALARY,Vijay Nagar Indore,SAHY0004394,2026-02-28,ACTIVE,163202.88,snair4401@sahyadri,100000
60219789683814,C001688,SENIOR_SAVINGS,Navrangpura,SAHY0008491,2024-07-03,ACTIVE,285234.33,anjali.kamat97@sahyadri,50000
60212256702540,C001689,SAVINGS,Koramangala,SAHY0004797,2014-04-04,ACTIVE,108104.91,vijayjadhav159@sahyadri,50000
60217025346253,C001690,SENIOR_SAVINGS,Andheri East,SAHY0002987,2015-07-07,ACTIVE,231095.24,suresh.thaku13@sahyadri,100000
60211380621310,C001691,SAVINGS,Kothrud,SAHY0002294,2019-04-17,ACTIVE,83585.77,pooja.pilla23@sahyadri,100000
60216949061664,C001692,SAVINGS,Andheri East,SAHY0002987,2015-12-28,FROZEN,43893.60,sshinde2627@sahyadri,50000
60217817658673,C001693,SAVINGS,Andheri East,SAHY0002987,2022-08-21,ACTIVE,93953.88,akamat6945@sahyadri,100000
60216132358510,C001694,SAVINGS,Thane West,SAHY0007184,2017-07-11,ACTIVE,2730.86,harleen.gaikw98@sahyadri,25000
60211090456498,C001695,SAVINGS,Kothrud,SAHY0002294,2014-04-20,ACTIVE,155921.92,vijayshah56@sahyadri,100000
60219604542103,C001696,SAVINGS,Thane West,SAHY0007184,2014-04-06,ACTIVE,6491.26,poojagaikwad254@sahyadri,50000
60210576466615,C001697,SAVINGS,Andheri East,SAHY0002987,2016-11-04,ACTIVE,396073.71,pooja.khan89@sahyadri,100000
60214864451107,C001698,SAVINGS,Kothrud,SAHY0002294,2025-09-29,ACTIVE,94392,mbhatt2214@sahyadri,100000
60219637495465,C001699,SAVINGS,Andheri East,SAHY0002987,2016-10-24,ACTIVE,157866.40,akshay.deshpande45@sahyadri,100000
60215684094028,C001700,SALARY,Thane West,SAHY0007184,2024-09-30,ACTIVE,148226.99,srinivas.nair37@sahyadri,100000
60215956406854,C001701,SAVINGS,Connaught Place,SAHY0007799,2012-02-27,ACTIVE,84586.61,amitnaik386@sahyadri,100000
60216749177623,C001702,SAVINGS,Koramangala,SAHY0004797,2023-02-28,ACTIVE,125762.40,vijayshinde249@sahyadri,100000
60214354828619,C001703,SAVINGS,Banjara Hills,SAHY0003207,2022-03-12,ACTIVE,9760.21,rahul_naid36@sahyadri,100000
60218771687864,C001704,SAVINGS,Banjara Hills,SAHY0003207,2016-10-14,ACTIVE,3966.18,kavitanaik134@sahyadri,100000
60218952631061,C001705,SENIOR_SAVINGS,Dharampeth Nagpur,SAHY0005140,2016-08-21,ACTIVE,176836.84,srinivas.singh65@sahyadri,25000
60217503689581,C001706,SALARY,Hazratganj,SAHY0006176,2021-05-10,ACTIVE,81959.16,hgokhale992@sahyadri,50000
60212590854886,C001707,SENIOR_SAVINGS,Andheri East,SAHY0002987,2025-06-08,ACTIVE,219820.60,ganesh.naik55@sahyadri,100000
60219120999028,C001708,SAVINGS,Koramangala,SAHY0004797,2025-05-20,ACTIVE,13081.75,rjoshi9766@sahyadri,10000
60213428859248,C001709,SALARY,Connaught Place,SAHY0007799,2023-10-27,ACTIVE,55906.30,vinayakrao22@sahyadri,50000
60212273727916,C001710,SALARY,Banjara Hills,SAHY0003207,2023-01-14,ACTIVE,222584.50,jyotisingh416@sahyadri,100000
60215400952356,C001711,SAVINGS,Kothrud,SAHY0002294,2025-07-18,ACTIVE,218069.08,aditya.gupta59@sahyadri,100000
60219800793528,C001712,SALARY,Malviya Nagar Jaipur,SAHY0001961,2016-06-01,ACTIVE,193260.77,gurpreet.rao80@sahyadri,50000
60219002636351,C001713,SAVINGS,Kothrud,SAHY0002294,2013-06-05,ACTIVE,317330.60,manojnair931@sahyadri,50000
60211823271877,C001714,SALARY,Andheri East,SAHY0002987,2020-04-23,ACTIVE,198450.07,archanasheikh488@sahyadri,50000
60219339049403,C001715,CURRENT,Dharampeth Nagpur,SAHY0005140,2021-05-05,ACTIVE,71753.65,lakshmimenon900@sahyadri,100000
60213940087221,C001716,SENIOR_SAVINGS,Connaught Place,SAHY0007799,2017-06-17,ACTIVE,146135.31,seemadeshmukh168@sahyadri,50000
60216369964493,C001717,SAVINGS,Kothrud,SAHY0002294,2012-09-15,ACTIVE,247855.67,smita.desai94@sahyadri,100000
60212067592194,C001718,SALARY,Andheri East,SAHY0002987,2021-05-03,ACTIVE,144692.14,snehasheikh332@sahyadri,100000
60214635847071,C001718,SAVINGS,Andheri East,SAHY0002987,2025-08-19,ACTIVE,6650.09,,
60217396739365,C001719,SALARY,Kothrud,SAHY0002294,2014-10-23,ACTIVE,224873.36,kdas2383@sahyadri,100000
60214686954393,C001720,SENIOR_SAVINGS,Dharampeth Nagpur,SAHY0005140,2015-08-24,ACTIVE,185256.23,kthakur2065@sahyadri,25000
60210555719911,C001720,SAVINGS,Dharampeth Nagpur,SAHY0005140,2021-03-12,DORMANT,22353.14,,
60216969491715,C001721,SAVINGS,Andheri East,SAHY0002987,2024-06-05,ACTIVE,281031.78,karthikchavan384@sahyadri,100000
60218411703552,C001722,SALARY,Vijay Nagar Indore,SAHY0004394,2015-04-01,ACTIVE,88843.24,imransalunkhe820@sahyadri,50000
60213320250559,C001723,SAVINGS,Koramangala,SAHY0004797,2026-02-04,ACTIVE,2592.05,sachin.nair60@sahyadri,25000
60212315901095,C001724,SALARY,Nashik Road,SAHY0009215,2021-04-06,ACTIVE,230628.48,sunitapillai327@sahyadri,50000
60213243613694,C001724,SAVINGS,Nashik Road,SAHY0009215,2025-05-24,ACTIVE,34905.38,,
60213401956333,C001725,CURRENT,Koramangala,SAHY0004797,2018-09-30,ACTIVE,83056.44,karthik.mane58@sahyadri,100000
60216630213569,C001726,SAVINGS,Dharampeth Nagpur,SAHY0005140,2012-03-13,ACTIVE,40167.26,neha_kale77@sahyadri,100000
60212333757103,C001727,SAVINGS,Banjara Hills,SAHY0003207,2025-10-05,ACTIVE,63036.82,gurdeep.gupta11@sahyadri,100000
60213332908136,C001728,SENIOR_SAVINGS,Kothrud,SAHY0002294,2019-12-20,ACTIVE,86075.85,rahul.agarw52@sahyadri,50000
60218036225623,C001729,SAVINGS,Thane West,SAHY0007184,2022-06-24,ACTIVE,48898.92,aditya.verma92@sahyadri,100000
60211347359796,C001730,SAVINGS,Kothrud,SAHY0002294,2017-05-26,ACTIVE,11545.95,farah_josh39@sahyadri,100000
60215610777541,C001731,SAVINGS,Banjara Hills,SAHY0003207,2018-04-25,ACTIVE,8877.91,shalinibanerjee890@sahyadri,50000
60212735248881,C001732,SALARY,Koramangala,SAHY0004797,2015-04-17,ACTIVE,176880.96,prakash.saxen74@sahyadri,100000
60213547819193,C001733,SALARY,Vijay Nagar Indore,SAHY0004394,2021-06-21,ACTIVE,229640.21,gurdeep_bane82@sahyadri,50000
60211674936893,C001734,SAVINGS,Koramangala,SAHY0004797,2013-08-22,ACTIVE,29744.43,ushasawant198@sahyadri,100000
60216476434069,C001735,CURRENT,Hazratganj,SAHY0006176,2018-11-14,ACTIVE,30025.45,rmishra4251@sahyadri,100000
60210877363086,C001736,SAVINGS,Vijay Nagar Indore,SAHY0004394,2013-08-27,ACTIVE,230262.49,anilwagh399@sahyadri,100000
60216025756048,C001737,SAVINGS,Connaught Place,SAHY0007799,2012-03-06,ACTIVE,69222.92,smore4585@sahyadri,100000
60216945697236,C001738,SAVINGS,Banjara Hills,SAHY0003207,2014-02-28,ACTIVE,255651.98,mchoudhary8252@sahyadri,100000
60213506271729,C001738,SAVINGS,Banjara Hills,SAHY0003207,2016-12-24,ACTIVE,15056.30,,
60210607308250,C001739,SAVINGS,Navrangpura,SAHY0008491,2017-04-20,ACTIVE,94444.04,sanjay.singh26@sahyadri,100000
60211540604181,C001740,SALARY,Kothrud,SAHY0002294,2012-09-05,ACTIVE,284928.65,shwetakulkarni697@sahyadri,50000
60218159158891,C001741,SENIOR_SAVINGS,Kothrud,SAHY0002294,2021-05-11,ACTIVE,203967.51,abhijit.saxena25@sahyadri,100000
60215246434599,C001741,SAVINGS,Kothrud,SAHY0002294,2025-03-10,DORMANT,19272.34,,
60218774254331,C001742,CURRENT,Hazratganj,SAHY0006176,2012-04-24,ACTIVE,81106.64,tushar.joshi44@sahyadri,100000
60218082277686,C001743,SAVINGS,Koramangala,SAHY0004797,2026-05-28,ACTIVE,88026.58,rekha.sharma20@sahyadri,100000
60213444749437,C001744,SALARY,Vijay Nagar Indore,SAHY0004394,2012-01-28,ACTIVE,267684.99,pallavisharma838@sahyadri,100000
60214785727995,C001745,SALARY,Banjara Hills,SAHY0003207,2019-09-29,ACTIVE,277330.33,ashinde7194@sahyadri,100000
60210177264735,C001746,SAVINGS,Connaught Place,SAHY0007799,2018-05-08,ACTIVE,220668.35,harleen.deshp66@sahyadri,50000
60212203370439,C001746,CURRENT,Connaught Place,SAHY0007799,2022-07-15,ACTIVE,48521.79,,
60211044161324,C001747,SALARY,Navrangpura,SAHY0008491,2019-04-19,DORMANT,24042.18,archana.patil67@sahyadri,100000
60214785393295,C001748,SENIOR_SAVINGS,Kothrud,SAHY0002294,2020-06-24,ACTIVE,668108.04,aditya_sawa91@sahyadri,50000
60214609625957,C001749,SENIOR_SAVINGS,Andheri East,SAHY0002987,2018-12-09,ACTIVE,347038.61,chinmay.iyer11@sahyadri,50000
60214106196197,C001750,SAVINGS,Hazratganj,SAHY0006176,2014-10-31,ACTIVE,132422.72,divyaapte647@sahyadri,100000
60210534596617,C001751,SAVINGS,Kothrud,SAHY0002294,2020-05-08,ACTIVE,41177.89,anjali.gokhale36@sahyadri,100000
60217652454394,C001752,SAVINGS,Kothrud,SAHY0002294,2024-11-13,ACTIVE,89075.58,bhavana.rao14@sahyadri,100000
60214113665900,C001753,SALARY,Connaught Place,SAHY0007799,2017-01-02,ACTIVE,96647.93,ppandey3083@sahyadri,100000
60213209155658,C001753,SAVINGS,Connaught Place,SAHY0007799,2026-04-30,ACTIVE,70060.12,,
60218795069708,C001754,SAVINGS,Banjara Hills,SAHY0003207,2024-03-30,ACTIVE,13228.80,pverma4317@sahyadri,25000
60212269721384,C001754,SAVINGS,Banjara Hills,SAHY0003207,2025-10-21,ACTIVE,2538.73,,
60211458002202,C001755,SALARY,Koramangala,SAHY0004797,2020-04-28,ACTIVE,93838.34,sbanerjee9228@sahyadri,100000
60214119374580,C001755,SAVINGS,Koramangala,SAHY0004797,2026-04-23,ACTIVE,5524.57,5769502374@sahyadri,25000
60212630148723,C001756,CURRENT,Nashik Road,SAHY0009215,2014-06-04,ACTIVE,70833.22,imranchoudhary778@sahyadri,200000
60215897718510,C001757,SENIOR_SAVINGS,Andheri East,SAHY0002987,2014-12-22,ACTIVE,91200.52,usha.mishra21@sahyadri,50000
60212873113662,C001757,SAVINGS,Andheri East,SAHY0002987,2018-11-19,ACTIVE,16702.62,5066135884@sahyadri,25000
60219084019067,C001758,SAVINGS,Nashik Road,SAHY0009215,2015-02-20,ACTIVE,7699.07,lshah115@sahyadri,50000
60219701417623,C001758,SAVINGS,Nashik Road,SAHY0009215,2018-11-24,DORMANT,3915.27,,
60217273662116,C001759,SAVINGS,Malviya Nagar Jaipur,SAHY0001961,2017-06-15,ACTIVE,111605.71,abhijit.gokha75@sahyadri,50000
60216879146765,C001760,SENIOR_SAVINGS,Koramangala,SAHY0004797,2024-09-16,ACTIVE,261607.08,keerthi.apte43@sahyadri,100000
60214591886047,C001761,SAVINGS,Kothrud,SAHY0002294,2024-06-20,DORMANT,46511.18,aditya_sing86@sahyadri,100000
60213424054885,C001762,SAVINGS,Kothrud,SAHY0002294,2016-06-08,ACTIVE,112662.89,ananya_kale96@sahyadri,100000
60214482352033,C001763,SALARY,Nashik Road,SAHY0009215,2026-03-14,ACTIVE,170330.88,drao4498@sahyadri,100000
60217635038656,C001764,SAVINGS,Dharampeth Nagpur,SAHY0005140,2016-05-31,ACTIVE,128191.75,kdesai9327@sahyadri,100000
60218801458196,C001765,SENIOR_SAVINGS,Banjara Hills,SAHY0003207,2017-07-02,ACTIVE,140841.37,rahuldixit680@sahyadri,25000
60214779466067,C001765,SAVINGS,Banjara Hills,SAHY0003207,2022-08-05,ACTIVE,91183,5475054565@sahyadri,25000
60217870306604,C001766,SALARY,Banjara Hills,SAHY0003207,2017-06-01,ACTIVE,223843.24,sdixit3303@sahyadri,50000
60219052122402,C001767,SAVINGS,Koramangala,SAHY0004797,2025-03-28,ACTIVE,116533.61,sayali.pande40@sahyadri,50000
60211424268723,C001768,SALARY,Koramangala,SAHY0004797,2021-03-01,ACTIVE,94209.85,sneha.saxen38@sahyadri,50000
60219386544171,C001769,SAVINGS,Connaught Place,SAHY0007799,2013-12-23,ACTIVE,361153.57,sneha.sawant26@sahyadri,100000
60213412382629,C001770,SALARY,Koramangala,SAHY0004797,2013-05-25,ACTIVE,95923.17,neha.dixit35@sahyadri,100000
60215706819433,C001771,SAVINGS,Banjara Hills,SAHY0003207,2015-11-08,ACTIVE,236541.65,sayaliyadav824@sahyadri,50000
60210717834279,C001772,SENIOR_SAVINGS,Kothrud,SAHY0002294,2017-07-10,ACTIVE,159361.87,sanjay_pand90@sahyadri,50000
60216626366397,C001773,SAVINGS,Kothrud,SAHY0002294,2023-03-25,ACTIVE,23742.32,revati_desh20@sahyadri,50000
60216311776778,C001774,SENIOR_SAVINGS,Connaught Place,SAHY0007799,2022-01-29,ACTIVE,71239.21,deepakmane150@sahyadri,25000
60217878353430,C001775,SALARY,Thane West,SAHY0007184,2019-10-13,ACTIVE,334766.78,farah.pilla78@sahyadri,100000
60217034538771,C001776,SAVINGS,Connaught Place,SAHY0007799,2019-05-23,ACTIVE,153354.48,aniket.chava21@sahyadri,50000
60211509567260,C001777,SAVINGS,Hazratganj,SAHY0006176,2017-05-15,ACTIVE,170829.02,vchavan1657@sahyadri,50000
60213243566121,C001778,SENIOR_SAVINGS,Kothrud,SAHY0002294,2014-08-29,ACTIVE,184798.37,girish.desai42@sahyadri,50000
60216445774600,C001779,SENIOR_SAVINGS,Andheri East,SAHY0002987,2021-08-21,ACTIVE,81614.13,prakash.iyer93@sahyadri,25000
60215185512524,C001780,SAVINGS,Nashik Road,SAHY0009215,2013-07-16,ACTIVE,81165.96,vsharma4437@sahyadri,50000
60214804383802,C001781,SAVINGS,Banjara Hills,SAHY0003207,2018-04-23,ACTIVE,6406.59,vaishali.desai38@sahyadri,100000
60218450975377,C001782,SALARY,Kothrud,SAHY0002294,2019-02-06,ACTIVE,17284.31,lakshmi.choud19@sahyadri,100000
60213101826071,C001783,SAVINGS,Vijay Nagar Indore,SAHY0004394,2026-04-03,ACTIVE,213857.24,siddharth.jadhav24@sahyadri,100000
60214751615524,C001784,SAVINGS,Malviya Nagar Jaipur,SAHY0001961,2023-11-11,ACTIVE,65857.90,radha.verma82@sahyadri,50000
60212329281857,C001785,SAVINGS,Dharampeth Nagpur,SAHY0005140,2025-09-07,ACTIVE,65525.23,ssharma1946@sahyadri,50000
60213696289071,C001786,SAVINGS,Thane West,SAHY0007184,2012-12-07,ACTIVE,100557.95,archanabhosale892@sahyadri,100000
60213100061425,C001787,SENIOR_SAVINGS,Kothrud,SAHY0002294,2016-09-08,ACTIVE,120730.56,karthik.gaikw59@sahyadri,50000
60215971225649,C001788,SAVINGS,Kothrud,SAHY0002294,2019-08-27,ACTIVE,236748.34,akshay_desa59@sahyadri,100000
60219175250614,C001789,SALARY,Navrangpura,SAHY0008491,2022-09-01,ACTIVE,232080.10,yogesh.singh43@sahyadri,100000
60218596241973,C001790,SALARY,Kothrud,SAHY0002294,2013-02-27,ACTIVE,160527.29,kunal_gaik32@sahyadri,50000
60210956078752,C001791,SALARY,Kothrud,SAHY0002294,2016-07-13,ACTIVE,165598.77,anita.kamat89@sahyadri,100000
60218773470161,C001792,SENIOR_SAVINGS,Thane West,SAHY0007184,2021-02-07,ACTIVE,204341.72,anthony.joshi38@sahyadri,50000
60216484922282,C001793,SAVINGS,Hazratganj,SAHY0006176,2024-01-11,ACTIVE,82630.02,sarita.singh64@sahyadri,100000
60210332065865,C001794,SENIOR_SAVINGS,Kothrud,SAHY0002294,2025-01-03,ACTIVE,70636.56,geeta_agar60@sahyadri,25000
60210515580832,C001795,SAVINGS,Nashik Road,SAHY0009215,2018-05-13,ACTIVE,64502.47,abhijit.choud16@sahyadri,100000
60212378211305,C001796,SENIOR_SAVINGS,Andheri East,SAHY0002987,2024-05-02,ACTIVE,130116.33,srinivas.baner41@sahyadri,25000
60219085280800,C001797,SAVINGS,Dharampeth Nagpur,SAHY0005140,2026-03-02,ACTIVE,5866.31,sneha.chavan53@sahyadri,10000
60211880082286,C001798,SAVINGS,Koramangala,SAHY0004797,2026-04-28,ACTIVE,10407.82,sneha_kada39@sahyadri,50000
60210559348967,C001799,SENIOR_SAVINGS,Kothrud,SAHY0002294,2022-05-02,ACTIVE,167908.61,pooja.patil76@sahyadri,25000
60216297106960,C001800,SAVINGS,Vijay Nagar Indore,SAHY0004394,2019-02-04,ACTIVE,74008.56,rahul.naidu82@sahyadri,100000
60212097068901,C001801,SALARY,Andheri East,SAHY0002987,2025-08-17,ACTIVE,169378.37,amitdeshpande600@sahyadri,50000
60212050839743,C001802,SAVINGS,Dharampeth Nagpur,SAHY0005140,2018-06-22,ACTIVE,161449.12,rajesh.naidu58@sahyadri,50000
60219022979600,C001803,SALARY,Kothrud,SAHY0002294,2025-09-21,ACTIVE,324242.63,amit.sheikh45@sahyadri,50000
60214868905534,C001804,SENIOR_SAVINGS,Navrangpura,SAHY0008491,2018-12-16,ACTIVE,208849.03,revati.tiwari15@sahyadri,100000
60213358722591,C001805,SENIOR_SAVINGS,Nashik Road,SAHY0009215,2013-07-04,ACTIVE,272709.85,anjali_apte58@sahyadri,50000
60212709603421,C001805,SAVINGS,Nashik Road,SAHY0009215,2020-09-24,DORMANT,13353.95,,
60215101322967,C001806,SALARY,Kothrud,SAHY0002294,2025-03-01,ACTIVE,256946.51,sarita.gokhale19@sahyadri,100000
60210189716163,C001807,SAVINGS,Andheri East,SAHY0002987,2021-07-30,ACTIVE,4412.11,anita.menon65@sahyadri,50000
60219073159945,C001808,SENIOR_SAVINGS,Kothrud,SAHY0002294,2024-11-14,ACTIVE,18318.03,kdesai9310@sahyadri,50000
60215534213790,C001809,SALARY,Nashik Road,SAHY0009215,2019-01-10,ACTIVE,156123.66,hsaxena9559@sahyadri,100000
60217971871861,C001810,SENIOR_SAVINGS,Vijay Nagar Indore,SAHY0004394,2018-11-13,ACTIVE,98591.37,vikram_more60@sahyadri,25000
60219404719978,C001811,SAVINGS,Thane West,SAHY0007184,2016-11-13,ACTIVE,221319.41,gurdeep.shind21@sahyadri,50000
60217761353420,C001812,SAVINGS,Nashik Road,SAHY0009215,2026-03-24,ACTIVE,13547.47,rekha_kama79@sahyadri,10000
60218438126737,C001813,SALARY,Kothrud,SAHY0002294,2012-03-22,ACTIVE,228545.62,deepa.mishr59@sahyadri,100000
60213258079972,C001814,SAVINGS,Connaught Place,SAHY0007799,2019-12-27,ACTIVE,253962.20,mrunal.pandey16@sahyadri,50000
60216865126962,C001815,CURRENT,Kothrud,SAHY0002294,2012-07-08,ACTIVE,146855.94,farah.das52@sahyadri,100000
60212210321839,C001816,CURRENT,Kothrud,SAHY0002294,2020-01-01,ACTIVE,108559.21,otiwari7101@sahyadri,200000
60210286099282,C001817,SAVINGS,Kothrud,SAHY0002294,2016-04-26,ACTIVE,160739.73,fdixit5412@sahyadri,100000
60217477232065,C001818,SAVINGS,Kothrud,SAHY0002294,2021-10-10,ACTIVE,22202.46,usaxena218@sahyadri,100000
60214605742751,C001819,SAVINGS,Dharampeth Nagpur,SAHY0005140,2017-06-29,ACTIVE,94705.30,anita_apte18@sahyadri,50000
60218562411568,C001820,SAVINGS,Andheri East,SAHY0002987,2023-03-22,ACTIVE,117091.55,zoyashah381@sahyadri,100000
60215924961224,C001821,SALARY,Koramangala,SAHY0004797,2011-10-09,ACTIVE,149285.34,mangesh.menon55@sahyadri,100000
60212341779301,C001822,SAVINGS,Kothrud,SAHY0002294,2025-04-01,ACTIVE,9987.93,kavita.kulkarni43@sahyadri,10000
60214279436268,C001823,SAVINGS,Andheri East,SAHY0002987,2018-11-20,ACTIVE,21836.19,pranav.salunkhe47@sahyadri,100000
60218938094646,C001824,SAVINGS,Kothrud,SAHY0002294,2025-12-08,ACTIVE,1634.50,dwagh1986@sahyadri,50000
60217068359983,C001825,SALARY,Connaught Place,SAHY0007799,2017-12-13,ACTIVE,6188.07,chinmay_kale29@sahyadri,100000
60213900059453,C001825,SAVINGS,Connaught Place,SAHY0007799,2020-02-18,ACTIVE,47626.94,5047846384@sahyadri,25000
60215700565985,C001826,SALARY,Banjara Hills,SAHY0003207,2021-02-26,ACTIVE,294980.20,akamat6111@sahyadri,50000
60217000840161,C001827,SENIOR_SAVINGS,Vijay Nagar Indore,SAHY0004394,2015-12-13,ACTIVE,258904.34,vandana_gokh27@sahyadri,50000
60211084486592,C001828,SAVINGS,Kothrud,SAHY0002294,2018-03-17,ACTIVE,107205.97,vmore3347@sahyadri,100000
60211782101255,C001828,CURRENT,Kothrud,SAHY0002294,2022-04-16,ACTIVE,38266.66,,
60216205685216,C001829,CURRENT,Dharampeth Nagpur,SAHY0005140,2020-12-05,ACTIVE,151609.10,sarita.naidu76@sahyadri,100000
60217193923399,C001830,SENIOR_SAVINGS,Thane West,SAHY0007184,2015-11-11,ACTIVE,284384.21,archana.mane75@sahyadri,50000
60212049678000,C001831,SAVINGS,Dharampeth Nagpur,SAHY0005140,2015-10-29,ACTIVE,243263.71,ashagaikwad490@sahyadri,100000
60212590733647,C001832,SAVINGS,Koramangala,SAHY0004797,2011-10-11,ACTIVE,13852.84,seema.sheik81@sahyadri,100000
60212845600585,C001833,SAVINGS,Kothrud,SAHY0002294,2017-05-19,ACTIVE,63312.10,sagar.yadav85@sahyadri,100000
60219552125886,C001834,SALARY,Andheri East,SAHY0002987,2012-12-31,ACTIVE,127087.10,poojapandey669@sahyadri,100000
60218727779216,C001835,SALARY,Kothrud,SAHY0002294,2017-03-31,ACTIVE,145430.30,mrunalnaik840@sahyadri,50000
60218310297354,C001836,SAVINGS,Kothrud,SAHY0002294,2013-08-10,FROZEN,5804.53,ajay_pill68@sahyadri,50000
60213825392252,C001837,SAVINGS,Hazratganj,SAHY0006176,2018-08-29,ACTIVE,76975.71,nishasaxena802@sahyadri,100000
60216778219537,C001838,SAVINGS,Kothrud,SAHY0002294,2022-05-26,ACTIVE,5311.44,komal.jadha29@sahyadri,25000
60211039344131,C001839,SAVINGS,Kothrud,SAHY0002294,2022-12-13,DORMANT,42313.63,rajesh.naik30@sahyadri,100000
60216332820788,C001840,CURRENT,Vijay Nagar Indore,SAHY0004394,2017-07-17,ACTIVE,39648.10,anita.gokha35@sahyadri,100000
60217181570574,C001841,SENIOR_SAVINGS,Kothrud,SAHY0002294,2013-10-18,ACTIVE,117093.67,faisal.bhatt58@sahyadri,50000
60210906744086,C001842,SALARY,Koramangala,SAHY0004797,2019-02-03,ACTIVE,185426.31,vijay.mehta35@sahyadri,100000
60212406713386,C001843,SALARY,Dharampeth Nagpur,SAHY0005140,2026-02-28,ACTIVE,170346.97,amitsharma196@sahyadri,100000
60219939113254,C001844,SALARY,Dharampeth Nagpur,SAHY0005140,2012-02-28,ACTIVE,60481.86,anilyadav435@sahyadri,100000
60213193208411,C001845,SAVINGS,Connaught Place,SAHY0007799,2022-12-14,ACTIVE,69752.89,jbanerjee2067@sahyadri,100000
60212059352738,C001845,SAVINGS,Connaught Place,SAHY0007799,2025-04-09,DORMANT,12104.90,,
60218073343908,C001846,SENIOR_SAVINGS,Kothrud,SAHY0002294,2024-07-02,ACTIVE,126581.29,neha.joshi23@sahyadri,100000
60215519888476,C001847,SAVINGS,Andheri East,SAHY0002987,2019-12-18,ACTIVE,221223.24,paragmore566@sahyadri,100000
60217814099042,C001847,SAVINGS,Andheri East,SAHY0002987,2024-03-13,ACTIVE,9054.35,5098475758@sahyadri,25000
60210091725342,C001848,SAVINGS,Malviya Nagar Jaipur,SAHY0001961,2025-12-12,ACTIVE,24728.70,rajeshdas253@sahyadri,25000
60216477363060,C001849,SAVINGS,Malviya Nagar Jaipur,SAHY0001961,2023-11-05,ACTIVE,72836.47,pallavi_kama13@sahyadri,50000
60214367423580,C001849,CURRENT,Malviya Nagar Jaipur,SAHY0001961,2026-01-17,DORMANT,12612.95,,
60215645751042,C001850,SAVINGS,Connaught Place,SAHY0007799,2015-12-25,ACTIVE,267385.95,suresh.pillai18@sahyadri,100000
60212462554470,C001851,SAVINGS,Kothrud,SAHY0002294,2025-06-20,ACTIVE,2512.84,rahul.gupta65@sahyadri,10000
60218332246137,C001852,SENIOR_SAVINGS,Nashik Road,SAHY0009215,2017-07-18,ACTIVE,14217.71,arunyadav776@sahyadri,25000
60217728453240,C001853,SAVINGS,Kothrud,SAHY0002294,2017-05-31,ACTIVE,46144.24,aniket.verma41@sahyadri,50000
60216096213162,C001854,SAVINGS,Kothrud,SAHY0002294,2024-08-08,ACTIVE,46498.55,ajadhav5962@sahyadri,50000
60210067499825,C001855,SENIOR_SAVINGS,Andheri East,SAHY0002987,2021-10-29,ACTIVE,274626.55,nandini.sharm39@sahyadri,50000
60216682640089,C001856,SENIOR_SAVINGS,Andheri East,SAHY0002987,2023-01-22,ACTIVE,172032.85,paragpatil138@sahyadri,50000
60213517970586,C001857,SALARY,Kothrud,SAHY0002294,2025-12-23,ACTIVE,313197.09,mangesh.deshpande61@sahyadri,50000
60212072953289,C001858,SAVINGS,Andheri East,SAHY0002987,2023-01-10,ACTIVE,135621.02,vikram.salun63@sahyadri,100000
60212383549967,C001859,SAVINGS,Andheri East,SAHY0002987,2016-10-08,ACTIVE,183307.01,vnaik3318@sahyadri,50000
60217436686568,C001859,CURRENT,Andheri East,SAHY0002987,2025-08-21,DORMANT,4960.47,,
60215938131931,C001860,CURRENT,Andheri East,SAHY0002987,2019-03-08,ACTIVE,108414.66,anair1423@sahyadri,200000
60213536154956,C001861,SALARY,Malviya Nagar Jaipur,SAHY0001961,2014-06-08,ACTIVE,23495.83,rohit.reddy96@sahyadri,50000
60217338849999,C001862,SAVINGS,Kothrud,SAHY0002294,2011-12-05,ACTIVE,6351.12,tejaswinibhosale412@sahyadri,50000
60216544896720,C001863,CURRENT,Vijay Nagar Indore,SAHY0004394,2021-02-10,ACTIVE,226670.90,sunitatiwari370@sahyadri,200000
60211207727634,C001864,SALARY,Kothrud,SAHY0002294,2025-01-11,ACTIVE,133448.86,vaishali_verm52@sahyadri,100000
60216659827962,C001865,SENIOR_SAVINGS,Andheri East,SAHY0002987,2015-11-12,ACTIVE,197334.67,prakash.patil22@sahyadri,50000
60211059988626,C001866,SAVINGS,Andheri East,SAHY0002987,2013-11-28,ACTIVE,30449.96,rsingh5238@sahyadri,100000
60219823032023,C001867,SENIOR_SAVINGS,Andheri East,SAHY0002987,2018-04-06,ACTIVE,198303.56,tejaswini.nair88@sahyadri,50000
60210113688741,C001868,SALARY,Andheri East,SAHY0002987,2019-10-09,ACTIVE,72663.20,archana_kale53@sahyadri,50000
60211398143807,C001869,SENIOR_SAVINGS,Kothrud,SAHY0002294,2021-03-30,ACTIVE,266840.76,jyotimishra397@sahyadri,50000
60214670544359,C001870,SALARY,Andheri East,SAHY0002987,2022-07-17,ACTIVE,68906.40,snaik2609@sahyadri,100000
60211293103541,C001871,SAVINGS,Vijay Nagar Indore,SAHY0004394,2022-12-17,ACTIVE,76669.08,sdesai454@sahyadri,100000
60217785750897,C001871,SAVINGS,Vijay Nagar Indore,SAHY0004394,2024-04-10,ACTIVE,31961.74,,
60218090871248,C001872,SALARY,Connaught Place,SAHY0007799,2018-09-24,ACTIVE,45082.84,aarti.shinde85@sahyadri,50000
60219476489907,C001872,SAVINGS,Connaught Place,SAHY0007799,2025-01-26,DORMANT,5154.58,,
60215022662764,C001873,CURRENT,Nashik Road,SAHY0009215,2014-09-29,ACTIVE,84185.18,sapte1440@sahyadri,100000
60212586750309,C001873,SAVINGS,Nashik Road,SAHY0009215,2019-04-16,ACTIVE,154048.50,,
60214236688655,C001874,SAVINGS,Hazratganj,SAHY0006176,2012-02-28,ACTIVE,10504.88,ajay_shin22@sahyadri,100000
60213550125936,C001875,SALARY,Thane West,SAHY0007184,2019-01-21,ACTIVE,209516.64,dsingh9317@sahyadri,50000
60212478633739,C001876,SAVINGS,Koramangala,SAHY0004797,2019-05-17,ACTIVE,107889.35,mahesh.mishra35@sahyadri,100000
60214936908051,C001877,SAVINGS,Koramangala,SAHY0004797,2012-07-02,ACTIVE,112058.72,radha_gupt56@sahyadri,100000
60217191076749,C001878,SALARY,Kothrud,SAHY0002294,2016-10-16,ACTIVE,93788.41,vijaysalunkhe361@sahyadri,100000
60212097967198,C001879,SAVINGS,Nashik Road,SAHY0009215,2026-01-05,ACTIVE,223869.52,meena_agar64@sahyadri,50000
60216888662507,C001879,SAVINGS,Nashik Road,SAHY0009215,2026-05-28,ACTIVE,7968.82,,
60218886425204,C001880,SAVINGS,Kothrud,SAHY0002294,2023-04-16,ACTIVE,362429.40,rgokhale3566@sahyadri,100000
60210187953151,C001880,SAVINGS,Kothrud,SAHY0002294,2025-05-05,ACTIVE,68584.13,,
60216290996948,C001881,SAVINGS,Vijay Nagar Indore,SAHY0004394,2023-07-12,ACTIVE,186598.69,harishpillai816@sahyadri,100000
60215964470586,C001881,SAVINGS,Vijay Nagar Indore,SAHY0004394,2024-08-10,ACTIVE,25720.78,,
60218532257205,C001882,SAVINGS,Connaught Place,SAHY0007799,2019-12-18,ACTIVE,201299.48,girish_agar12@sahyadri,50000
60216486643263,C001883,SENIOR_SAVINGS,Kothrud,SAHY0002294,2024-04-12,ACTIVE,76876.56,anil.sharma87@sahyadri,100000
60218648704506,C001884,SAVINGS,Kothrud,SAHY0002294,2011-11-15,ACTIVE,142946.81,sdixit3524@sahyadri,100000
60219932766408,C001885,SENIOR_SAVINGS,Navrangpura,SAHY0008491,2024-03-18,ACTIVE,195701.23,dkadam9628@sahyadri,100000
60215509884369,C001886,SENIOR_SAVINGS,Connaught Place,SAHY0007799,2024-02-28,ACTIVE,168851.65,komaltiwari525@sahyadri,100000
60213994527908,C001887,SENIOR_SAVINGS,Connaught Place,SAHY0007799,2018-09-29,ACTIVE,32986.23,ushaapte843@sahyadri,50000
60218313250719,C001888,SAVINGS,Nashik Road,SAHY0009215,2026-04-21,ACTIVE,167322.47,archanasaxena326@sahyadri,50000
60219462159515,C001888,SAVINGS,Nashik Road,SAHY0009215,2026-04-27,DORMANT,9440.37,,
60213402665854,C001889,SAVINGS,Andheri East,SAHY0002987,2024-12-26,ACTIVE,204155.75,omkar.gupta75@sahyadri,100000
60212463719242,C001890,SENIOR_SAVINGS,Hazratganj,SAHY0006176,2017-04-04,ACTIVE,247103.97,radha_josh96@sahyadri,50000
60211846247144,C001891,SENIOR_SAVINGS,Kothrud,SAHY0002294,2018-08-15,ACTIVE,145710.54,shalini.shah93@sahyadri,100000
60216144654067,C001892,SENIOR_SAVINGS,Andheri East,SAHY0002987,2014-08-01,ACTIVE,65822.61,sneha_das35@sahyadri,100000
60218494730582,C001893,SALARY,Andheri East,SAHY0002987,2023-04-03,ACTIVE,143786.82,anjali.gaikw80@sahyadri,50000
60212500322017,C001894,SENIOR_SAVINGS,Kothrud,SAHY0002294,2014-11-01,ACTIVE,123844.11,rupali.bhosale76@sahyadri,25000
60219005945177,C001895,SENIOR_SAVINGS,Navrangpura,SAHY0008491,2018-06-21,ACTIVE,277646.28,nishasawant952@sahyadri,100000
60219816011490,C001896,SAVINGS,Andheri East,SAHY0002987,2022-10-26,ACTIVE,221722.87,harpreet.sheik35@sahyadri,100000
60213313566953,C001897,SAVINGS,Navrangpura,SAHY0008491,2019-02-04,ACTIVE,136723.93,amit.kulka29@sahyadri,100000
60217108790331,C001898,CURRENT,Hazratganj,SAHY0006176,2025-08-27,ACTIVE,174837.24,sana.verma99@sahyadri,200000
60213548603613,C001899,SALARY,Kothrud,SAHY0002294,2016-07-25,ACTIVE,73078.72,kavita.apte23@sahyadri,50000
60219978185634,C001900,SALARY,Thane West,SAHY0007184,2017-10-16,ACTIVE,150571.32,prakashyadav715@sahyadri,100000
60214558562807,C001901,SALARY,Dharampeth Nagpur,SAHY0005140,2016-09-20,ACTIVE,49359.18,keerthideshpande999@sahyadri,50000
60214444411766,C001902,SAVINGS,Andheri East,SAHY0002987,2024-05-22,ACTIVE,61582.46,anaidu4568@sahyadri,50000
60213866999225,C001902,SAVINGS,Andheri East,SAHY0002987,2024-12-17,ACTIVE,34390.12,,
60210086291657,C001903,SAVINGS,Andheri East,SAHY0002987,2022-10-17,ACTIVE,99862.36,mthakur1747@sahyadri,100000
60218140055342,C001904,SENIOR_SAVINGS,Andheri East,SAHY0002987,2013-04-30,ACTIVE,134666.73,sagar_bhos88@sahyadri,50000
60214080361974,C001904,SAVINGS,Andheri East,SAHY0002987,2025-09-24,ACTIVE,17904.88,,
60219698382441,C001905,CURRENT,Dharampeth Nagpur,SAHY0005140,2022-06-20,ACTIVE,215063.64,fpandey4594@sahyadri,100000
60211129809456,C001906,SAVINGS,Dharampeth Nagpur,SAHY0005140,2023-09-07,ACTIVE,184223.41,seema_shei91@sahyadri,100000
60214408587370,C001907,SENIOR_SAVINGS,Andheri East,SAHY0002987,2018-10-26,ACTIVE,130960.11,jkhan8050@sahyadri,25000
60216101366406,C001908,SENIOR_SAVINGS,Kothrud,SAHY0002294,2015-07-07,ACTIVE,192164.55,gsheikh3198@sahyadri,100000
60211649113531,C001909,SENIOR_SAVINGS,Andheri East,SAHY0002987,2024-01-17,ACTIVE,117759.16,dnaidu9640@sahyadri,50000
60211384422787,C001910,SENIOR_SAVINGS,Andheri East,SAHY0002987,2014-07-24,ACTIVE,25529.86,omkar.chava69@sahyadri,25000
60210450997240,C001911,CURRENT,Andheri East,SAHY0002987,2025-12-12,ACTIVE,153840.32,shalinibhatt986@sahyadri,200000
60210440712648,C001912,SAVINGS,Kothrud,SAHY0002294,2021-12-19,ACTIVE,84345.74,rchavan5884@sahyadri,100000
60216989199703,C001913,SALARY,Kothrud,SAHY0002294,2026-01-08,ACTIVE,111180.63,anita.khan31@sahyadri,100000
60214078997339,C001914,SAVINGS,Thane West,SAHY0007184,2018-04-17,ACTIVE,287130.10,abhijitthakur849@sahyadri,100000
60214307893152,C001915,CURRENT,Kothrud,SAHY0002294,2013-10-22,ACTIVE,111726.84,zsharma5108@sahyadri,100000
60214257414714,C001916,SAVINGS,Andheri East,SAHY0002987,2012-07-20,ACTIVE,57640.53,sneha.patil44@sahyadri,100000
60219690563929,C001917,CURRENT,Andheri East,SAHY0002987,2015-07-12,ACTIVE,407755.39,anjali.more36@sahyadri,100000
60216870521620,C001918,SENIOR_SAVINGS,Andheri East,SAHY0002987,2013-07-28,ACTIVE,178892.90,harpreet.naik14@sahyadri,50000
60217005356418,C001918,SAVINGS,Andheri East,SAHY0002987,2025-08-06,ACTIVE,150320.06,5618949058@sahyadri,25000
60213259900304,C001919,SAVINGS,Banjara Hills,SAHY0003207,2018-06-27,ACTIVE,88113.56,ganesh.thaku18@sahyadri,50000
60218768652872,C001920,SAVINGS,Andheri East,SAHY0002987,2013-09-08,ACTIVE,39343.31,bhavana_gokh46@sahyadri,100000
60210672688725,C001921,SALARY,Kothrud,SAHY0002294,2021-05-25,ACTIVE,163848.12,igupta4641@sahyadri,100000
60218091538788,C001922,CURRENT,Kothrud,SAHY0002294,2017-08-13,ACTIVE,135601.29,venkat.deshm10@sahyadri,100000
60211232382794,C001923,SAVINGS,Hazratganj,SAHY0006176,2021-11-22,DORMANT,65305.36,siddharth.das95@sahyadri,50000
60214175988070,C001924,SALARY,Navrangpura,SAHY0008491,2025-03-18,ACTIVE,149359.94,amitjoshi300@sahyadri,50000
60216525426673,C001925,SAVINGS,Connaught Place,SAHY0007799,2020-07-13,ACTIVE,96094.69,sayali_kulk97@sahyadri,100000
60212533932414,C001926,SAVINGS,Malviya Nagar Jaipur,SAHY0001961,2018-02-11,ACTIVE,130258.37,shweta.das70@sahyadri,100000
60210454433600,C001926,CURRENT,Malviya Nagar Jaipur,SAHY0001961,2020-11-14,ACTIVE,120383.15,,
60211414808810,C001927,SALARY,Andheri East,SAHY0002987,2024-08-20,ACTIVE,107124.68,mrao7240@sahyadri,100000
60214325645949,C001927,SAVINGS,Andheri East,SAHY0002987,2025-04-16,DORMANT,19395.76,,
60219705696710,C001928,SALARY,Andheri East,SAHY0002987,2016-05-27,ACTIVE,4323.89,pranav.bhosa63@sahyadri,50000
60217493380129,C001929,CURRENT,Thane West,SAHY0007184,2022-05-24,ACTIVE,514596.86,athakur224@sahyadri,100000
60217983873530,C001929,SAVINGS,Thane West,SAHY0007184,2025-09-27,ACTIVE,45806.99,,
60215875511793,C001930,SALARY,Malviya Nagar Jaipur,SAHY0001961,2016-09-08,ACTIVE,151780.75,faisal_salu14@sahyadri,100000
60211576777997,C001930,SAVINGS,Malviya Nagar Jaipur,SAHY0001961,2021-09-30,ACTIVE,3731.47,,
60213207695025,C001931,SALARY,Kothrud,SAHY0002294,2023-12-19,ACTIVE,100005.50,fjoshi5089@sahyadri,100000
60212738739200,C001932,SENIOR_SAVINGS,Kothrud,SAHY0002294,2021-08-23,ACTIVE,77906.22,apawar8269@sahyadri,50000
60215790434846,C001933,SALARY,Navrangpura,SAHY0008491,2024-01-10,ACTIVE,116897.84,mchoudhary7451@sahyadri,100000
60216448982079,C001934,SALARY,Malviya Nagar Jaipur,SAHY0001961,2019-05-18,ACTIVE,229122.17,tushar_gaik76@sahyadri,50000
60213161570551,C001935,SAVINGS,Kothrud,SAHY0002294,2023-03-30,ACTIVE,154971.67,ramesh_dixi52@sahyadri,100000
60219127260101,C001936,SENIOR_SAVINGS,Andheri East,SAHY0002987,2013-06-07,ACTIVE,165881.09,mapte9926@sahyadri,25000
60217844011759,C001937,SENIOR_SAVINGS,Kothrud,SAHY0002294,2016-06-18,ACTIVE,198035.54,yogesh.singh70@sahyadri,25000
60212612987117,C001938,SAVINGS,Kothrud,SAHY0002294,2020-10-28,ACTIVE,71075.42,manoj.dixit75@sahyadri,100000
60219608156959,C001939,SALARY,Kothrud,SAHY0002294,2020-03-24,ACTIVE,122824.60,anaidu2634@sahyadri,100000
60218018547048,C001939,SAVINGS,Kothrud,SAHY0002294,2021-07-22,ACTIVE,17862.79,,
60213975387118,C001940,SAVINGS,Kothrud,SAHY0002294,2012-07-28,ACTIVE,120565.63,fchavan611@sahyadri,100000
60212048393580,C001941,SAVINGS,Koramangala,SAHY0004797,2016-09-25,ACTIVE,140312.15,hemantiyer352@sahyadri,100000
60214967185574,C001942,SALARY,Kothrud,SAHY0002294,2019-10-08,ACTIVE,46716.79,mangesh.das14@sahyadri,100000
60212665988935,C001943,SENIOR_SAVINGS,Navrangpura,SAHY0008491,2025-08-14,ACTIVE,159164.07,anthony.nair90@sahyadri,50000
60212211491780,C001944,SAVINGS,Andheri East,SAHY0002987,2025-09-21,ACTIVE,66229.69,hnaik4389@sahyadri,50000
60216781082542,C001945,SAVINGS,Kothrud,SAHY0002294,2021-07-04,ACTIVE,166660.85,vijay.naik67@sahyadri,100000
60217813778915,C001946,SALARY,Kothrud,SAHY0002294,2014-09-09,ACTIVE,9136.19,geeta.jadha74@sahyadri,100000
60216234819611,C001947,SAVINGS,Andheri East,SAHY0002987,2019-05-07,ACTIVE,108074.25,zoyarao926@sahyadri,100000
60211950503282,C001948,SAVINGS,Navrangpura,SAHY0008491,2017-07-24,ACTIVE,107936.45,faisalsalunkhe530@sahyadri,100000
60218841605332,C001948,SAVINGS,Navrangpura,SAHY0008491,2023-01-31,ACTIVE,10049.60,5693851010@sahyadri,25000
60213837248444,C001949,SALARY,Kothrud,SAHY0002294,2024-05-04,ACTIVE,104626.21,anjali_gaik35@sahyadri,50000
60212339331775,C001950,SENIOR_SAVINGS,Koramangala,SAHY0004797,2021-07-27,ACTIVE,126983.77,prakash_bane30@sahyadri,25000
60215923091931,C001951,SAVINGS,Dharampeth Nagpur,SAHY0005140,2021-10-15,ACTIVE,101516.92,ramesh_meno20@sahyadri,100000
60219226036302,C001952,SALARY,Kothrud,SAHY0002294,2023-10-18,ACTIVE,65033.99,kyadav1150@sahyadri,100000
60218088499145,C001952,SAVINGS,Kothrud,SAHY0002294,2024-04-09,ACTIVE,17899.60,,
60214546233782,C001953,SENIOR_SAVINGS,Kothrud,SAHY0002294,2021-07-31,ACTIVE,247195.09,meena.kulkarni34@sahyadri,100000
60213160413249,C001954,SENIOR_SAVINGS,Banjara Hills,SAHY0003207,2022-04-15,ACTIVE,197199.98,nisha.pawar78@sahyadri,50000
60216839725939,C001955,SALARY,Andheri East,SAHY0002987,2019-11-01,ACTIVE,279688.72,rupalimishra193@sahyadri,100000
60219012240796,C001956,CURRENT,Nashik Road,SAHY0009215,2016-10-08,ACTIVE,129443.04,gurpreet.dixit15@sahyadri,200000
60219948241838,C001957,SALARY,Andheri East,SAHY0002987,2017-08-02,ACTIVE,261041.29,rohit.bhatt84@sahyadri,100000
60217968888766,C001957,SAVINGS,Andheri East,SAHY0002987,2020-10-16,ACTIVE,39713,5011803801@sahyadri,25000
60212519203501,C001958,SENIOR_SAVINGS,Nashik Road,SAHY0009215,2022-04-30,ACTIVE,176316.47,mthakur5298@sahyadri,50000
60214920857742,C001959,SAVINGS,Nashik Road,SAHY0009215,2020-10-07,ACTIVE,148648.05,madhuri.saxena56@sahyadri,50000
60218331051097,C001960,SAVINGS,Andheri East,SAHY0002987,2022-01-20,ACTIVE,140103.25,aniketkale780@sahyadri,100000
60216779178298,C001961,SALARY,Kothrud,SAHY0002294,2020-03-18,ACTIVE,123745.02,awagh7864@sahyadri,100000
60212226753667,C001962,SAVINGS,Hazratganj,SAHY0006176,2022-11-24,ACTIVE,135669.25,gurpreet.pillai23@sahyadri,100000
60218246202347,C001963,SAVINGS,Connaught Place,SAHY0007799,2022-01-12,ACTIVE,58097.82,anjali_verm10@sahyadri,100000
60210872570657,C001964,SAVINGS,Kothrud,SAHY0002294,2019-07-30,ACTIVE,9832.83,pranav.naidu96@sahyadri,100000
60210340773034,C001964,SAVINGS,Kothrud,SAHY0002294,2022-02-20,ACTIVE,11306.93,,
60210874827982,C001965,SENIOR_SAVINGS,Kothrud,SAHY0002294,2019-12-10,ACTIVE,292978.89,abhijit.menon57@sahyadri,50000
60219706123127,C001966,SALARY,Hazratganj,SAHY0006176,2015-06-05,ACTIVE,83645.04,usha.naidu58@sahyadri,50000
60211344214549,C001967,SALARY,Connaught Place,SAHY0007799,2025-01-11,ACTIVE,152381.19,pallaviyadav688@sahyadri,50000
60211706427974,C001968,SENIOR_SAVINGS,Banjara Hills,SAHY0003207,2024-07-17,ACTIVE,108602.28,miyer8790@sahyadri,25000
60210799665886,C001969,SAVINGS,Kothrud,SAHY0002294,2020-05-26,ACTIVE,836234.18,keerthi.deshp69@sahyadri,50000
60210349002094,C001970,SALARY,Dharampeth Nagpur,SAHY0005140,2021-11-04,ACTIVE,119572.58,msaxena3384@sahyadri,100000
60213902136138,C001971,SAVINGS,Kothrud,SAHY0002294,2020-08-19,ACTIVE,8507.88,usha_redd75@sahyadri,100000
60210497649420,C001972,SAVINGS,Koramangala,SAHY0004797,2019-06-14,ACTIVE,231290.79,anitanair691@sahyadri,100000
60214349351997,C001973,SALARY,Andheri East,SAHY0002987,2021-05-06,ACTIVE,253247.33,farah_tiwa66@sahyadri,100000
60217685089457,C001974,SENIOR_SAVINGS,Navrangpura,SAHY0008491,2021-10-24,ACTIVE,84428.31,npawar5815@sahyadri,100000
60218965460716,C001974,SAVINGS,Navrangpura,SAHY0008491,2025-01-23,ACTIVE,70354.20,,
60210558259164,C001975,SAVINGS,Kothrud,SAHY0002294,2025-01-07,ACTIVE,25933.47,aapte3182@sahyadri,50000
60219831213410,C001975,SAVINGS,Kothrud,SAHY0002294,2025-10-29,ACTIVE,4952.89,,
60213099098563,C001976,SENIOR_SAVINGS,Thane West,SAHY0007184,2022-12-05,ACTIVE,129610.52,manisha_bane60@sahyadri,25000
60210946443993,C001977,CURRENT,Nashik Road,SAHY0009215,2023-12-13,ACTIVE,91633.13,fbhatt9631@sahyadri,200000
60216787414383,C001977,SAVINGS,Nashik Road,SAHY0009215,2025-12-18,DORMANT,8288.64,,
60214450850758,C001978,SAVINGS,Banjara Hills,SAHY0003207,2012-05-28,ACTIVE,54348.76,sachinsingh333@sahyadri,100000
60211244871641,C001979,SAVINGS,Banjara Hills,SAHY0003207,2025-05-31,DORMANT,18331.88,mbhosale4552@sahyadri,100000
60216122124981,C001980,SAVINGS,Connaught Place,SAHY0007799,2016-02-04,ACTIVE,20440.01,pallavi.shah95@sahyadri,100000
60217237675689,C001981,SALARY,Kothrud,SAHY0002294,2024-08-01,ACTIVE,176716.24,anildesai462@sahyadri,50000
60219297684342,C001981,SAVINGS,Kothrud,SAHY0002294,2025-02-27,ACTIVE,20362.53,,
60210773413319,C001982,SAVINGS,Malviya Nagar Jaipur,SAHY0001961,2019-11-09,ACTIVE,144015.77,geeta_sawa92@sahyadri,50000
60217084045417,C001983,SENIOR_SAVINGS,Andheri East,SAHY0002987,2018-11-27,ACTIVE,283772.62,vandana_saxe16@sahyadri,100000
60218281412469,C001983,SAVINGS,Andheri East,SAHY0002987,2020-09-17,DORMANT,36055.02,,
60213603040808,C001984,CURRENT,Connaught Place,SAHY0007799,2020-09-02,ACTIVE,175045.77,mahesh.dixit97@sahyadri,100000
60216681318553,C001985,CURRENT,Hazratganj,SAHY0006176,2018-06-25,ACTIVE,161416.84,chinmay.shah52@sahyadri,100000
60212024486924,C001986,SAVINGS,Nashik Road,SAHY0009215,2017-02-13,ACTIVE,82969.22,nkulkarni217@sahyadri,100000
60217540699056,C001987,SAVINGS,Banjara Hills,SAHY0003207,2022-08-11,ACTIVE,103037.93,chinmayreddy507@sahyadri,50000
60212197459211,C001988,CURRENT,Kothrud,SAHY0002294,2016-05-16,ACTIVE,353950.67,revatisaxena236@sahyadri,100000
60215605368187,C001988,SAVINGS,Kothrud,SAHY0002294,2017-05-09,ACTIVE,183910.11,,
60214575793416,C001989,SAVINGS,Koramangala,SAHY0004797,2025-07-11,ACTIVE,62024.85,harpreet_redd19@sahyadri,100000
60215801272564,C001990,SALARY,Nashik Road,SAHY0009215,2016-09-14,ACTIVE,135324.30,anjali.apte62@sahyadri,100000
60218501644916,C001991,SENIOR_SAVINGS,Kothrud,SAHY0002294,2025-08-19,ACTIVE,63630.33,anjali.bhatt18@sahyadri,50000
60218725038904,C001992,SENIOR_SAVINGS,Koramangala,SAHY0004797,2016-10-07,ACTIVE,157286.60,vinayak_shar89@sahyadri,100000
60210662990918,C001993,SAVINGS,Dharampeth Nagpur,SAHY0005140,2019-11-28,ACTIVE,111897.93,vshinde3396@sahyadri,100000
60213789677992,C001994,SALARY,Dharampeth Nagpur,SAHY0005140,2011-11-23,ACTIVE,142143.06,smore7566@sahyadri,100000
60213791760574,C001995,SALARY,Malviya Nagar Jaipur,SAHY0001961,2022-12-13,ACTIVE,267411.95,nandini_shin17@sahyadri,100000
60213800771361,C001996,SAVINGS,Vijay Nagar Indore,SAHY0004394,2019-09-14,ACTIVE,40884.58,asha_naid60@sahyadri,100000
60212553105393,C001997,SALARY,Vijay Nagar Indore,SAHY0004394,2022-12-25,ACTIVE,28459.04,anjali.agarwal77@sahyadri,100000
60210462737027,C001998,SALARY,Koramangala,SAHY0004797,2011-12-10,ACTIVE,428505.59,adityasharma923@sahyadri,50000
60214081181721,C001999,SENIOR_SAVINGS,Nashik Road,SAHY0009215,2021-03-18,ACTIVE,28222.10,seema.bhatt99@sahyadri,25000
60215229465293,C001999,SAVINGS,Nashik Road,SAHY0009215,2025-03-11,ACTIVE,50569.45,,
60217474136689,C002000,SALARY,Kothrud,SAHY0002294,2021-12-13,ACTIVE,153629.98,aniket.saxen35@sahyadri,100000
