card_id,account_number,card_type,network,masked_pan,status,issued_on,expiry_mm_yy,international_enabled
CRD478001504,60212696669519,DEBIT,RuPay,6521 XXXX XXXX 7378,ACTIVE,2025-05-05,05/30,false
CRD233484089,60211777681046,DEBIT,Visa,4214 XXXX XXXX 8316,ACTIVE,2026-07-30,07/31,false
CRD360957145,60218794420249,DEBIT,RuPay,6521 XXXX XXXX 9842,EXPIRED,2021-06-20,06/26,false
CRD905663675,60218794420249,DEBIT,RuPay,6081 XXXX XXXX 0676,ACTIVE,2025-10-24,10/30,false
CRD286564122,60217643904937,DEBIT,RuPay,6521 XXXX XXXX 0077,ACTIVE,2025-09-25,09/30,false
CRD638152248,60215512555134,DEBIT,RuPay,6070 XXXX XXXX 7298,EXPIRED,2019-10-29,10/24,false
CRD561304052,60215512555134,DEBIT,RuPay,6521 XXXX XXXX 1366,ACTIVE,2022-12-12,12/27,false
CRD175656206,60210903367214,DEBIT,Mastercard,5176 XXXX XXXX 2294,EXPIRED,2021-01-25,01/26,false
CRD343185236,60210903367214,DEBIT,Mastercard,5470 XXXX XXXX 4828,ACTIVE,2023-10-18,10/28,false
CRD104408804,60210903367214,CREDIT,Visa,4166 XXXX XXXX 0988,ACTIVE,2024-02-29,02/29,true
CRD766322388,60218583493370,DEBIT,Visa,4591 XXXX XXXX 1279,REISSUED,2020-06-12,06/25,false
CRD565746123,60218583493370,DEBIT,RuPay,6070 XXXX XXXX 4198,ACTIVE,2024-01-23,01/29,false
CRD262256549,60217068567071,DEBIT,Visa,4591 XXXX XXXX 2195,ACTIVE,2026-06-20,06/31,false
CRD305101569,60217262322859,DEBIT,Mastercard,5241 XXXX XXXX 3742,ACTIVE,2025-11-16,11/30,false
CRD538858854,60214348162933,DEBIT,RuPay,6522 XXXX XXXX 2254,ACTIVE,2025-08-22,08/30,false
CRD566677007,60218632997240,DEBIT,Visa,4214 XXXX XXXX 5644,ACTIVE,2024-07-24,07/29,false
CRD706323203,60212008222810,DEBIT,RuPay,6522 XXXX XXXX 3380,EXPIRED,2018-08-02,08/23,false
CRD337940926,60212008222810,DEBIT,Mastercard,5470 XXXX XXXX 3281,ACTIVE,2025-07-03,07/30,false
CRD456378931,60213731103809,DEBIT,RuPay,6081 XXXX XXXX 7816,ACTIVE,2024-10-27,10/29,false
CRD000874875,60219701850954,DEBIT,Mastercard,5318 XXXX XXXX 0500,ACTIVE,2023-05-19,05/28,false
CRD408082435,60217976476531,DEBIT,Visa,4591 XXXX XXXX 8488,ACTIVE,2022-10-06,10/27,false
CRD329975868,60217976476531,CREDIT,RuPay,6522 XXXX XXXX 5912,ACTIVE,2024-03-13,03/29,true
CRD517308060,60217459049329,DEBIT,Visa,4214 XXXX XXXX 8644,ACTIVE,2024-10-21,10/29,false
CRD912717534,60211040158310,DEBIT,Visa,4166 XXXX XXXX 2317,EXPIRED,2019-08-03,08/24,false
CRD398690396,60211040158310,DEBIT,RuPay,6521 XXXX XXXX 8742,ACTIVE,2023-11-12,11/28,false
CRD042401182,60210726079788,DEBIT,RuPay,6521 XXXX XXXX 4542,EXPIRED,2018-12-27,12/23,false
CRD617918137,60210726079788,DEBIT,RuPay,6081 XXXX XXXX 6585,ACTIVE,2026-05-17,05/31,false
CRD945502926,60212498411459,DEBIT,RuPay,6522 XXXX XXXX 4538,ACTIVE,2025-08-26,08/30,false
CRD227949215,60211956779897,DEBIT,RuPay,6081 XXXX XXXX 2928,ACTIVE,2024-08-13,08/29,false
CRD701299312,60210872050175,DEBIT,RuPay,6070 XXXX XXXX 5689,ACTIVE,2026-06-28,06/31,false
CRD797080541,60211714215318,DEBIT,Visa,4166 XXXX XXXX 9402,ACTIVE,2025-11-01,11/30,false
CRD837999753,60211468423010,DEBIT,RuPay,6081 XXXX XXXX 7685,ACTIVE,2025-04-13,04/30,false
CRD813962953,60212502788850,DEBIT,Mastercard,5176 XXXX XXXX 5614,REISSUED,2015-08-19,08/20,false
CRD627235372,60212502788850,DEBIT,RuPay,6521 XXXX XXXX 5892,ACTIVE,2022-10-25,10/27,false
CRD357221437,60217662402336,DEBIT,Visa,4214 XXXX XXXX 6144,ACTIVE,2025-12-05,12/30,false
CRD928831119,60219524966462,DEBIT,RuPay,6081 XXXX XXXX 7323,ACTIVE,2024-12-21,12/29,false
CRD597864279,60215146117806,DEBIT,RuPay,6521 XXXX XXXX 1678,REISSUED,2020-06-03,06/25,false
CRD231131046,60215146117806,DEBIT,Visa,4390 XXXX XXXX 2738,ACTIVE,2022-12-04,12/27,false
CRD186064031,60216170682894,DEBIT,RuPay,6081 XXXX XXXX 7355,REISSUED,2017-12-11,12/22,false
CRD545503035,60216170682894,DEBIT,RuPay,6081 XXXX XXXX 2331,ACTIVE,2022-11-16,11/27,false
CRD394241320,60218017815732,DEBIT,RuPay,6070 XXXX XXXX 4696,ACTIVE,2022-07-21,07/27,false
CRD132751533,60210914634420,DEBIT,Visa,4166 XXXX XXXX 2713,ACTIVE,2022-11-14,11/27,false
CRD058933594,60218828025102,DEBIT,RuPay,6522 XXXX XXXX 3245,ACTIVE,2023-09-26,09/28,false
CRD110747994,60218371869923,DEBIT,RuPay,6521 XXXX XXXX 4664,ACTIVE,2025-03-25,03/30,false
CRD611625320,60214006731007,DEBIT,RuPay,6522 XXXX XXXX 1481,REISSUED,2020-10-06,10/25,false
CRD508156849,60214006731007,DEBIT,Mastercard,5470 XXXX XXXX 6298,ACTIVE,2024-11-16,11/29,false
CRD190636694,60210414788814,DEBIT,RuPay,6070 XXXX XXXX 1018,ACTIVE,2026-04-21,04/31,false
CRD079426516,60214006731007,CREDIT,Visa,4591 XXXX XXXX 4500,ACTIVE,2023-08-03,08/28,true
CRD625978626,60213765965814,DEBIT,RuPay,6070 XXXX XXXX 4952,ACTIVE,2026-04-16,04/31,false
CRD308077480,60214474432817,DEBIT,RuPay,6070 XXXX XXXX 4805,HOTLISTED,2024-06-27,06/29,false
CRD225925089,60213993982338,DEBIT,Visa,4214 XXXX XXXX 9867,ACTIVE,2025-12-17,12/30,false
CRD130755486,60214659776145,DEBIT,RuPay,6081 XXXX XXXX 3003,ACTIVE,2022-04-19,04/27,false
CRD346814917,60219521053680,DEBIT,RuPay,6070 XXXX XXXX 2447,EXPIRED,2017-09-20,09/22,false
CRD257909248,60219521053680,DEBIT,Visa,4214 XXXX XXXX 9760,ACTIVE,2025-05-11,05/30,false
CRD672431400,60217569962200,DEBIT,RuPay,6522 XXXX XXXX 8243,ACTIVE,2024-12-19,12/29,false
CRD493215579,60213094416033,DEBIT,RuPay,6070 XXXX XXXX 3226,ACTIVE,2026-01-10,01/31,false
CRD992799052,60212079522412,DEBIT,RuPay,6081 XXXX XXXX 0361,ACTIVE,2023-11-21,11/28,false
CRD112725304,60212380344590,DEBIT,Visa,4390 XXXX XXXX 1417,ACTIVE,2023-05-15,05/28,true
CRD045867280,60214189789375,DEBIT,Visa,4166 XXXX XXXX 8156,ACTIVE,2024-03-20,03/29,true
CRD217921444,60213719638984,DEBIT,RuPay,6521 XXXX XXXX 8718,ACTIVE,2023-03-06,03/28,false
CRD774345259,60217116032576,DEBIT,RuPay,6081 XXXX XXXX 1863,ACTIVE,2024-08-25,08/29,false
CRD918957667,60216356681138,DEBIT,RuPay,6521 XXXX XXXX 4619,ACTIVE,2025-12-15,12/30,false
CRD067722935,60216356681138,CREDIT,Visa,4390 XXXX XXXX 4127,ACTIVE,2026-01-20,01/31,true
CRD838053484,60210798434100,DEBIT,RuPay,6081 XXXX XXXX 1477,ACTIVE,2022-11-14,11/27,false
CRD473408666,60212118068378,DEBIT,RuPay,6081 XXXX XXXX 2222,ACTIVE,2023-06-02,06/28,false
CRD023308049,60218192614588,DEBIT,RuPay,6521 XXXX XXXX 3666,ACTIVE,2026-06-27,06/31,false
CRD050506382,60218192614588,CREDIT,Mastercard,5470 XXXX XXXX 9142,ACTIVE,2025-07-29,07/30,false
CRD403162539,60213995322397,DEBIT,RuPay,6522 XXXX XXXX 3647,ACTIVE,2026-05-17,05/31,false
CRD098550760,60216179861339,DEBIT,Visa,4166 XXXX XXXX 8189,ACTIVE,2023-05-21,05/28,false
CRD416895401,60216179861339,CREDIT,Visa,4214 XXXX XXXX 7552,ACTIVE,2024-07-07,07/29,true
CRD109973328,60216713169367,DEBIT,RuPay,6081 XXXX XXXX 4030,EXPIRED,2020-06-04,06/25,false
CRD262499166,60216713169367,DEBIT,RuPay,6522 XXXX XXXX 2788,ACTIVE,2026-02-20,02/31,false
CRD942321427,60219554767177,DEBIT,Visa,4166 XXXX XXXX 8307,ACTIVE,2022-04-24,04/27,false
CRD122922251,60217092961445,DEBIT,Mastercard,5470 XXXX XXXX 2404,ACTIVE,2024-05-01,05/29,false
CRD516102169,60213605638423,DEBIT,RuPay,6070 XXXX XXXX 5709,ACTIVE,2026-06-17,06/31,false
CRD397756261,60217882066442,DEBIT,Visa,4166 XXXX XXXX 5668,ACTIVE,2024-04-07,04/29,false
CRD122968516,60216872588005,DEBIT,RuPay,6081 XXXX XXXX 1385,ACTIVE,2024-04-19,04/29,false
CRD583696494,60210967641426,DEBIT,RuPay,6522 XXXX XXXX 5613,ACTIVE,2025-04-27,04/30,false
CRD836729720,60211493874626,DEBIT,RuPay,6070 XXXX XXXX 5623,REISSUED,2018-03-02,03/23,false
CRD389478194,60211493874626,DEBIT,Mastercard,5318 XXXX XXXX 9051,ACTIVE,2022-10-03,10/27,false
CRD069583694,60211493874626,CREDIT,Visa,4591 XXXX XXXX 2932,ACTIVE,2024-02-20,02/29,true
CRD890157725,60213117473578,DEBIT,Mastercard,5176 XXXX XXXX 6212,EXPIRED,2020-09-19,09/25,false
CRD897301302,60213117473578,DEBIT,RuPay,6521 XXXX XXXX 8348,ACTIVE,2024-10-31,10/29,false
CRD524091556,60212384503780,DEBIT,RuPay,6081 XXXX XXXX 1835,ACTIVE,2025-11-07,11/30,false
CRD379980954,60215947744617,DEBIT,Visa,4390 XXXX XXXX 5224,ACTIVE,2023-08-15,08/28,false
CRD981539260,60214521289030,DEBIT,RuPay,6070 XXXX XXXX 2070,ACTIVE,2026-05-05,05/31,false
CRD560171809,60216707209507,DEBIT,Visa,4166 XXXX XXXX 5336,ACTIVE,2022-03-12,03/27,false
CRD010944732,60214928542873,DEBIT,RuPay,6070 XXXX XXXX 7872,ACTIVE,2025-05-02,05/30,false
CRD136133681,60211729197203,DEBIT,Visa,4214 XXXX XXXX 4792,EXPIRED,2019-11-22,11/24,false
CRD909144328,60211729197203,DEBIT,RuPay,6521 XXXX XXXX 0868,ACTIVE,2024-09-26,09/29,false
CRD693622497,60217780157808,DEBIT,Mastercard,5470 XXXX XXXX 4666,ACTIVE,2023-01-31,01/28,false
CRD465034193,60217285633074,DEBIT,RuPay,6070 XXXX XXXX 1578,ACTIVE,2025-11-02,11/30,true
CRD908663121,60219089606441,DEBIT,Mastercard,5318 XXXX XXXX 3718,ACTIVE,2026-01-19,01/31,false
CRD810591788,60217436120406,DEBIT,RuPay,6081 XXXX XXXX 3206,ACTIVE,2025-02-15,02/30,true
CRD718647717,60210322477690,DEBIT,Mastercard,5241 XXXX XXXX 4749,ACTIVE,2022-12-30,12/27,false
CRD516600405,60213445322471,DEBIT,RuPay,6522 XXXX XXXX 2648,ACTIVE,2024-03-18,03/29,false
CRD601658927,60212615891131,DEBIT,RuPay,6081 XXXX XXXX 7231,EXPIRED,2016-06-20,06/21,true
CRD284938705,60212615891131,DEBIT,Visa,4591 XXXX XXXX 3742,ACTIVE,2026-02-19,02/31,false
CRD522387576,60218640931144,DEBIT,RuPay,6522 XXXX XXXX 6817,ACTIVE,2026-07-28,07/31,false
CRD482388209,60210003683443,DEBIT,RuPay,6081 XXXX XXXX 9924,EXPIRED,2017-02-19,02/22,false
CRD192392059,60210003683443,DEBIT,Visa,4591 XXXX XXXX 3516,ACTIVE,2026-01-15,01/31,false
CRD594663491,60210003683443,CREDIT,Visa,4390 XXXX XXXX 8291,ACTIVE,2025-06-18,06/30,true
CRD759937128,60217929583038,DEBIT,RuPay,6522 XXXX XXXX 2445,ACTIVE,2026-03-23,03/31,false
CRD234180190,60214871261477,DEBIT,Visa,4390 XXXX XXXX 8605,ACTIVE,2024-06-11,06/29,false
CRD620202424,60213911888862,DEBIT,RuPay,6081 XXXX XXXX 7174,ACTIVE,2024-08-29,08/29,false
CRD218471353,60219846695846,DEBIT,Visa,4214 XXXX XXXX 0594,ACTIVE,2025-06-22,06/30,false
CRD203537950,60219868764260,DEBIT,Visa,4166 XXXX XXXX 5260,ACTIVE,2025-05-16,05/30,false
CRD262083235,60219868764260,CREDIT,RuPay,6521 XXXX XXXX 9887,ACTIVE,2025-11-16,11/30,true
CRD700763758,60210802503393,DEBIT,RuPay,6521 XXXX XXXX 4237,ACTIVE,2026-03-21,03/31,false
CRD685081792,60212737248580,DEBIT,Visa,4390 XXXX XXXX 6148,ACTIVE,2026-06-20,06/31,false
CRD673403236,60213334135753,DEBIT,RuPay,6081 XXXX XXXX 5314,ACTIVE,2026-08-06,08/31,false
CRD781261437,60215279576011,DEBIT,Mastercard,5241 XXXX XXXX 4019,ACTIVE,2023-05-28,05/28,false
CRD553855857,60215279576011,CREDIT,RuPay,6521 XXXX XXXX 7393,ACTIVE,2025-08-16,08/30,true
CRD992155951,60219466499406,DEBIT,RuPay,6070 XXXX XXXX 0448,EXPIRED,2021-03-18,03/26,false
CRD321045338,60219466499406,DEBIT,RuPay,6070 XXXX XXXX 8306,ACTIVE,2022-08-16,08/27,false
CRD925302768,60216792498777,DEBIT,RuPay,6081 XXXX XXXX 5813,ACTIVE,2024-05-30,05/29,false
CRD133638767,60213876975610,DEBIT,Mastercard,5241 XXXX XXXX 4543,ACTIVE,2023-08-10,08/28,false
CRD914729168,60215635791131,DEBIT,RuPay,6081 XXXX XXXX 1773,ACTIVE,2025-11-30,11/30,false
CRD022710284,60219496675713,DEBIT,Mastercard,5318 XXXX XXXX 3392,EXPIRED,2019-07-11,07/24,false
CRD711737541,60219496675713,DEBIT,RuPay,6081 XXXX XXXX 9717,ACTIVE,2023-10-25,10/28,false
CRD283954337,60211955672548,DEBIT,RuPay,6522 XXXX XXXX 5160,ACTIVE,2022-02-02,02/27,false
CRD077109181,60211955672548,CREDIT,RuPay,6522 XXXX XXXX 8212,ACTIVE,2025-04-29,04/30,true
CRD408340671,60210751967886,DEBIT,Visa,4166 XXXX XXXX 7629,ACTIVE,2026-03-02,03/31,false
CRD047842244,60210751967886,CREDIT,Visa,4166 XXXX XXXX 7364,ACTIVE,2025-10-11,10/30,true
CRD902611381,60217381148171,DEBIT,RuPay,6081 XXXX XXXX 6297,ACTIVE,2022-06-16,06/27,false
CRD256999597,60213028431993,DEBIT,RuPay,6070 XXXX XXXX 0765,ACTIVE,2022-05-14,05/27,false
CRD779649957,60211176450581,DEBIT,RuPay,6521 XXXX XXXX 3401,ACTIVE,2026-07-18,07/31,false
CRD085593998,60213932904965,DEBIT,RuPay,6521 XXXX XXXX 2757,ACTIVE,2026-02-07,02/31,true
CRD915957927,60213932904965,CREDIT,Mastercard,5318 XXXX XXXX 2210,ACTIVE,2026-07-17,07/31,false
CRD545929387,60212392023129,DEBIT,RuPay,6521 XXXX XXXX 5457,ACTIVE,2026-01-28,01/31,false
CRD740203419,60212392023129,CREDIT,Mastercard,5241 XXXX XXXX 1769,ACTIVE,2022-08-09,08/27,true
CRD959713585,60216566329285,DEBIT,RuPay,6081 XXXX XXXX 7538,ACTIVE,2024-02-21,02/29,false
CRD444530451,60210273316151,DEBIT,Visa,4166 XXXX XXXX 7786,ACTIVE,2025-01-07,01/30,false
CRD616809539,60219904394593,DEBIT,RuPay,6521 XXXX XXXX 1054,ACTIVE,2023-01-25,01/28,false
CRD633767997,60218616427826,DEBIT,RuPay,6521 XXXX XXXX 5286,ACTIVE,2024-12-06,12/29,true
CRD019310453,60215487087319,DEBIT,Mastercard,5318 XXXX XXXX 6943,REISSUED,2016-11-03,11/21,false
CRD841312314,60215487087319,DEBIT,RuPay,6070 XXXX XXXX 8072,ACTIVE,2022-11-12,11/27,false
CRD157443166,60215487087319,CREDIT,Visa,4591 XXXX XXXX 1072,ACTIVE,2024-05-19,05/29,true
CRD872322674,60212323750347,DEBIT,RuPay,6522 XXXX XXXX 5473,ACTIVE,2026-04-04,04/31,false
CRD440393012,60210358419512,DEBIT,RuPay,6521 XXXX XXXX 8224,ACTIVE,2026-02-09,02/31,false
CRD171640813,60214267851621,DEBIT,RuPay,6522 XXXX XXXX 8503,ACTIVE,2023-03-07,03/28,false
CRD942063619,60214164163974,DEBIT,Mastercard,5318 XXXX XXXX 8368,ACTIVE,2026-01-13,01/31,false
CRD871638262,60213430566604,DEBIT,RuPay,6521 XXXX XXXX 2815,ACTIVE,2025-05-17,05/30,false
CRD752783123,60210084597411,DEBIT,Visa,4214 XXXX XXXX 1619,ACTIVE,2025-11-03,11/30,false
CRD006566430,60210609723039,DEBIT,Visa,4166 XXXX XXXX 8613,ACTIVE,2024-02-20,02/29,true
CRD802446299,60213581075569,DEBIT,Mastercard,5318 XXXX XXXX 0887,ACTIVE,2024-04-29,04/29,false
CRD019184554,60218029396386,DEBIT,RuPay,6070 XXXX XXXX 1101,ACTIVE,2024-05-19,05/29,false
CRD664576315,60211024358711,DEBIT,RuPay,6081 XXXX XXXX 2250,ACTIVE,2024-05-21,05/29,false
CRD408686655,60219173777771,DEBIT,RuPay,6081 XXXX XXXX 3942,ACTIVE,2023-04-12,04/28,false
CRD423262854,60219173777771,CREDIT,Visa,4166 XXXX XXXX 4152,ACTIVE,2023-03-16,03/28,false
CRD286062998,60217414258347,DEBIT,RuPay,6081 XXXX XXXX 6277,HOTLISTED,2023-04-11,04/28,true
CRD845264527,60219877139625,DEBIT,RuPay,6081 XXXX XXXX 3945,ACTIVE,2022-10-20,10/27,true
CRD468711584,60215466592637,DEBIT,Mastercard,5241 XXXX XXXX 2974,ACTIVE,2026-04-16,04/31,false
CRD193715352,60212695880592,DEBIT,RuPay,6521 XXXX XXXX 6162,ACTIVE,2022-02-15,02/27,false
CRD133528349,60214693585309,DEBIT,RuPay,6081 XXXX XXXX 5187,ACTIVE,2025-11-24,11/30,false
CRD559020865,60216413302228,DEBIT,Visa,4214 XXXX XXXX 0324,ACTIVE,2025-02-21,02/30,false
CRD343450595,60219330186454,DEBIT,RuPay,6070 XXXX XXXX 1803,ACTIVE,2026-06-04,06/31,false
CRD413218263,60215968745179,DEBIT,RuPay,6522 XXXX XXXX 5977,ACTIVE,2026-04-16,04/31,false
CRD300909664,60212309514600,DEBIT,Mastercard,5318 XXXX XXXX 8556,ACTIVE,2023-02-09,02/28,false
CRD965101391,60215168352692,DEBIT,RuPay,6081 XXXX XXXX 3327,EXPIRED,2020-11-27,11/25,false
CRD405295429,60215168352692,DEBIT,Mastercard,5241 XXXX XXXX 8744,ACTIVE,2022-05-16,05/27,false
CRD361747035,60211223046993,DEBIT,Mastercard,5470 XXXX XXXX 1357,ACTIVE,2022-03-14,03/27,false
CRD171336519,60214557212412,DEBIT,Visa,4214 XXXX XXXX 2902,ACTIVE,2025-05-24,05/30,false
CRD551678718,60218971895144,DEBIT,Visa,4390 XXXX XXXX 0323,ACTIVE,2023-02-11,02/28,false
CRD212543698,60214333277302,DEBIT,Visa,4390 XXXX XXXX 5983,ACTIVE,2025-12-31,12/30,false
CRD823981976,60218552263903,DEBIT,RuPay,6070 XXXX XXXX 5098,ACTIVE,2022-12-07,12/27,false
CRD070547334,60219601965400,DEBIT,Mastercard,5470 XXXX XXXX 8720,ACTIVE,2026-04-21,04/31,false
CRD304453411,60219601965400,CREDIT,Mastercard,5176 XXXX XXXX 4569,ACTIVE,2023-10-13,10/28,false
CRD795946352,60217774475738,DEBIT,RuPay,6521 XXXX XXXX 9289,ACTIVE,2022-03-29,03/27,false
CRD900662914,60210689519426,DEBIT,Visa,4390 XXXX XXXX 0018,EXPIRED,2021-05-19,05/26,false
CRD649004901,60210689519426,DEBIT,Visa,4166 XXXX XXXX 3316,ACTIVE,2024-10-21,10/29,true
CRD302014927,60214955851857,DEBIT,RuPay,6521 XXXX XXXX 6019,ACTIVE,2025-01-30,01/30,false
CRD646153060,60214216878583,DEBIT,RuPay,6521 XXXX XXXX 9396,ACTIVE,2026-06-18,06/31,true
CRD924119214,60214216878583,CREDIT,Visa,4214 XXXX XXXX 3396,ACTIVE,2026-03-07,03/31,true
CRD549443326,60217074636500,DEBIT,Mastercard,5241 XXXX XXXX 5396,EXPIRED,2021-08-22,08/26,false
CRD280058189,60217074636500,DEBIT,Visa,4214 XXXX XXXX 3173,ACTIVE,2024-05-02,05/29,false
CRD488951584,60216992827095,DEBIT,RuPay,6522 XXXX XXXX 0347,ACTIVE,2026-05-04,05/31,false
CRD739902946,60215403973798,DEBIT,Visa,4214 XXXX XXXX 4436,ACTIVE,2025-08-01,08/30,false
CRD498500151,60211950583580,DEBIT,RuPay,6521 XXXX XXXX 2549,EXPIRED,2020-03-18,03/25,false
CRD391198914,60211950583580,DEBIT,Visa,4166 XXXX XXXX 5957,ACTIVE,2025-06-23,06/30,false
CRD908269018,60213532992779,DEBIT,RuPay,6070 XXXX XXXX 9814,ACTIVE,2025-06-23,06/30,true
CRD955299255,60217442262494,DEBIT,Visa,4591 XXXX XXXX 4886,REISSUED,2021-06-01,06/26,false
CRD964373097,60217442262494,DEBIT,RuPay,6521 XXXX XXXX 5198,ACTIVE,2023-04-11,04/28,false
CRD828020076,60215847018373,DEBIT,RuPay,6081 XXXX XXXX 5368,ACTIVE,2022-06-06,06/27,false
CRD780774489,60215277024407,DEBIT,RuPay,6081 XXXX XXXX 1657,ACTIVE,2026-06-10,06/31,true
CRD341158074,60216821812576,DEBIT,Mastercard,5241 XXXX XXXX 0085,ACTIVE,2025-06-29,06/30,false
CRD469464112,60218435525061,DEBIT,RuPay,6521 XXXX XXXX 3019,ACTIVE,2023-05-17,05/28,false
CRD281161664,60216023752635,DEBIT,Mastercard,5318 XXXX XXXX 1070,ACTIVE,2025-04-08,04/30,false
CRD593846414,60218435525061,CREDIT,Visa,4166 XXXX XXXX 3432,ACTIVE,2025-06-11,06/30,true
CRD282777087,60217742526687,DEBIT,Visa,4390 XXXX XXXX 7581,ACTIVE,2026-03-12,03/31,false
CRD145419663,60215583054313,DEBIT,Visa,4214 XXXX XXXX 9596,ACTIVE,2024-01-06,01/29,false
CRD896082532,60219716106636,DEBIT,RuPay,6522 XXXX XXXX 9105,ACTIVE,2025-12-10,12/30,false
CRD540832373,60215013211502,DEBIT,Mastercard,5241 XXXX XXXX 2326,REISSUED,2021-06-15,06/26,false
CRD715164611,60215013211502,DEBIT,RuPay,6081 XXXX XXXX 4557,ACTIVE,2023-10-26,10/28,false
CRD775775899,60216926240929,DEBIT,Mastercard,5318 XXXX XXXX 4279,ACTIVE,2026-05-10,05/31,false
CRD648347229,60211491210341,DEBIT,RuPay,6070 XXXX XXXX 3085,ACTIVE,2024-07-15,07/29,false
CRD771292019,60216047176742,DEBIT,RuPay,6081 XXXX XXXX 0609,ACTIVE,2026-04-18,04/31,false
CRD602898176,60211491210341,CREDIT,Visa,4166 XXXX XXXX 4952,ACTIVE,2026-04-13,04/31,false
CRD823298171,60212621925448,DEBIT,Visa,4214 XXXX XXXX 4935,ACTIVE,2024-05-01,05/29,false
CRD279995338,60212871004809,DEBIT,Mastercard,5176 XXXX XXXX 2649,ACTIVE,2022-11-20,11/27,true
CRD236617843,60214913345269,DEBIT,RuPay,6070 XXXX XXXX 2565,ACTIVE,2023-04-02,04/28,false
CRD119338730,60217955344620,DEBIT,RuPay,6070 XXXX XXXX 1159,ACTIVE,2024-04-03,04/29,true
CRD638283777,60211035638043,DEBIT,RuPay,6521 XXXX XXXX 8680,ACTIVE,2022-09-01,09/27,false
CRD200815917,60211489264627,DEBIT,RuPay,6070 XXXX XXXX 8234,ACTIVE,2022-07-26,07/27,false
CRD870557689,60215999847917,DEBIT,RuPay,6522 XXXX XXXX 2250,ACTIVE,2023-02-16,02/28,false
CRD635751913,60212958077173,DEBIT,Visa,4166 XXXX XXXX 6450,ACTIVE,2024-12-20,12/29,false
CRD488293525,60212289801371,DEBIT,RuPay,6522 XXXX XXXX 5198,ACTIVE,2025-10-02,10/30,false
CRD318303758,60211274819744,DEBIT,Mastercard,5470 XXXX XXXX 1160,ACTIVE,2026-03-19,03/31,false
CRD751423916,60212193833798,DEBIT,RuPay,6522 XXXX XXXX 4253,ACTIVE,2024-04-25,04/29,false
CRD324700375,60212193833798,CREDIT,RuPay,6081 XXXX XXXX 4607,ACTIVE,2022-11-08,11/27,true
CRD250047256,60216196582715,DEBIT,Mastercard,5318 XXXX XXXX 6076,ACTIVE,2025-02-17,02/30,true
CRD536366070,60217528924257,DEBIT,Mastercard,5176 XXXX XXXX 2886,ACTIVE,2023-12-18,12/28,false
CRD251292463,60214205520507,DEBIT,Mastercard,5470 XXXX XXXX 7073,REISSUED,2019-01-02,01/24,false
CRD986060827,60214205520507,DEBIT,RuPay,6522 XXXX XXXX 6824,ACTIVE,2024-06-28,06/29,false
CRD365301213,60215550420008,DEBIT,RuPay,6521 XXXX XXXX 3527,ACTIVE,2023-05-23,05/28,false
CRD005038949,60217664595784,DEBIT,RuPay,6522 XXXX XXXX 5464,ACTIVE,2026-07-20,07/31,false
CRD102352398,60212716788389,DEBIT,Visa,4591 XXXX XXXX 0155,ACTIVE,2022-05-31,05/27,false
CRD945880503,60211137695644,DEBIT,RuPay,6070 XXXX XXXX 5728,ACTIVE,2026-06-18,06/31,false
CRD069186730,60213825677490,DEBIT,RuPay,6070 XXXX XXXX 1002,EXPIRED,2021-07-09,07/26,false
CRD833069300,60213825677490,DEBIT,RuPay,6522 XXXX XXXX 4164,ACTIVE,2025-11-18,11/30,false
CRD189392683,60215458762211,DEBIT,RuPay,6522 XXXX XXXX 6500,REISSUED,2021-04-21,04/26,true
CRD824576727,60215458762211,DEBIT,RuPay,6081 XXXX XXXX 7448,ACTIVE,2023-10-23,10/28,false
CRD006649479,60212507046480,DEBIT,RuPay,6081 XXXX XXXX 2890,ACTIVE,2026-03-21,03/31,false
CRD829526624,60212426993581,DEBIT,RuPay,6070 XXXX XXXX 7783,ACTIVE,2025-06-11,06/30,false
CRD922480288,60217063702440,DEBIT,RuPay,6521 XXXX XXXX 2208,ACTIVE,2023-10-13,10/28,false
CRD768846349,60212944956188,DEBIT,RuPay,6081 XXXX XXXX 1129,ACTIVE,2024-10-17,10/29,false
CRD618816477,60216237732861,DEBIT,RuPay,6521 XXXX XXXX 5558,ACTIVE,2025-02-03,02/30,false
CRD474973752,60218340348842,DEBIT,RuPay,6081 XXXX XXXX 3624,ACTIVE,2026-08-01,08/31,false
CRD324285182,60211877222011,DEBIT,RuPay,6070 XXXX XXXX 4767,ACTIVE,2024-08-17,08/29,false
CRD066832144,60217997144392,DEBIT,Visa,4390 XXXX XXXX 7228,ACTIVE,2026-05-30,05/31,false
CRD332188411,60217436787852,DEBIT,Mastercard,5176 XXXX XXXX 2502,ACTIVE,2024-03-10,03/29,true
CRD218201168,60211742447670,DEBIT,Visa,4214 XXXX XXXX 0108,ACTIVE,2022-08-14,08/27,false
CRD987548957,60212637605043,DEBIT,RuPay,6081 XXXX XXXX 4366,ACTIVE,2024-05-26,05/29,false
CRD552796361,60218216531895,DEBIT,Visa,4166 XXXX XXXX 1859,ACTIVE,2026-04-18,04/31,false
CRD666815876,60211570558446,DEBIT,RuPay,6522 XXXX XXXX 6316,REISSUED,2016-11-01,11/21,false
CRD597912665,60211570558446,DEBIT,RuPay,6081 XXXX XXXX 5192,ACTIVE,2022-03-14,03/27,false
CRD703921101,60213909439189,DEBIT,Mastercard,5241 XXXX XXXX 3169,ACTIVE,2022-12-22,12/27,false
CRD068717456,60212482027579,DEBIT,RuPay,6522 XXXX XXXX 8172,ACTIVE,2024-08-16,08/29,true
CRD806217515,60212024508743,DEBIT,RuPay,6081 XXXX XXXX 8089,REISSUED,2018-12-23,12/23,false
CRD228855547,60212024508743,DEBIT,RuPay,6081 XXXX XXXX 6960,ACTIVE,2025-02-03,02/30,false
CRD627919042,60216095645829,DEBIT,Mastercard,5318 XXXX XXXX 7466,ACTIVE,2026-04-20,04/31,false
CRD163566774,60218270927570,DEBIT,Visa,4390 XXXX XXXX 5502,ACTIVE,2024-06-29,06/29,true
CRD746872584,60218270927570,CREDIT,Mastercard,5241 XXXX XXXX 1042,ACTIVE,2025-05-10,05/30,true
CRD948230295,60210150584133,DEBIT,RuPay,6070 XXXX XXXX 2843,ACTIVE,2024-11-09,11/29,false
CRD222978593,60219202545885,DEBIT,RuPay,6522 XXXX XXXX 7797,ACTIVE,2025-01-11,01/30,false
CRD475077573,60214571532410,DEBIT,Visa,4214 XXXX XXXX 5118,ACTIVE,2024-06-12,06/29,false
CRD079990796,60214571532410,CREDIT,Mastercard,5241 XXXX XXXX 7010,ACTIVE,2026-02-26,02/31,true
CRD869028091,60219073623984,DEBIT,RuPay,6522 XXXX XXXX 0599,ACTIVE,2023-04-15,04/28,false
CRD460894321,60214918141376,DEBIT,RuPay,6521 XXXX XXXX 6449,ACTIVE,2026-05-13,05/31,false
CRD452398536,60218730452402,DEBIT,RuPay,6521 XXXX XXXX 0316,HOTLISTED,2026-08-03,08/31,false
CRD734684976,60218557344325,DEBIT,Visa,4166 XXXX XXXX 1960,EXPIRED,2019-10-22,10/24,false
CRD277744724,60218557344325,DEBIT,RuPay,6521 XXXX XXXX 0596,ACTIVE,2022-10-31,10/27,true
CRD068657647,60216737749197,DEBIT,Visa,4166 XXXX XXXX 3464,ACTIVE,2026-08-08,08/31,false
CRD277396992,60211642032658,DEBIT,Visa,4591 XXXX XXXX 2842,ACTIVE,2022-09-10,09/27,false
CRD815410340,60214195108173,DEBIT,Mastercard,5176 XXXX XXXX 9141,ACTIVE,2023-07-24,07/28,false
CRD233002981,60214195108173,CREDIT,Visa,4591 XXXX XXXX 3844,ACTIVE,2023-02-09,02/28,true
CRD583565916,60217938366938,DEBIT,RuPay,6521 XXXX XXXX 1393,ACTIVE,2024-06-13,06/29,false
CRD938978565,60210898850536,DEBIT,Visa,4214 XXXX XXXX 5715,REISSUED,2021-04-29,04/26,false
CRD345402336,60210898850536,DEBIT,Visa,4591 XXXX XXXX 6344,ACTIVE,2022-01-29,01/27,false
CRD136723608,60210898850536,CREDIT,Mastercard,5318 XXXX XXXX 2930,ACTIVE,2022-11-12,11/27,true
CRD462344746,60215281091838,DEBIT,RuPay,6081 XXXX XXXX 8149,EXPIRED,2016-06-16,06/21,false
CRD458004844,60215281091838,DEBIT,RuPay,6081 XXXX XXXX 9206,ACTIVE,2024-10-30,10/29,false
CRD627622758,60211297166302,DEBIT,RuPay,6522 XXXX XXXX 0426,ACTIVE,2022-09-14,09/27,false
CRD622335855,60215574673961,DEBIT,RuPay,6521 XXXX XXXX 6061,ACTIVE,2025-10-15,10/30,false
CRD228962776,60211526742873,DEBIT,Visa,4166 XXXX XXXX 8478,EXPIRED,2017-03-17,03/22,false
CRD026773365,60211526742873,DEBIT,RuPay,6522 XXXX XXXX 9544,ACTIVE,2026-07-18,07/31,false
CRD430886701,60213070460632,DEBIT,Mastercard,5241 XXXX XXXX 9010,EXPIRED,2017-09-03,09/22,false
CRD674985599,60213070460632,DEBIT,RuPay,6522 XXXX XXXX 6551,ACTIVE,2025-11-16,11/30,false
CRD316885276,60211516996494,DEBIT,Mastercard,5470 XXXX XXXX 7484,ACTIVE,2025-09-12,09/30,false
CRD170822332,60211516996494,CREDIT,Visa,4591 XXXX XXXX 2277,ACTIVE,2026-03-14,03/31,true
CRD852687525,60211865228301,DEBIT,Mastercard,5241 XXXX XXXX 2165,ACTIVE,2025-12-18,12/30,false
CRD250670359,60213501692985,DEBIT,Mastercard,5470 XXXX XXXX 3645,EXPIRED,2013-08-04,08/18,false
CRD766456451,60213501692985,DEBIT,RuPay,6081 XXXX XXXX 8823,ACTIVE,2023-10-06,10/28,true
CRD241019130,60217610927928,DEBIT,Visa,4214 XXXX XXXX 2218,ACTIVE,2025-10-22,10/30,false
CRD038595826,60217956606695,DEBIT,RuPay,6081 XXXX XXXX 5995,ACTIVE,2026-02-01,02/31,false
CRD859727218,60219406907483,DEBIT,Visa,4390 XXXX XXXX 9229,ACTIVE,2025-10-07,10/30,true
CRD970200481,60214039243071,DEBIT,RuPay,6521 XXXX XXXX 6187,ACTIVE,2024-01-02,01/29,false
CRD637258766,60218740546702,DEBIT,Mastercard,5318 XXXX XXXX 2571,REISSUED,2020-07-29,07/25,false
CRD513665087,60218740546702,DEBIT,RuPay,6521 XXXX XXXX 2892,ACTIVE,2023-01-17,01/28,true
CRD705952887,60218740546702,CREDIT,RuPay,6081 XXXX XXXX 4450,ACTIVE,2026-08-04,08/31,false
CRD168027572,60217439281838,DEBIT,Visa,4214 XXXX XXXX 5122,ACTIVE,2023-12-13,12/28,false
CRD067159763,60217439281838,CREDIT,RuPay,6070 XXXX XXXX 4939,ACTIVE,2025-08-18,08/30,false
CRD765297676,60217136190440,DEBIT,RuPay,6521 XXXX XXXX 7937,EXPIRED,2021-04-29,04/26,false
CRD783769243,60217136190440,DEBIT,RuPay,6522 XXXX XXXX 2229,ACTIVE,2026-04-29,04/31,false
CRD017832550,60217136190440,CREDIT,Mastercard,5241 XXXX XXXX 9403,ACTIVE,2023-06-11,06/28,true
CRD419178545,60217783857946,DEBIT,Visa,4214 XXXX XXXX 6638,ACTIVE,2023-01-18,01/28,false
CRD238330651,60215369383847,DEBIT,RuPay,6521 XXXX XXXX 9267,EXPIRED,2016-12-12,12/21,false
CRD313371965,60215369383847,DEBIT,Visa,4591 XXXX XXXX 8448,ACTIVE,2026-01-08,01/31,false
CRD392665550,60214525159755,DEBIT,RuPay,6070 XXXX XXXX 1493,REISSUED,2014-06-21,06/19,false
CRD964938211,60214525159755,DEBIT,Visa,4591 XXXX XXXX 5362,REISSUED,2016-09-27,09/21,false
CRD231761100,60214525159755,DEBIT,RuPay,6070 XXXX XXXX 6124,ACTIVE,2026-09-15,09/31,false
CRD390758221,60218506884620,DEBIT,Visa,4166 XXXX XXXX 7802,ACTIVE,2024-08-08,08/29,false
CRD351333819,60216531784061,DEBIT,Mastercard,5176 XXXX XXXX 0146,ACTIVE,2023-11-24,11/28,false
CRD611644302,60214983128800,DEBIT,Mastercard,5470 XXXX XXXX 4569,EXPIRED,2018-09-26,09/23,false
CRD397061812,60214983128800,DEBIT,RuPay,6081 XXXX XXXX 5376,ACTIVE,2022-11-15,11/27,false
CRD343124591,60217578332480,DEBIT,RuPay,6081 XXXX XXXX 2958,ACTIVE,2025-04-30,04/30,false
CRD215196369,60217578332480,CREDIT,Visa,4390 XXXX XXXX 2848,ACTIVE,2026-07-15,07/31,true
CRD462227844,60219443819357,DEBIT,Visa,4214 XXXX XXXX 5729,ACTIVE,2025-08-28,08/30,false
CRD448376422,60213106767537,DEBIT,Visa,4214 XXXX XXXX 2292,ACTIVE,2023-01-15,01/28,false
CRD302410739,60218372755702,DEBIT,Visa,4390 XXXX XXXX 4292,ACTIVE,2022-03-24,03/27,false
CRD020921303,60212129266711,DEBIT,RuPay,6081 XXXX XXXX 4980,ACTIVE,2022-07-13,07/27,false
CRD186710056,60210612669522,DEBIT,Visa,4214 XXXX XXXX 7063,ACTIVE,2023-11-11,11/28,false
CRD016872217,60210612669522,CREDIT,Visa,4591 XXXX XXXX 6996,ACTIVE,2022-06-20,06/27,false
CRD073877847,60218178462348,DEBIT,RuPay,6521 XXXX XXXX 4178,ACTIVE,2024-02-02,02/29,false
CRD490984954,60219083806386,DEBIT,Visa,4214 XXXX XXXX 5030,ACTIVE,2026-03-01,03/31,false
CRD105018009,60216809369155,DEBIT,Mastercard,5241 XXXX XXXX 7314,REISSUED,2018-03-02,03/23,false
CRD049214817,60216809369155,DEBIT,RuPay,6521 XXXX XXXX 5718,ACTIVE,2023-05-28,05/28,false
CRD855078683,60216119875373,DEBIT,Mastercard,5318 XXXX XXXX 7146,ACTIVE,2026-02-12,02/31,false
CRD008902248,60217800490078,DEBIT,RuPay,6070 XXXX XXXX 3636,ACTIVE,2025-06-10,06/30,false
CRD784190718,60216507359599,DEBIT,Mastercard,5318 XXXX XXXX 2107,REISSUED,2017-03-29,03/22,false
CRD088671866,60216507359599,DEBIT,Visa,4166 XXXX XXXX 5032,ACTIVE,2023-05-01,05/28,false
CRD915201061,60214431494902,DEBIT,RuPay,6521 XXXX XXXX 0095,ACTIVE,2024-05-12,05/29,false
CRD874950229,60214431494902,CREDIT,Mastercard,5176 XXXX XXXX 3139,ACTIVE,2022-01-13,01/27,true
CRD053419220,60213370502221,DEBIT,Visa,4390 XXXX XXXX 8562,ACTIVE,2024-09-03,09/29,false
CRD573858296,60216376946114,DEBIT,RuPay,6522 XXXX XXXX 6975,ACTIVE,2025-11-19,11/30,false
CRD515544254,60212473797536,DEBIT,RuPay,6081 XXXX XXXX 6489,EXPIRED,2021-07-11,07/26,false
CRD937224410,60212473797536,DEBIT,Mastercard,5470 XXXX XXXX 0233,ACTIVE,2022-04-04,04/27,false
CRD718557453,60211515503543,DEBIT,RuPay,6522 XXXX XXXX 9049,ACTIVE,2025-06-09,06/30,false
CRD338357966,60218516961684,DEBIT,Mastercard,5176 XXXX XXXX 2583,ACTIVE,2025-05-17,05/30,false
CRD501292619,60215108025448,DEBIT,RuPay,6081 XXXX XXXX 7656,EXPIRED,2019-05-08,05/24,false
CRD619419967,60215108025448,DEBIT,RuPay,6081 XXXX XXXX 8888,ACTIVE,2024-11-08,11/29,false
CRD117828835,60212744978599,DEBIT,Mastercard,5470 XXXX XXXX 3130,ACTIVE,2022-01-13,01/27,false
CRD858096048,60214054695887,DEBIT,RuPay,6081 XXXX XXXX 8924,EXPIRED,2020-05-18,05/25,false
CRD861206934,60214054695887,DEBIT,RuPay,6081 XXXX XXXX 3972,ACTIVE,2024-02-17,02/29,false
CRD738864358,60216496612456,DEBIT,RuPay,6521 XXXX XXXX 2343,ACTIVE,2022-03-27,03/27,false
CRD644472621,60217478156170,DEBIT,RuPay,6522 XXXX XXXX 3876,ACTIVE,2023-08-14,08/28,false
CRD570735355,60211755644687,DEBIT,RuPay,6070 XXXX XXXX 7685,ACTIVE,2025-12-28,12/30,false
CRD387502367,60215149248102,DEBIT,RuPay,6522 XXXX XXXX 5624,ACTIVE,2026-05-27,05/31,false
CRD279848584,60212388112133,DEBIT,Visa,4166 XXXX XXXX 6678,ACTIVE,2023-03-08,03/28,false
CRD256678618,60214414023205,DEBIT,RuPay,6081 XXXX XXXX 9918,ACTIVE,2026-03-11,03/31,false
CRD714898136,60212834534454,DEBIT,RuPay,6081 XXXX XXXX 4660,ACTIVE,2026-06-02,06/31,false
CRD082655095,60218557267140,DEBIT,RuPay,6070 XXXX XXXX 5704,REISSUED,2023-05-17,05/28,false
CRD983254731,60218557267140,DEBIT,RuPay,6081 XXXX XXXX 6334,ACTIVE,2026-07-07,07/31,true
CRD173906965,60218557267140,CREDIT,Mastercard,5176 XXXX XXXX 3214,ACTIVE,2024-02-20,02/29,false
CRD875329989,60211912693880,DEBIT,Visa,4214 XXXX XXXX 8330,EXPIRED,2020-08-08,08/25,false
CRD516033285,60211912693880,DEBIT,RuPay,6070 XXXX XXXX 6121,ACTIVE,2022-04-21,04/27,false
CRD267158580,60218410352744,DEBIT,Visa,4591 XXXX XXXX 8313,ACTIVE,2022-06-21,06/27,false
CRD702347141,60217524442814,DEBIT,RuPay,6070 XXXX XXXX 9000,ACTIVE,2023-11-17,11/28,false
CRD046650513,60219315250660,DEBIT,Mastercard,5470 XXXX XXXX 5286,ACTIVE,2025-05-29,05/30,false
CRD891019947,60217389643653,DEBIT,RuPay,6521 XXXX XXXX 1644,ACTIVE,2025-02-12,02/30,false
CRD974584768,60214063301959,DEBIT,Mastercard,5470 XXXX XXXX 4580,ACTIVE,2023-01-18,01/28,false
CRD157421090,60213710942774,DEBIT,RuPay,6521 XXXX XXXX 6551,ACTIVE,2022-02-19,02/27,false
CRD039611810,60218609444868,DEBIT,RuPay,6081 XXXX XXXX 7547,REISSUED,2021-06-11,06/26,false
CRD309716035,60218609444868,DEBIT,RuPay,6522 XXXX XXXX 0619,ACTIVE,2023-06-17,06/28,false
CRD984893079,60217852116180,DEBIT,RuPay,6521 XXXX XXXX 9384,EXPIRED,2018-12-06,12/23,false
CRD519810309,60217852116180,DEBIT,RuPay,6070 XXXX XXXX 9519,ACTIVE,2024-06-17,06/29,false
CRD548826978,60216028181730,DEBIT,Visa,4390 XXXX XXXX 3765,REISSUED,2017-11-10,11/22,false
CRD099956657,60216028181730,DEBIT,RuPay,6070 XXXX XXXX 5690,ACTIVE,2025-07-09,07/30,false
CRD974989949,60217465004162,DEBIT,Visa,4214 XXXX XXXX 4930,ACTIVE,2023-03-31,03/28,false
CRD309282686,60211273617460,DEBIT,RuPay,6522 XXXX XXXX 9754,ACTIVE,2025-02-05,02/30,false
CRD676132205,60210428757678,DEBIT,RuPay,6070 XXXX XXXX 0588,REISSUED,2020-09-21,09/25,false
CRD089508380,60210428757678,DEBIT,RuPay,6521 XXXX XXXX 4875,ACTIVE,2023-02-05,02/28,false
CRD562824438,60210527038749,DEBIT,Mastercard,5470 XXXX XXXX 0343,ACTIVE,2023-02-13,02/28,false
CRD000765839,60213151278337,DEBIT,RuPay,6522 XXXX XXXX 5893,REISSUED,2020-07-17,07/25,false
CRD292264529,60213151278337,DEBIT,Visa,4591 XXXX XXXX 0559,ACTIVE,2023-03-16,03/28,false
CRD181166188,60213151278337,CREDIT,RuPay,6070 XXXX XXXX 1183,ACTIVE,2024-11-20,11/29,true
CRD032454412,60213848527563,DEBIT,Mastercard,5241 XXXX XXXX 7919,ACTIVE,2024-06-15,06/29,false
CRD382452983,60217079386228,DEBIT,Visa,4591 XXXX XXXX 3575,EXPIRED,2019-07-17,07/24,false
CRD891596843,60217079386228,DEBIT,Mastercard,5176 XXXX XXXX 9082,ACTIVE,2026-07-25,07/31,false
CRD237879291,60212881762143,DEBIT,RuPay,6081 XXXX XXXX 4442,ACTIVE,2022-12-29,12/27,false
CRD363080462,60217597263604,DEBIT,RuPay,6070 XXXX XXXX 0271,ACTIVE,2025-06-29,06/30,false
CRD962249671,60217597263604,CREDIT,Mastercard,5176 XXXX XXXX 4025,ACTIVE,2024-05-24,05/29,true
CRD807383362,60218626344601,DEBIT,RuPay,6081 XXXX XXXX 6100,ACTIVE,2022-02-05,02/27,false
CRD509758499,60213113095196,DEBIT,RuPay,6522 XXXX XXXX 1875,EXPIRED,2019-08-05,08/24,false
CRD787613383,60213113095196,DEBIT,RuPay,6521 XXXX XXXX 4545,ACTIVE,2026-08-10,08/31,false
CRD643843392,60211647457103,DEBIT,RuPay,6522 XXXX XXXX 4221,ACTIVE,2026-07-07,07/31,false
CRD417511867,60215241178989,DEBIT,Mastercard,5176 XXXX XXXX 5299,ACTIVE,2024-09-28,09/29,false
CRD046921048,60216388336665,DEBIT,Mastercard,5241 XXXX XXXX 4943,ACTIVE,2026-04-23,04/31,false
CRD435333795,60210700576980,DEBIT,RuPay,6070 XXXX XXXX 1918,ACTIVE,2025-10-01,10/30,false
CRD760630056,60210700576980,CREDIT,Visa,4591 XXXX XXXX 0565,ACTIVE,2022-01-24,01/27,true
CRD543907712,60215421616759,DEBIT,Visa,4166 XXXX XXXX 0958,EXPIRED,2017-11-30,11/22,false
CRD854514285,60215421616759,DEBIT,RuPay,6522 XXXX XXXX 7184,ACTIVE,2022-07-15,07/27,false
CRD609177165,60211339495586,DEBIT,RuPay,6081 XXXX XXXX 1372,ACTIVE,2026-07-31,07/31,false
CRD437198367,60211339495586,CREDIT,Mastercard,5470 XXXX XXXX 4523,ACTIVE,2026-06-15,06/31,true
CRD166138719,60218190022270,DEBIT,Visa,4390 XXXX XXXX 3569,ACTIVE,2024-12-23,12/29,false
CRD902145301,60218839865442,DEBIT,RuPay,6081 XXXX XXXX 1929,ACTIVE,2022-03-12,03/27,false
CRD364149716,60214370864133,DEBIT,Visa,4591 XXXX XXXX 0448,ACTIVE,2026-05-11,05/31,true
CRD208576491,60212144753089,DEBIT,RuPay,6522 XXXX XXXX 9725,REISSUED,2015-11-11,11/20,false
CRD981478229,60212144753089,DEBIT,RuPay,6522 XXXX XXXX 3407,ACTIVE,2025-08-07,08/30,false
CRD400300110,60212144753089,CREDIT,Visa,4390 XXXX XXXX 4235,ACTIVE,2024-01-05,01/29,true
CRD690981864,60212710530504,DEBIT,Mastercard,5470 XXXX XXXX 9111,ACTIVE,2022-12-09,12/27,false
CRD204356424,60210407004258,DEBIT,RuPay,6081 XXXX XXXX 6625,ACTIVE,2023-03-27,03/28,false
CRD028696856,60213915375285,DEBIT,RuPay,6070 XXXX XXXX 7511,ACTIVE,2026-06-23,06/31,false
CRD665079052,60215944592349,DEBIT,RuPay,6081 XXXX XXXX 3641,ACTIVE,2024-02-06,02/29,false
CRD204096470,60219324338526,DEBIT,Visa,4591 XXXX XXXX 1227,ACTIVE,2022-10-04,10/27,false
CRD287458998,60216257329400,DEBIT,RuPay,6521 XXXX XXXX 0711,ACTIVE,2026-01-14,01/31,false
CRD678963645,60217502545048,DEBIT,RuPay,6070 XXXX XXXX 1804,ACTIVE,2025-10-02,10/30,false
CRD432252832,60214487602683,DEBIT,RuPay,6070 XXXX XXXX 6749,ACTIVE,2024-02-22,02/29,false
CRD478370337,60215090055275,DEBIT,Mastercard,5176 XXXX XXXX 4928,ACTIVE,2023-09-03,09/28,true
CRD406283541,60213158446804,DEBIT,RuPay,6070 XXXX XXXX 7481,REISSUED,2019-09-24,09/24,false
CRD303644501,60213158446804,DEBIT,RuPay,6070 XXXX XXXX 5087,ACTIVE,2024-02-25,02/29,false
CRD483013964,60212280361818,DEBIT,RuPay,6070 XXXX XXXX 0681,ACTIVE,2022-09-04,09/27,true
CRD329683570,60216159156854,DEBIT,Mastercard,5176 XXXX XXXX 9190,ACTIVE,2025-09-21,09/30,true
CRD715920136,60214567885992,DEBIT,Mastercard,5318 XXXX XXXX 1063,REISSUED,2021-05-08,05/26,false
CRD749304620,60214567885992,DEBIT,RuPay,6521 XXXX XXXX 6340,ACTIVE,2026-02-05,02/31,false
CRD314289513,60218779473782,DEBIT,RuPay,6522 XXXX XXXX 0225,ACTIVE,2022-12-01,12/27,false
CRD369331956,60211968809470,DEBIT,Visa,4591 XXXX XXXX 1596,ACTIVE,2022-01-13,01/27,false
CRD325396142,60210635957610,DEBIT,RuPay,6070 XXXX XXXX 0272,ACTIVE,2025-11-28,11/30,false
CRD507320325,60212349262502,DEBIT,RuPay,6070 XXXX XXXX 3059,ACTIVE,2026-02-21,02/31,false
CRD706022867,60213275935080,DEBIT,RuPay,6070 XXXX XXXX 7055,REISSUED,2016-02-22,02/21,false
CRD022436263,60213275935080,DEBIT,Visa,4166 XXXX XXXX 3677,ACTIVE,2023-06-16,06/28,false
CRD895949613,60214109533129,DEBIT,Mastercard,5318 XXXX XXXX 4040,EXPIRED,2016-08-25,08/21,false
CRD080083736,60214109533129,DEBIT,Visa,4214 XXXX XXXX 5512,ACTIVE,2025-08-25,08/30,false
CRD256628284,60210460854993,DEBIT,RuPay,6522 XXXX XXXX 5312,REISSUED,2018-09-11,09/23,false
CRD002859689,60210460854993,DEBIT,RuPay,6081 XXXX XXXX 5537,ACTIVE,2022-06-18,06/27,false
CRD699912590,60218684664372,DEBIT,RuPay,6070 XXXX XXXX 5923,ACTIVE,2025-12-28,12/30,false
CRD739042078,60214340696697,DEBIT,RuPay,6522 XXXX XXXX 4533,EXPIRED,2018-07-06,07/23,false
CRD365597913,60214340696697,DEBIT,RuPay,6521 XXXX XXXX 1156,ACTIVE,2023-09-22,09/28,false
CRD737128290,60218412710631,DEBIT,Visa,4166 XXXX XXXX 9542,ACTIVE,2025-11-11,11/30,true
CRD052567883,60215830832142,DEBIT,Mastercard,5318 XXXX XXXX 1065,ACTIVE,2026-05-03,05/31,false
CRD807468858,60210975676689,DEBIT,Mastercard,5176 XXXX XXXX 9014,ACTIVE,2025-11-06,11/30,false
CRD325649332,60210975676689,CREDIT,RuPay,6521 XXXX XXXX 6319,ACTIVE,2026-06-25,06/31,false
CRD321074392,60211845481718,DEBIT,RuPay,6522 XXXX XXXX 2818,ACTIVE,2026-04-05,04/31,false
CRD558689712,60214107667828,DEBIT,Visa,4214 XXXX XXXX 8986,ACTIVE,2026-06-03,06/31,false
CRD015575639,60210809680398,DEBIT,Visa,4166 XXXX XXXX 3294,ACTIVE,2025-07-25,07/30,false
CRD580353276,60210809680398,CREDIT,Visa,4214 XXXX XXXX 7630,ACTIVE,2026-03-31,03/31,false
CRD718406041,60213233768553,DEBIT,RuPay,6521 XXXX XXXX 6152,ACTIVE,2026-04-05,04/31,true
CRD849551475,60211124279794,DEBIT,RuPay,6081 XXXX XXXX 2361,REISSUED,2021-06-18,06/26,false
CRD854066791,60211124279794,DEBIT,Visa,4390 XXXX XXXX 3020,ACTIVE,2023-08-27,08/28,false
CRD862323418,60213389531354,DEBIT,Visa,4390 XXXX XXXX 2353,ACTIVE,2026-06-24,06/31,false
CRD550264240,60213653912821,DEBIT,Mastercard,5176 XXXX XXXX 3633,ACTIVE,2023-10-20,10/28,false
CRD469831819,60213653912821,CREDIT,RuPay,6522 XXXX XXXX 4758,ACTIVE,2024-04-06,04/29,false
CRD296950972,60218446190646,DEBIT,RuPay,6521 XXXX XXXX 9693,EXPIRED,2019-08-28,08/24,false
CRD405367674,60218446190646,DEBIT,Mastercard,5318 XXXX XXXX 2605,ACTIVE,2024-11-02,11/29,false
CRD795535676,60211160327817,DEBIT,RuPay,6081 XXXX XXXX 1098,ACTIVE,2024-06-11,06/29,false
CRD038004302,60212701032609,DEBIT,RuPay,6070 XXXX XXXX 0430,ACTIVE,2025-06-14,06/30,false
CRD252674772,60212733342234,DEBIT,RuPay,6521 XXXX XXXX 0404,ACTIVE,2026-01-09,01/31,false
CRD942462708,60212189140131,DEBIT,RuPay,6081 XXXX XXXX 6530,EXPIRED,2021-03-22,03/26,false
CRD933319696,60212189140131,DEBIT,RuPay,6522 XXXX XXXX 6528,ACTIVE,2025-12-08,12/30,false
CRD517753988,60212189140131,CREDIT,Visa,4390 XXXX XXXX 9078,ACTIVE,2024-09-03,09/29,false
CRD696793193,60211165289096,DEBIT,RuPay,6070 XXXX XXXX 2413,ACTIVE,2024-04-02,04/29,false
CRD252984452,60215528901047,DEBIT,Mastercard,5241 XXXX XXXX 8786,ACTIVE,2025-08-15,08/30,true
CRD405861518,60216401848286,DEBIT,RuPay,6522 XXXX XXXX 1837,ACTIVE,2025-09-16,09/30,false
CRD016446676,60219705688956,DEBIT,RuPay,6521 XXXX XXXX 9052,ACTIVE,2026-07-15,07/31,false
CRD932157184,60214815387397,DEBIT,Visa,4591 XXXX XXXX 6478,ACTIVE,2026-02-21,02/31,false
CRD736015143,60217345823355,DEBIT,RuPay,6070 XXXX XXXX 5934,ACTIVE,2026-05-14,05/31,false
CRD597892497,60219373667071,DEBIT,Mastercard,5176 XXXX XXXX 3645,EXPIRED,2021-07-17,07/26,false
CRD237290578,60219373667071,DEBIT,Visa,4214 XXXX XXXX 8562,ACTIVE,2022-02-05,02/27,false
CRD049117987,60213000384475,DEBIT,RuPay,6521 XXXX XXXX 0912,ACTIVE,2026-07-06,07/31,false
CRD938064346,60217882094399,DEBIT,RuPay,6070 XXXX XXXX 5274,ACTIVE,2026-02-08,02/31,false
CRD353415825,60215597578905,DEBIT,RuPay,6070 XXXX XXXX 0091,ACTIVE,2026-06-17,06/31,false
CRD828446783,60215643800374,DEBIT,RuPay,6081 XXXX XXXX 2725,ACTIVE,2026-08-10,08/31,true
CRD529444498,60218281693083,DEBIT,RuPay,6070 XXXX XXXX 5743,ACTIVE,2022-10-14,10/27,true
CRD661261669,60214167953098,DEBIT,RuPay,6081 XXXX XXXX 3456,ACTIVE,2022-01-13,01/27,false
CRD981179862,60214167953098,CREDIT,RuPay,6070 XXXX XXXX 4949,ACTIVE,2023-03-26,03/28,true
CRD262692394,60216582009668,DEBIT,RuPay,6070 XXXX XXXX 5801,ACTIVE,2025-06-01,06/30,false
CRD285101299,60213377990520,DEBIT,Visa,4214 XXXX XXXX 0902,EXPIRED,2021-03-22,03/26,false
CRD458660336,60213377990520,DEBIT,RuPay,6070 XXXX XXXX 2574,ACTIVE,2026-03-15,03/31,false
CRD466462696,60215496663680,DEBIT,Mastercard,5318 XXXX XXXX 4657,ACTIVE,2022-10-03,10/27,false
CRD205152831,60214482583027,DEBIT,RuPay,6521 XXXX XXXX 7327,ACTIVE,2023-07-23,07/28,false
CRD335621969,60214482583027,CREDIT,Mastercard,5318 XXXX XXXX 4514,ACTIVE,2022-07-27,07/27,false
CRD976030080,60213511864898,DEBIT,Mastercard,5470 XXXX XXXX 5737,ACTIVE,2026-07-10,07/31,false
CRD538656800,60213511864898,CREDIT,Mastercard,5241 XXXX XXXX 3950,ACTIVE,2026-05-22,05/31,true
CRD700783542,60212381598223,DEBIT,Mastercard,5318 XXXX XXXX 6426,ACTIVE,2024-05-04,05/29,false
CRD378279081,60211800507199,DEBIT,RuPay,6081 XXXX XXXX 2306,ACTIVE,2024-12-04,12/29,false
CRD116507717,60211800507199,CREDIT,Mastercard,5176 XXXX XXXX 2915,ACTIVE,2025-01-09,01/30,true
CRD718473486,60219642167109,DEBIT,RuPay,6081 XXXX XXXX 4833,EXPIRED,2020-02-27,02/25,false
CRD395687697,60219642167109,DEBIT,RuPay,6070 XXXX XXXX 3894,ACTIVE,2023-01-29,01/28,false
CRD701404691,60213275381506,DEBIT,Visa,4591 XXXX XXXX 0722,ACTIVE,2026-08-06,08/31,false
CRD492064290,60219642167109,CREDIT,Mastercard,5470 XXXX XXXX 8872,ACTIVE,2025-12-10,12/30,true
CRD567691075,60215936849955,DEBIT,RuPay,6521 XXXX XXXX 0718,ACTIVE,2025-04-08,04/30,false
CRD213617119,60215507409066,DEBIT,RuPay,6081 XXXX XXXX 8759,ACTIVE,2024-11-27,11/29,false
CRD939263805,60215726122295,DEBIT,Mastercard,5470 XXXX XXXX 0780,ACTIVE,2026-04-05,04/31,false
CRD306925139,60212426975122,DEBIT,Visa,4214 XXXX XXXX 4975,ACTIVE,2025-12-01,12/30,false
CRD722344847,60212559141987,DEBIT,RuPay,6081 XXXX XXXX 2282,ACTIVE,2025-06-27,06/30,false
CRD491660335,60218303654810,DEBIT,Mastercard,5470 XXXX XXXX 1896,EXPIRED,2019-12-11,12/24,false
CRD050048434,60218303654810,DEBIT,RuPay,6522 XXXX XXXX 1857,ACTIVE,2024-06-22,06/29,false
CRD840999214,60218303654810,CREDIT,Visa,4166 XXXX XXXX 6145,ACTIVE,2022-07-29,07/27,true
CRD459696253,60210045165967,DEBIT,Mastercard,5176 XXXX XXXX 5398,ACTIVE,2026-07-13,07/31,false
CRD810128786,60214305457300,DEBIT,Mastercard,5470 XXXX XXXX 5672,ACTIVE,2023-02-28,02/28,false
CRD971795426,60214305457300,CREDIT,Mastercard,5318 XXXX XXXX 7799,ACTIVE,2023-04-20,04/28,false
CRD805906052,60216615872311,DEBIT,RuPay,6081 XXXX XXXX 9571,ACTIVE,2026-05-21,05/31,false
CRD773372135,60219880626837,DEBIT,Visa,4591 XXXX XXXX 1497,ACTIVE,2025-06-11,06/30,false
CRD729293349,60215479263649,DEBIT,RuPay,6070 XXXX XXXX 5327,ACTIVE,2024-01-27,01/29,false
CRD291619777,60214143214488,DEBIT,RuPay,6521 XXXX XXXX 4588,ACTIVE,2024-12-19,12/29,true
CRD127643641,60211645328509,DEBIT,RuPay,6070 XXXX XXXX 3435,ACTIVE,2025-08-12,08/30,false
CRD249516768,60212637461666,DEBIT,RuPay,6081 XXXX XXXX 1880,REISSUED,2020-08-29,08/25,false
CRD310857642,60212637461666,DEBIT,RuPay,6521 XXXX XXXX 6020,ACTIVE,2023-05-13,05/28,false
CRD483948504,60216057311912,DEBIT,Mastercard,5470 XXXX XXXX 6628,ACTIVE,2024-06-16,06/29,false
CRD268868634,60213410234822,DEBIT,Mastercard,5176 XXXX XXXX 7026,ACTIVE,2025-11-20,11/30,false
CRD974300970,60210494656633,DEBIT,RuPay,6081 XXXX XXXX 6817,ACTIVE,2023-07-07,07/28,false
CRD015138027,60210515533855,DEBIT,RuPay,6521 XXXX XXXX 7377,EXPIRED,2017-04-21,04/22,false
CRD833145277,60210515533855,DEBIT,RuPay,6521 XXXX XXXX 0764,ACTIVE,2022-09-11,09/27,true
CRD318092309,60212688186773,DEBIT,RuPay,6070 XXXX XXXX 2067,ACTIVE,2024-01-26,01/29,false
CRD972642659,60217562338548,DEBIT,RuPay,6521 XXXX XXXX 5504,ACTIVE,2026-06-03,06/31,false
CRD269880511,60217824869906,DEBIT,Mastercard,5470 XXXX XXXX 4303,ACTIVE,2025-10-15,10/30,false
CRD060200734,60214925211621,DEBIT,Mastercard,5318 XXXX XXXX 8815,ACTIVE,2025-11-03,11/30,false
CRD405332419,60216170065588,DEBIT,RuPay,6081 XXXX XXXX 2386,ACTIVE,2025-03-22,03/30,false
CRD229571379,60215831722736,DEBIT,Visa,4166 XXXX XXXX 7382,ACTIVE,2023-06-12,06/28,false
CRD087449861,60213198960176,DEBIT,Visa,4390 XXXX XXXX 3060,ACTIVE,2024-06-14,06/29,false
CRD821701224,60213198960176,CREDIT,Visa,4166 XXXX XXXX 1876,ACTIVE,2023-09-03,09/28,true
CRD979188614,60212011950157,DEBIT,RuPay,6522 XXXX XXXX 2313,ACTIVE,2025-09-08,09/30,false
CRD194456936,60219259957339,DEBIT,Mastercard,5470 XXXX XXXX 2403,ACTIVE,2025-01-28,01/30,false
CRD621663334,60210551292684,DEBIT,RuPay,6070 XXXX XXXX 0424,ACTIVE,2026-01-11,01/31,false
CRD813640784,60213582803670,DEBIT,Mastercard,5176 XXXX XXXX 9665,ACTIVE,2024-03-08,03/29,false
CRD788773450,60213728674556,DEBIT,RuPay,6522 XXXX XXXX 1440,ACTIVE,2025-09-10,09/30,false
CRD360159480,60218839747135,DEBIT,Mastercard,5241 XXXX XXXX 3072,EXPIRED,2018-08-01,08/23,false
CRD235093336,60218839747135,DEBIT,RuPay,6521 XXXX XXXX 8823,ACTIVE,2023-04-17,04/28,false
CRD418060506,60215454663669,DEBIT,Mastercard,5241 XXXX XXXX 4245,ACTIVE,2025-04-28,04/30,true
CRD916867737,60219351847185,DEBIT,Visa,4166 XXXX XXXX 0852,ACTIVE,2024-09-19,09/29,false
CRD374201234,60216997409019,DEBIT,Visa,4214 XXXX XXXX 7757,ACTIVE,2024-09-28,09/29,false
CRD047694470,60213489927111,DEBIT,RuPay,6070 XXXX XXXX 6706,ACTIVE,2022-12-02,12/27,false
CRD748260771,60213283626438,DEBIT,RuPay,6070 XXXX XXXX 7835,EXPIRED,2021-03-01,03/26,false
CRD676808612,60213283626438,DEBIT,RuPay,6522 XXXX XXXX 1093,ACTIVE,2024-12-26,12/29,false
CRD248553619,60215981431544,DEBIT,RuPay,6070 XXXX XXXX 3012,ACTIVE,2025-11-15,11/30,false
CRD197595435,60217745388649,DEBIT,Visa,4390 XXXX XXXX 1157,EXPIRED,2019-12-28,12/24,true
CRD689817687,60217745388649,DEBIT,Mastercard,5241 XXXX XXXX 5713,ACTIVE,2025-01-28,01/30,false
CRD788405256,60219359290774,DEBIT,RuPay,6521 XXXX XXXX 0338,ACTIVE,2023-01-17,01/28,true
CRD046037047,60211994947012,DEBIT,RuPay,6081 XXXX XXXX 4855,ACTIVE,2023-08-18,08/28,false
CRD194376849,60213450491039,DEBIT,RuPay,6522 XXXX XXXX 7031,ACTIVE,2026-06-16,06/31,true
CRD698376806,60218715998646,DEBIT,Visa,4591 XXXX XXXX 3206,EXPIRED,2021-08-16,08/26,false
CRD327057586,60218715998646,DEBIT,Visa,4214 XXXX XXXX 3734,ACTIVE,2023-09-10,09/28,false
CRD758081116,60211006171920,DEBIT,Mastercard,5470 XXXX XXXX 0492,ACTIVE,2025-04-29,04/30,false
CRD782834303,60218352403231,DEBIT,RuPay,6521 XXXX XXXX 1174,ACTIVE,2023-10-27,10/28,false
CRD265345831,60217220333245,DEBIT,RuPay,6521 XXXX XXXX 2031,ACTIVE,2025-05-22,05/30,false
CRD921341614,60215365849717,DEBIT,Mastercard,5318 XXXX XXXX 2263,ACTIVE,2026-07-14,07/31,false
CRD363821164,60217515819924,DEBIT,Visa,4214 XXXX XXXX 8551,ACTIVE,2025-02-18,02/30,false
CRD908206074,60216009118209,DEBIT,RuPay,6522 XXXX XXXX 5164,ACTIVE,2025-10-19,10/30,false
CRD670481200,60214160370965,DEBIT,Mastercard,5318 XXXX XXXX 1738,ACTIVE,2023-02-10,02/28,false
CRD199684523,60213254141990,DEBIT,RuPay,6521 XXXX XXXX 3497,ACTIVE,2025-06-19,06/30,false
CRD953619064,60215990789960,DEBIT,Mastercard,5176 XXXX XXXX 5317,ACTIVE,2026-04-25,04/31,false
CRD859800903,60217755601502,DEBIT,RuPay,6070 XXXX XXXX 1090,ACTIVE,2022-01-31,01/27,true
CRD738256315,60215589399268,DEBIT,RuPay,6521 XXXX XXXX 0127,EXPIRED,2015-06-09,06/20,false
CRD089259713,60215589399268,DEBIT,Visa,4166 XXXX XXXX 2331,ACTIVE,2025-07-07,07/30,false
CRD586405423,60217848767527,DEBIT,RuPay,6521 XXXX XXXX 1024,ACTIVE,2025-11-16,11/30,false
CRD487202102,60219010137573,DEBIT,RuPay,6081 XXXX XXXX 0063,ACTIVE,2023-09-25,09/28,false
CRD900064896,60219946533224,DEBIT,RuPay,6521 XXXX XXXX 6091,ACTIVE,2025-02-25,02/30,false
CRD206368569,60219946533224,CREDIT,Mastercard,5176 XXXX XXXX 5250,ACTIVE,2024-11-08,11/29,true
CRD917761977,60213210277356,DEBIT,RuPay,6521 XXXX XXXX 1519,ACTIVE,2024-08-22,08/29,true
CRD888051911,60210751273237,DEBIT,Mastercard,5176 XXXX XXXX 0012,ACTIVE,2025-12-04,12/30,false
CRD883704896,60216108080017,DEBIT,RuPay,6521 XXXX XXXX 4792,ACTIVE,2026-04-09,04/31,false
CRD954297540,60218561251175,DEBIT,Mastercard,5318 XXXX XXXX 8075,ACTIVE,2022-08-01,08/27,true
CRD808387617,60217972191873,DEBIT,RuPay,6521 XXXX XXXX 5431,ACTIVE,2022-06-12,06/27,false
CRD966227051,60213254425773,DEBIT,RuPay,6522 XXXX XXXX 9434,ACTIVE,2025-06-20,06/30,false
CRD879417061,60210604580012,DEBIT,RuPay,6070 XXXX XXXX 2424,ACTIVE,2026-07-09,07/31,false
CRD946947511,60216979099027,DEBIT,RuPay,6522 XXXX XXXX 5917,ACTIVE,2025-09-30,09/30,false
CRD077393266,60218405203556,DEBIT,Visa,4214 XXXX XXXX 4602,ACTIVE,2022-12-25,12/27,true
CRD375360039,60214610065719,DEBIT,Mastercard,5470 XXXX XXXX 5800,ACTIVE,2024-04-01,04/29,false
CRD326478603,60213377667563,DEBIT,RuPay,6081 XXXX XXXX 2154,ACTIVE,2026-03-12,03/31,false
CRD928045469,60214610065719,CREDIT,Visa,4166 XXXX XXXX 3635,ACTIVE,2025-03-19,03/30,false
CRD795729917,60213375479827,DEBIT,RuPay,6522 XXXX XXXX 9371,ACTIVE,2025-07-21,07/30,false
CRD261258471,60214844574048,DEBIT,RuPay,6522 XXXX XXXX 0899,ACTIVE,2023-11-09,11/28,false
CRD910032492,60214844574048,CREDIT,Mastercard,5470 XXXX XXXX 6953,ACTIVE,2023-05-17,05/28,true
CRD828433499,60217979755673,DEBIT,RuPay,6070 XXXX XXXX 8570,ACTIVE,2026-06-27,06/31,false
CRD419180466,60212187143020,DEBIT,Mastercard,5176 XXXX XXXX 2614,ACTIVE,2025-12-03,12/30,false
CRD896980080,60219632724217,DEBIT,Visa,4166 XXXX XXXX 2706,ACTIVE,2025-11-14,11/30,false
CRD545032991,60214105741788,DEBIT,Visa,4166 XXXX XXXX 7897,EXPIRED,2019-12-20,12/24,false
CRD794910941,60214105741788,DEBIT,Mastercard,5470 XXXX XXXX 1118,ACTIVE,2024-06-10,06/29,false
CRD388475633,60214105741788,CREDIT,Visa,4390 XXXX XXXX 4383,ACTIVE,2025-09-16,09/30,true
CRD979687249,60219202576867,DEBIT,RuPay,6070 XXXX XXXX 7012,REISSUED,2021-06-16,06/26,false
CRD275101008,60219202576867,DEBIT,Visa,4214 XXXX XXXX 1306,ACTIVE,2025-01-18,01/30,false
CRD048181789,60219202576867,CREDIT,Visa,4166 XXXX XXXX 0842,ACTIVE,2023-05-11,05/28,false
CRD252581966,60215878345307,DEBIT,RuPay,6521 XXXX XXXX 6969,EXPIRED,2021-04-16,04/26,false
CRD612460788,60215878345307,DEBIT,RuPay,6070 XXXX XXXX 9894,ACTIVE,2022-06-28,06/27,false
CRD196139323,60219663132790,DEBIT,RuPay,6522 XXXX XXXX 1574,ACTIVE,2022-04-14,04/27,false
CRD331284915,60219663132790,CREDIT,Mastercard,5470 XXXX XXXX 4364,ACTIVE,2023-05-07,05/28,false
CRD686032134,60214057500134,DEBIT,Visa,4591 XXXX XXXX 1267,ACTIVE,2022-12-12,12/27,false
CRD803707625,60211296093277,DEBIT,Visa,4214 XXXX XXXX 0473,ACTIVE,2026-02-05,02/31,false
CRD066953516,60212909164593,DEBIT,RuPay,6522 XXXX XXXX 9253,ACTIVE,2026-07-15,07/31,false
CRD752718814,60219350776915,DEBIT,Visa,4390 XXXX XXXX 9573,ACTIVE,2025-09-26,09/30,false
CRD594291687,60216315077188,DEBIT,RuPay,6070 XXXX XXXX 2284,ACTIVE,2022-02-22,02/27,false
CRD231137576,60218815032830,DEBIT,Visa,4166 XXXX XXXX 8595,ACTIVE,2026-01-16,01/31,false
CRD285940672,60216872692496,DEBIT,RuPay,6070 XXXX XXXX 1158,ACTIVE,2026-02-23,02/31,false
CRD367746298,60217625705520,DEBIT,RuPay,6081 XXXX XXXX 5118,ACTIVE,2024-07-12,07/29,false
CRD026363707,60219734019541,DEBIT,RuPay,6070 XXXX XXXX 7882,ACTIVE,2025-12-26,12/30,false
CRD026039131,60215403526174,DEBIT,RuPay,6081 XXXX XXXX 8896,ACTIVE,2025-05-06,05/30,false
CRD879387087,60210366368785,DEBIT,Visa,4214 XXXX XXXX 2113,EXPIRED,2014-05-16,05/19,false
CRD129184597,60210366368785,DEBIT,Visa,4166 XXXX XXXX 3253,ACTIVE,2023-10-17,10/28,false
CRD897912105,60218888680654,DEBIT,RuPay,6521 XXXX XXXX 2317,ACTIVE,2025-05-13,05/30,false
CRD635601195,60214196678432,DEBIT,RuPay,6522 XXXX XXXX 1249,ACTIVE,2022-06-24,06/27,false
CRD673000057,60210963263948,DEBIT,Mastercard,5176 XXXX XXXX 9293,ACTIVE,2026-07-29,07/31,false
CRD541136530,60213041130593,DEBIT,RuPay,6522 XXXX XXXX 3314,ACTIVE,2026-01-12,01/31,false
CRD687926106,60214849850624,DEBIT,RuPay,6070 XXXX XXXX 7172,EXPIRED,2020-01-14,01/25,false
CRD023963112,60214849850624,DEBIT,RuPay,6521 XXXX XXXX 7314,ACTIVE,2023-08-03,08/28,false
CRD152538818,60217664769760,DEBIT,Visa,4214 XXXX XXXX 0914,EXPIRED,2021-06-02,06/26,false
CRD656934905,60217664769760,DEBIT,Mastercard,5241 XXXX XXXX 4052,ACTIVE,2023-03-22,03/28,false
CRD133800713,60219221221042,DEBIT,Visa,4214 XXXX XXXX 0775,ACTIVE,2026-02-23,02/31,false
CRD946554646,60218645315863,DEBIT,Mastercard,5318 XXXX XXXX 6496,ACTIVE,2026-06-15,06/31,false
CRD465960047,60213503834483,DEBIT,RuPay,6522 XXXX XXXX 3062,ACTIVE,2024-08-19,08/29,true
CRD737367254,60213503834483,CREDIT,Visa,4214 XXXX XXXX 6126,ACTIVE,2024-02-04,02/29,false
CRD172103441,60218856254518,DEBIT,RuPay,6521 XXXX XXXX 6903,ACTIVE,2023-01-02,01/28,false
CRD665131677,60218725319658,DEBIT,RuPay,6070 XXXX XXXX 1334,ACTIVE,2022-08-06,08/27,false
CRD397141944,60219836867591,DEBIT,RuPay,6522 XXXX XXXX 5274,ACTIVE,2025-06-19,06/30,false
CRD872897565,60215986434170,DEBIT,Mastercard,5176 XXXX XXXX 9041,ACTIVE,2022-02-14,02/27,false
CRD775343660,60211467323666,DEBIT,Mastercard,5241 XXXX XXXX 8522,ACTIVE,2026-04-30,04/31,false
CRD135111112,60219720140128,DEBIT,Mastercard,5318 XXXX XXXX 9467,REISSUED,2014-03-04,03/19,false
CRD866146968,60219720140128,DEBIT,Mastercard,5318 XXXX XXXX 0730,ACTIVE,2023-05-04,05/28,false
CRD000692195,60219404966679,DEBIT,Mastercard,5241 XXXX XXXX 9248,ACTIVE,2026-07-08,07/31,false
CRD587922575,60212878870103,DEBIT,Mastercard,5318 XXXX XXXX 1482,ACTIVE,2024-02-24,02/29,false
CRD961454756,60213196772321,DEBIT,RuPay,6070 XXXX XXXX 9195,REISSUED,2014-12-24,12/19,false
CRD662522892,60213196772321,DEBIT,RuPay,6521 XXXX XXXX 2007,ACTIVE,2026-04-18,04/31,false
CRD397850092,60211869625045,DEBIT,RuPay,6081 XXXX XXXX 5801,EXPIRED,2018-11-01,11/23,false
CRD007362992,60211869625045,DEBIT,Mastercard,5241 XXXX XXXX 1673,ACTIVE,2025-04-28,04/30,false
CRD175021947,60214005112504,DEBIT,Visa,4390 XXXX XXXX 2374,ACTIVE,2024-12-05,12/29,false
CRD463773208,60217094584839,DEBIT,RuPay,6070 XXXX XXXX 8904,ACTIVE,2025-03-26,03/30,false
CRD029526169,60211958330781,DEBIT,RuPay,6081 XXXX XXXX 5061,ACTIVE,2026-03-30,03/31,false
CRD324869575,60215668957647,DEBIT,RuPay,6522 XXXX XXXX 1605,REISSUED,2021-04-17,04/26,false
CRD522287844,60215668957647,DEBIT,Visa,4591 XXXX XXXX 4935,ACTIVE,2026-07-23,07/31,false
CRD569101649,60215668957647,CREDIT,Visa,4591 XXXX XXXX 0488,ACTIVE,2024-03-28,03/29,false
CRD053180244,60212892520449,DEBIT,RuPay,6521 XXXX XXXX 4150,ACTIVE,2025-07-14,07/30,false
CRD769420776,60212274754207,DEBIT,Mastercard,5241 XXXX XXXX 0366,ACTIVE,2023-02-27,02/28,false
CRD470917014,60217837777060,DEBIT,Visa,4166 XXXX XXXX 6171,ACTIVE,2022-12-29,12/27,true
CRD989594602,60216972681561,DEBIT,RuPay,6070 XXXX XXXX 0229,ACTIVE,2026-03-12,03/31,false
CRD503735203,60212773783220,DEBIT,RuPay,6070 XXXX XXXX 8954,ACTIVE,2025-12-30,12/30,false
CRD914058122,60210512703613,DEBIT,RuPay,6081 XXXX XXXX 8624,ACTIVE,2025-12-05,12/30,false
CRD737203216,60210994825591,DEBIT,RuPay,6521 XXXX XXXX 3547,ACTIVE,2026-06-22,06/31,false
CRD346279319,60211480595729,DEBIT,RuPay,6521 XXXX XXXX 0047,ACTIVE,2026-05-26,05/31,false
CRD384142796,60216369938949,DEBIT,Visa,4591 XXXX XXXX 6673,ACTIVE,2026-05-26,05/31,false
CRD702619241,60211797365507,DEBIT,Visa,4591 XXXX XXXX 3502,ACTIVE,2025-07-13,07/30,false
CRD948227929,60210455940026,DEBIT,Mastercard,5470 XXXX XXXX 4152,ACTIVE,2025-12-16,12/30,false
CRD963982271,60217585074980,DEBIT,Visa,4591 XXXX XXXX 6223,ACTIVE,2024-01-10,01/29,false
CRD258938067,60217123237980,DEBIT,RuPay,6070 XXXX XXXX 9759,ACTIVE,2022-08-22,08/27,false
CRD849817787,60219958221578,DEBIT,Mastercard,5470 XXXX XXXX 1114,ACTIVE,2025-11-11,11/30,false
CRD978995870,60219958221578,CREDIT,RuPay,6522 XXXX XXXX 3801,ACTIVE,2026-06-18,06/31,false
CRD477285332,60213493305201,DEBIT,Visa,4214 XXXX XXXX 0692,ACTIVE,2023-10-25,10/28,true
CRD928998178,60214550846876,DEBIT,Visa,4214 XXXX XXXX 4228,ACTIVE,2025-11-27,11/30,false
CRD832330296,60214550846876,CREDIT,Mastercard,5318 XXXX XXXX 1576,ACTIVE,2026-01-31,01/31,true
CRD311822682,60214943484933,DEBIT,RuPay,6070 XXXX XXXX 9460,REISSUED,2018-10-29,10/23,false
CRD268709314,60214943484933,DEBIT,RuPay,6070 XXXX XXXX 4694,ACTIVE,2023-05-21,05/28,false
CRD743955980,60217251608772,DEBIT,Mastercard,5470 XXXX XXXX 6763,ACTIVE,2025-10-07,10/30,true
CRD769709163,60219419348097,DEBIT,Visa,4390 XXXX XXXX 0227,REISSUED,2020-01-23,01/25,false
CRD173511896,60219419348097,DEBIT,Mastercard,5318 XXXX XXXX 9974,ACTIVE,2025-04-04,04/30,false
CRD352155055,60218964408027,DEBIT,RuPay,6521 XXXX XXXX 8869,ACTIVE,2025-09-24,09/30,false
CRD845224189,60218031240261,DEBIT,Visa,4390 XXXX XXXX 1086,ACTIVE,2026-02-20,02/31,false
CRD564583428,60218031240261,CREDIT,RuPay,6070 XXXX XXXX 9586,ACTIVE,2025-08-19,08/30,false
CRD654449748,60215427406142,DEBIT,RuPay,6070 XXXX XXXX 3938,ACTIVE,2024-12-13,12/29,false
CRD409554593,60212107858779,DEBIT,Mastercard,5176 XXXX XXXX 1456,ACTIVE,2025-01-13,01/30,true
CRD887697721,60215096266846,DEBIT,RuPay,6522 XXXX XXXX 0889,REISSUED,2017-06-30,06/22,false
CRD158051952,60215096266846,DEBIT,RuPay,6522 XXXX XXXX 2137,ACTIVE,2023-07-24,07/28,false
CRD467345276,60211258811997,DEBIT,Mastercard,5176 XXXX XXXX 9669,ACTIVE,2024-05-15,05/29,false
CRD300723479,60210550776721,DEBIT,RuPay,6081 XXXX XXXX 3829,ACTIVE,2022-06-22,06/27,false
CRD500422395,60213830775988,DEBIT,Visa,4591 XXXX XXXX 4890,ACTIVE,2025-12-14,12/30,false
CRD689308312,60214937116590,DEBIT,Visa,4214 XXXX XXXX 3781,EXPIRED,2021-07-06,07/26,false
CRD245392837,60214937116590,DEBIT,Mastercard,5241 XXXX XXXX 3743,ACTIVE,2023-12-05,12/28,true
CRD698234574,60211067844938,DEBIT,RuPay,6081 XXXX XXXX 7165,ACTIVE,2022-05-11,05/27,false
CRD670919486,60212298151229,DEBIT,RuPay,6521 XXXX XXXX 9293,ACTIVE,2024-09-19,09/29,false
CRD136236063,60215846059608,DEBIT,Mastercard,5470 XXXX XXXX 9510,ACTIVE,2024-09-25,09/29,false
CRD185996531,60216413342784,DEBIT,RuPay,6522 XXXX XXXX 4933,REISSUED,2020-12-28,12/25,false
CRD458910352,60216413342784,DEBIT,Visa,4591 XXXX XXXX 3316,ACTIVE,2022-06-14,06/27,false
CRD972225749,60219340403086,DEBIT,RuPay,6070 XXXX XXXX 8798,ACTIVE,2025-12-15,12/30,false
CRD121620300,60218824033375,DEBIT,RuPay,6081 XXXX XXXX 0174,EXPIRED,2016-03-23,03/21,false
CRD031885800,60218824033375,DEBIT,Mastercard,5241 XXXX XXXX 1892,ACTIVE,2024-10-12,10/29,false
CRD813449633,60210392274218,DEBIT,RuPay,6081 XXXX XXXX 9316,ACTIVE,2025-06-23,06/30,false
CRD842566285,60219170938543,DEBIT,RuPay,6522 XXXX XXXX 1845,ACTIVE,2024-12-28,12/29,false
CRD296892605,60214408348373,DEBIT,Visa,4591 XXXX XXXX 3302,ACTIVE,2022-09-16,09/27,false
CRD215077637,60210003535446,DEBIT,Visa,4591 XXXX XXXX 3247,ACTIVE,2024-10-15,10/29,true
CRD892442211,60212981310257,DEBIT,RuPay,6081 XXXX XXXX 6231,ACTIVE,2024-10-05,10/29,true
CRD952328927,60216000017509,DEBIT,Mastercard,5470 XXXX XXXX 2798,ACTIVE,2022-09-03,09/27,false
CRD337465213,60216797393653,DEBIT,Visa,4390 XXXX XXXX 7279,ACTIVE,2025-07-24,07/30,true
CRD518832154,60219900785936,DEBIT,RuPay,6522 XXXX XXXX 8555,ACTIVE,2025-03-14,03/30,false
CRD896280515,60211136707365,DEBIT,RuPay,6070 XXXX XXXX 7430,ACTIVE,2023-12-10,12/28,false
CRD914334194,60211017931453,DEBIT,Mastercard,5241 XXXX XXXX 5952,ACTIVE,2025-08-01,08/30,false
CRD603576168,60219630726390,DEBIT,RuPay,6521 XXXX XXXX 6762,ACTIVE,2022-01-14,01/27,false
CRD256475473,60216379814555,DEBIT,Visa,4591 XXXX XXXX 3197,ACTIVE,2025-01-30,01/30,true
CRD756756260,60215134520556,DEBIT,Visa,4390 XXXX XXXX 9930,ACTIVE,2025-07-12,07/30,false
CRD573781910,60214825821361,DEBIT,RuPay,6521 XXXX XXXX 1593,HOTLISTED,2022-10-15,10/27,false
CRD670593692,60214825821361,DEBIT,Visa,4166 XXXX XXXX 9894,ACTIVE,2026-07-29,07/31,true
CRD131671627,60217834527738,DEBIT,RuPay,6070 XXXX XXXX 0731,ACTIVE,2023-04-17,04/28,false
CRD791183244,60215517630677,DEBIT,Mastercard,5241 XXXX XXXX 2856,REISSUED,2020-07-08,07/25,false
CRD376071399,60215517630677,DEBIT,Visa,4214 XXXX XXXX 9369,ACTIVE,2023-04-29,04/28,false
CRD602745809,60215517630677,CREDIT,Visa,4591 XXXX XXXX 2148,ACTIVE,2024-09-30,09/29,true
CRD640737667,60219685132524,DEBIT,RuPay,6081 XXXX XXXX 6483,ACTIVE,2026-07-01,07/31,false
CRD682996549,60216495496480,DEBIT,RuPay,6070 XXXX XXXX 5508,ACTIVE,2024-03-15,03/29,false
CRD915027064,60216495496480,CREDIT,Mastercard,5176 XXXX XXXX 6267,ACTIVE,2024-08-30,08/29,false
CRD359794289,60213952815508,DEBIT,RuPay,6521 XXXX XXXX 6708,ACTIVE,2024-08-19,08/29,false
CRD397026150,60216673262283,DEBIT,RuPay,6081 XXXX XXXX 3521,ACTIVE,2023-09-09,09/28,false
CRD127246902,60212655532019,DEBIT,RuPay,6522 XXXX XXXX 3463,ACTIVE,2025-11-06,11/30,false
CRD131762711,60216673262283,CREDIT,Visa,4591 XXXX XXXX 1597,ACTIVE,2025-03-05,03/30,false
CRD814195077,60216473779632,DEBIT,Visa,4390 XXXX XXXX 0442,ACTIVE,2025-09-20,09/30,false
CRD736375213,60216630521614,DEBIT,RuPay,6521 XXXX XXXX 9268,EXPIRED,2016-05-03,05/21,false
CRD919033206,60216630521614,DEBIT,RuPay,6081 XXXX XXXX 4083,ACTIVE,2022-04-09,04/27,false
CRD075346823,60213042679855,DEBIT,Visa,4390 XXXX XXXX 1980,EXPIRED,2019-08-31,08/24,false
CRD092210948,60213042679855,DEBIT,Mastercard,5176 XXXX XXXX 0771,ACTIVE,2022-05-05,05/27,false
CRD276834686,60212394418710,DEBIT,Visa,4214 XXXX XXXX 4479,EXPIRED,2017-02-23,02/22,false
CRD164693537,60212394418710,DEBIT,Mastercard,5318 XXXX XXXX 9880,ACTIVE,2025-05-04,05/30,false
CRD134479923,60217611109783,DEBIT,RuPay,6521 XXXX XXXX 4020,ACTIVE,2026-05-23,05/31,false
CRD500364206,60219818578735,DEBIT,RuPay,6521 XXXX XXXX 4135,ACTIVE,2022-02-14,02/27,false
CRD428744751,60218423032657,DEBIT,Mastercard,5176 XXXX XXXX 9067,ACTIVE,2024-02-04,02/29,false
CRD632902158,60216022465572,DEBIT,Visa,4390 XXXX XXXX 0756,ACTIVE,2024-01-01,01/29,false
CRD743964317,60211699697887,DEBIT,RuPay,6521 XXXX XXXX 6743,ACTIVE,2024-08-09,08/29,false
CRD711910892,60212656551871,DEBIT,Mastercard,5318 XXXX XXXX 0908,ACTIVE,2023-12-26,12/28,false
CRD424393189,60217490804551,DEBIT,Visa,4166 XXXX XXXX 7086,ACTIVE,2026-06-01,06/31,false
CRD006332169,60217733592297,DEBIT,RuPay,6070 XXXX XXXX 5509,ACTIVE,2026-07-07,07/31,false
CRD568632085,60211941969806,DEBIT,RuPay,6521 XXXX XXXX 3429,ACTIVE,2024-02-02,02/29,false
CRD551893528,60219047212499,DEBIT,RuPay,6070 XXXX XXXX 5863,ACTIVE,2022-12-18,12/27,false
CRD084561139,60216024264232,DEBIT,RuPay,6070 XXXX XXXX 2401,ACTIVE,2024-10-25,10/29,false
CRD197330566,60215105186334,DEBIT,Mastercard,5176 XXXX XXXX 9230,REISSUED,2017-11-03,11/22,true
CRD546482547,60215105186334,DEBIT,RuPay,6081 XXXX XXXX 1304,ACTIVE,2024-02-15,02/29,true
CRD683796899,60211635265831,DEBIT,Mastercard,5318 XXXX XXXX 0976,ACTIVE,2025-09-13,09/30,false
CRD067435543,60214934768665,DEBIT,RuPay,6081 XXXX XXXX 1924,ACTIVE,2025-06-09,06/30,false
CRD329125198,60214934768665,CREDIT,Visa,4390 XXXX XXXX 5657,ACTIVE,2024-09-15,09/29,false
CRD099605297,60214695203104,DEBIT,Visa,4166 XXXX XXXX 1288,ACTIVE,2026-01-23,01/31,false
CRD177459746,60214695203104,CREDIT,Visa,4390 XXXX XXXX 9213,ACTIVE,2026-03-07,03/31,true
CRD744214165,60210998158569,DEBIT,RuPay,6081 XXXX XXXX 3563,ACTIVE,2025-11-06,11/30,false
CRD670846637,60210998158569,CREDIT,Visa,4390 XXXX XXXX 5432,ACTIVE,2026-06-01,06/31,true
CRD097284165,60210713999492,DEBIT,RuPay,6522 XXXX XXXX 7591,EXPIRED,2020-12-27,12/25,false
CRD128875681,60210713999492,DEBIT,RuPay,6081 XXXX XXXX 3894,ACTIVE,2023-09-03,09/28,false
CRD585624813,60210931824979,DEBIT,RuPay,6070 XXXX XXXX 5792,ACTIVE,2026-06-26,06/31,false
CRD248989577,60211650594783,DEBIT,Visa,4166 XXXX XXXX 5596,ACTIVE,2026-04-23,04/31,false
CRD103073593,60216867902924,DEBIT,RuPay,6070 XXXX XXXX 7237,ACTIVE,2025-10-08,10/30,false
CRD289014867,60218077147893,DEBIT,Visa,4591 XXXX XXXX 9195,ACTIVE,2026-01-03,01/31,false
CRD478622952,60214176203501,DEBIT,RuPay,6070 XXXX XXXX 2333,ACTIVE,2022-01-15,01/27,false
CRD878917314,60214176203501,CREDIT,Mastercard,5176 XXXX XXXX 8982,ACTIVE,2022-06-03,06/27,true
CRD153479672,60218012499003,DEBIT,RuPay,6521 XXXX XXXX 1209,ACTIVE,2026-06-09,06/31,false
CRD531837620,60216220193654,DEBIT,Mastercard,5470 XXXX XXXX 0099,ACTIVE,2024-11-25,11/29,false
CRD978076528,60211879519461,DEBIT,RuPay,6521 XXXX XXXX 3148,ACTIVE,2026-05-24,05/31,false
CRD092150618,60215698619000,DEBIT,Visa,4390 XXXX XXXX 9968,ACTIVE,2026-07-06,07/31,false
CRD213637375,60210210118040,DEBIT,RuPay,6081 XXXX XXXX 9683,ACTIVE,2024-05-14,05/29,false
CRD499092207,60218133786842,DEBIT,Visa,4214 XXXX XXXX 1424,ACTIVE,2024-02-18,02/29,false
CRD008100465,60214263943084,DEBIT,RuPay,6522 XXXX XXXX 7397,ACTIVE,2022-05-06,05/27,false
CRD460673724,60217353878902,DEBIT,Visa,4591 XXXX XXXX 0192,ACTIVE,2022-12-02,12/27,false
CRD295676485,60215921414177,DEBIT,RuPay,6081 XXXX XXXX 4711,EXPIRED,2018-04-24,04/23,false
CRD358028834,60215921414177,DEBIT,Mastercard,5176 XXXX XXXX 3399,ACTIVE,2025-01-25,01/30,false
CRD189450753,60211739883440,DEBIT,RuPay,6070 XXXX XXXX 3659,ACTIVE,2026-07-26,07/31,false
CRD819394504,60215063189112,DEBIT,RuPay,6081 XXXX XXXX 0978,ACTIVE,2024-07-10,07/29,false
CRD871559854,60219571986027,DEBIT,RuPay,6522 XXXX XXXX 0767,REISSUED,2021-08-16,08/26,false
CRD295313208,60219571986027,DEBIT,RuPay,6522 XXXX XXXX 5151,ACTIVE,2026-03-12,03/31,false
CRD896964315,60219571986027,CREDIT,Visa,4166 XXXX XXXX 6461,ACTIVE,2026-03-18,03/31,true
CRD274287914,60218565690718,DEBIT,RuPay,6522 XXXX XXXX 3367,ACTIVE,2022-07-29,07/27,true
CRD914980080,60210842652618,DEBIT,RuPay,6522 XXXX XXXX 7755,ACTIVE,2025-09-01,09/30,false
CRD656258189,60213843761419,DEBIT,RuPay,6522 XXXX XXXX 1225,ACTIVE,2022-12-16,12/27,false
CRD655083441,60212987552222,DEBIT,Visa,4214 XXXX XXXX 9128,ACTIVE,2026-01-27,01/31,true
CRD927060138,60212987552222,CREDIT,Visa,4166 XXXX XXXX 6473,ACTIVE,2023-06-07,06/28,false
CRD951390867,60215019667107,DEBIT,RuPay,6522 XXXX XXXX 8320,ACTIVE,2022-02-26,02/27,true
CRD226925835,60216706501770,DEBIT,RuPay,6522 XXXX XXXX 0864,ACTIVE,2026-07-04,07/31,false
CRD727100808,60217315828676,DEBIT,RuPay,6521 XXXX XXXX 1430,ACTIVE,2024-08-16,08/29,false
CRD455214949,60215378881843,DEBIT,Visa,4591 XXXX XXXX 0517,ACTIVE,2024-02-10,02/29,false
CRD388840443,60215378881843,CREDIT,Visa,4166 XXXX XXXX 0471,ACTIVE,2025-05-02,05/30,false
CRD334940613,60216564285359,DEBIT,RuPay,6522 XXXX XXXX 8961,REISSUED,2020-11-01,11/25,false
CRD685746440,60216564285359,DEBIT,Mastercard,5470 XXXX XXXX 4731,ACTIVE,2026-07-05,07/31,false
CRD473441104,60216564285359,CREDIT,Mastercard,5318 XXXX XXXX 2558,ACTIVE,2023-06-11,06/28,true
CRD310155642,60214176598717,DEBIT,RuPay,6070 XXXX XXXX 8019,EXPIRED,2015-08-10,08/20,true
CRD319380360,60214176598717,DEBIT,RuPay,6521 XXXX XXXX 7757,ACTIVE,2025-01-25,01/30,false
CRD110592251,60212041004195,DEBIT,RuPay,6521 XXXX XXXX 3830,ACTIVE,2022-12-19,12/27,false
CRD373824653,60217216876844,DEBIT,Visa,4390 XXXX XXXX 6163,ACTIVE,2025-01-14,01/30,false
CRD577240466,60210627866672,DEBIT,Visa,4591 XXXX XXXX 4399,ACTIVE,2022-08-01,08/27,false
CRD620603815,60210627866672,CREDIT,Visa,4214 XXXX XXXX 7015,ACTIVE,2023-01-09,01/28,true
CRD182047234,60213240699056,DEBIT,Mastercard,5241 XXXX XXXX 3811,ACTIVE,2024-12-21,12/29,true
CRD908230229,60212995959558,DEBIT,RuPay,6070 XXXX XXXX 1522,ACTIVE,2024-10-12,10/29,false
CRD163479396,60217104651604,DEBIT,RuPay,6081 XXXX XXXX 4908,ACTIVE,2024-09-05,09/29,false
CRD532351334,60211832739428,DEBIT,RuPay,6521 XXXX XXXX 2420,ACTIVE,2022-10-21,10/27,false
CRD431616474,60216494165541,DEBIT,RuPay,6521 XXXX XXXX 8481,EXPIRED,2021-07-02,07/26,false
CRD946509144,60216494165541,DEBIT,Visa,4390 XXXX XXXX 8878,ACTIVE,2022-04-30,04/27,false
CRD307474896,60214292085202,DEBIT,RuPay,6522 XXXX XXXX 8644,ACTIVE,2025-06-16,06/30,false
CRD909098537,60211897966313,DEBIT,Mastercard,5470 XXXX XXXX 2559,ACTIVE,2024-09-09,09/29,false
CRD683893126,60214952405543,DEBIT,RuPay,6081 XXXX XXXX 3601,ACTIVE,2024-12-20,12/29,false
CRD201477408,60213530735161,DEBIT,RuPay,6070 XXXX XXXX 3626,REISSUED,2014-05-19,05/19,false
CRD245994841,60213530735161,DEBIT,RuPay,6070 XXXX XXXX 7670,ACTIVE,2025-06-21,06/30,false
CRD413134768,60219697293971,DEBIT,RuPay,6070 XXXX XXXX 2991,ACTIVE,2023-02-16,02/28,true
CRD178494259,60219697293971,CREDIT,Mastercard,5241 XXXX XXXX 5209,ACTIVE,2022-03-14,03/27,false
CRD259476552,60212577455810,DEBIT,RuPay,6522 XXXX XXXX 6379,ACTIVE,2022-05-19,05/27,false
CRD658059003,60212577455810,CREDIT,Visa,4390 XXXX XXXX 2166,ACTIVE,2025-09-12,09/30,true
CRD962246210,60216944486970,DEBIT,Mastercard,5241 XXXX XXXX 3982,REISSUED,2019-03-15,03/24,false
CRD589762352,60216944486970,DEBIT,RuPay,6081 XXXX XXXX 1449,ACTIVE,2025-08-27,08/30,false
CRD381041390,60217078709421,DEBIT,Mastercard,5470 XXXX XXXX 7167,ACTIVE,2026-07-24,07/31,false
CRD180917316,60217078709421,CREDIT,Mastercard,5176 XXXX XXXX 0378,ACTIVE,2023-02-14,02/28,false
CRD855968303,60215887327485,DEBIT,Mastercard,5176 XXXX XXXX 2326,HOTLISTED,2025-05-16,05/30,false
CRD736740162,60219501711182,DEBIT,RuPay,6070 XXXX XXXX 8269,REISSUED,2017-10-12,10/22,false
CRD914525349,60219501711182,DEBIT,RuPay,6521 XXXX XXXX 4801,ACTIVE,2025-10-31,10/30,false
CRD934272295,60218271288184,DEBIT,RuPay,6521 XXXX XXXX 8965,ACTIVE,2025-10-17,10/30,false
CRD293437330,60213356985465,DEBIT,Mastercard,5176 XXXX XXXX 3668,EXPIRED,2017-07-26,07/22,false
CRD901419540,60213356985465,DEBIT,RuPay,6522 XXXX XXXX 3831,ACTIVE,2023-05-16,05/28,false
CRD785406489,60215842775532,DEBIT,RuPay,6521 XXXX XXXX 3025,ACTIVE,2025-04-21,04/30,false
CRD809027840,60215244359747,DEBIT,RuPay,6522 XXXX XXXX 9246,ACTIVE,2025-04-11,04/30,false
CRD630036039,60213095415569,DEBIT,Mastercard,5318 XXXX XXXX 6170,ACTIVE,2023-07-01,07/28,false
CRD542165747,60210400366383,DEBIT,RuPay,6522 XXXX XXXX 7180,EXPIRED,2015-03-28,03/20,false
CRD413310552,60210400366383,DEBIT,Mastercard,5318 XXXX XXXX 2855,ACTIVE,2024-11-24,11/29,false
CRD651119579,60215367100224,DEBIT,RuPay,6521 XXXX XXXX 3027,ACTIVE,2026-06-19,06/31,false
CRD836428649,60215764162985,DEBIT,Visa,4591 XXXX XXXX 3902,ACTIVE,2022-09-01,09/27,true
CRD107345017,60217299306646,DEBIT,Visa,4166 XXXX XXXX 2460,ACTIVE,2022-12-19,12/27,false
CRD542721321,60217275859399,DEBIT,RuPay,6081 XXXX XXXX 7092,HOTLISTED,2025-10-18,10/30,false
CRD444564314,60217275859399,DEBIT,RuPay,6521 XXXX XXXX 4252,ACTIVE,2026-08-11,08/31,false
CRD200650331,60217275859399,CREDIT,Mastercard,5470 XXXX XXXX 1848,ACTIVE,2025-04-08,04/30,false
CRD855436536,60214640614960,DEBIT,RuPay,6070 XXXX XXXX 7943,ACTIVE,2026-03-10,03/31,false
CRD552382385,60219903625025,DEBIT,Visa,4591 XXXX XXXX 3721,ACTIVE,2026-05-30,05/31,false
CRD744325057,60218599874378,DEBIT,RuPay,6081 XXXX XXXX 7966,ACTIVE,2026-08-07,08/31,true
CRD744069886,60215339645947,DEBIT,Mastercard,5470 XXXX XXXX 5716,REISSUED,2018-11-03,11/23,false
CRD480573932,60215339645947,DEBIT,RuPay,6070 XXXX XXXX 7934,ACTIVE,2023-01-22,01/28,false
CRD431148086,60216762671451,DEBIT,Visa,4214 XXXX XXXX 1509,REISSUED,2021-06-18,06/26,false
CRD691459921,60216762671451,DEBIT,Visa,4390 XXXX XXXX 5412,ACTIVE,2022-06-22,06/27,false
CRD320401390,60214487443305,DEBIT,Mastercard,5470 XXXX XXXX 3863,REISSUED,2013-04-12,04/18,false
CRD647265762,60214487443305,DEBIT,RuPay,6081 XXXX XXXX 0579,ACTIVE,2025-11-25,11/30,true
CRD366303054,60211350916706,DEBIT,RuPay,6522 XXXX XXXX 5450,ACTIVE,2025-05-17,05/30,false
CRD242676577,60214221803945,DEBIT,Mastercard,5318 XXXX XXXX 8283,ACTIVE,2024-10-06,10/29,false
CRD091268403,60214221803945,CREDIT,Mastercard,5318 XXXX XXXX 7740,ACTIVE,2022-11-05,11/27,false
CRD251166094,60218664468720,DEBIT,RuPay,6521 XXXX XXXX 0263,ACTIVE,2026-02-06,02/31,false
CRD327533221,60213315652552,DEBIT,Mastercard,5318 XXXX XXXX 4878,ACTIVE,2026-05-17,05/31,false
CRD840263702,60212910620783,DEBIT,Visa,4390 XXXX XXXX 7028,ACTIVE,2022-05-28,05/27,false
CRD121332055,60213769804042,DEBIT,Mastercard,5241 XXXX XXXX 3393,REISSUED,2021-05-29,05/26,false
CRD023152094,60213769804042,DEBIT,RuPay,6081 XXXX XXXX 5586,ACTIVE,2025-05-23,05/30,false
CRD263522700,60212693602279,DEBIT,RuPay,6521 XXXX XXXX 5576,ACTIVE,2023-01-28,01/28,false
CRD185233339,60216356054813,DEBIT,Visa,4390 XXXX XXXX 5579,REISSUED,2015-02-18,02/20,false
CRD080508166,60216356054813,DEBIT,Visa,4390 XXXX XXXX 9672,ACTIVE,2022-07-31,07/27,false
CRD299972196,60212882907820,DEBIT,Visa,4214 XXXX XXXX 6053,REISSUED,2020-01-31,01/25,false
CRD843822453,60212882907820,DEBIT,Mastercard,5470 XXXX XXXX 6476,ACTIVE,2026-01-09,01/31,false
CRD981196044,60219163349539,DEBIT,Mastercard,5470 XXXX XXXX 4070,ACTIVE,2023-12-02,12/28,false
CRD529024670,60211116967479,DEBIT,Mastercard,5470 XXXX XXXX 7151,ACTIVE,2025-06-27,06/30,false
CRD588928941,60215857500952,DEBIT,Visa,4214 XXXX XXXX 0017,ACTIVE,2026-03-09,03/31,false
CRD074503153,60214857559813,DEBIT,RuPay,6081 XXXX XXXX 1878,ACTIVE,2026-06-11,06/31,false
CRD170944144,60218517369470,DEBIT,Visa,4166 XXXX XXXX 5335,ACTIVE,2026-04-13,04/31,false
CRD490272229,60212768870911,DEBIT,Mastercard,5318 XXXX XXXX 5080,ACTIVE,2026-04-02,04/31,false
CRD863625072,60217816851524,DEBIT,RuPay,6522 XXXX XXXX 2211,EXPIRED,2021-06-04,06/26,false
CRD784694477,60217816851524,DEBIT,Mastercard,5318 XXXX XXXX 4202,ACTIVE,2023-01-11,01/28,false
CRD914182054,60217054594991,DEBIT,Mastercard,5176 XXXX XXXX 8361,ACTIVE,2022-02-27,02/27,false
CRD238877293,60212671483301,DEBIT,RuPay,6081 XXXX XXXX 5033,REISSUED,2020-11-05,11/25,false
CRD042909983,60212671483301,DEBIT,Visa,4166 XXXX XXXX 0248,ACTIVE,2026-03-25,03/31,false
CRD975165836,60212297015661,DEBIT,RuPay,6522 XXXX XXXX 9731,REISSUED,2017-10-12,10/22,true
CRD492945214,60212297015661,DEBIT,Mastercard,5318 XXXX XXXX 6913,ACTIVE,2025-09-08,09/30,false
CRD213693398,60216124805707,DEBIT,Visa,4214 XXXX XXXX 9226,REISSUED,2018-09-25,09/23,false
CRD492275266,60216124805707,DEBIT,Visa,4390 XXXX XXXX 1324,ACTIVE,2023-01-30,01/28,false
CRD228629736,60215100373620,DEBIT,Mastercard,5470 XXXX XXXX 9362,ACTIVE,2025-10-19,10/30,false
CRD638921751,60218390725137,DEBIT,Mastercard,5241 XXXX XXXX 3453,ACTIVE,2022-03-13,03/27,false
CRD812224595,60218041305026,DEBIT,RuPay,6521 XXXX XXXX 3870,EXPIRED,2017-05-27,05/22,false
CRD881054262,60218041305026,DEBIT,RuPay,6070 XXXX XXXX 4122,ACTIVE,2024-02-15,02/29,false
CRD769622639,60211941572951,DEBIT,RuPay,6522 XXXX XXXX 4740,EXPIRED,2020-04-15,04/25,false
CRD501465386,60211941572951,DEBIT,RuPay,6522 XXXX XXXX 2636,ACTIVE,2022-11-14,11/27,false
CRD304211749,60211941572951,CREDIT,Mastercard,5470 XXXX XXXX 8076,ACTIVE,2025-01-20,01/30,false
CRD884098919,60218281584602,DEBIT,RuPay,6070 XXXX XXXX 3755,ACTIVE,2022-03-27,03/27,false
CRD817433392,60215289277426,DEBIT,RuPay,6521 XXXX XXXX 9006,ACTIVE,2026-06-08,06/31,false
CRD708213264,60219360134678,DEBIT,Visa,4591 XXXX XXXX 1062,ACTIVE,2026-04-30,04/31,false
CRD460692601,60218821929443,DEBIT,Mastercard,5318 XXXX XXXX 1719,ACTIVE,2025-12-09,12/30,false
CRD040071077,60212882472857,DEBIT,Mastercard,5470 XXXX XXXX 5259,ACTIVE,2023-01-23,01/28,false
CRD780181557,60218729222677,DEBIT,RuPay,6521 XXXX XXXX 3029,ACTIVE,2025-03-26,03/30,false
CRD521137397,60215859567095,DEBIT,RuPay,6081 XXXX XXXX 2082,ACTIVE,2023-12-27,12/28,false
CRD084123505,60218612854347,DEBIT,Visa,4390 XXXX XXXX 2106,ACTIVE,2026-05-30,05/31,false
CRD330568469,60212013493657,DEBIT,Mastercard,5470 XXXX XXXX 2867,ACTIVE,2023-12-08,12/28,false
CRD342476320,60219403864519,DEBIT,Visa,4591 XXXX XXXX 8475,ACTIVE,2025-03-21,03/30,false
CRD837202240,60215693579397,DEBIT,RuPay,6081 XXXX XXXX 6814,REISSUED,2017-09-13,09/22,false
CRD566941215,60215693579397,DEBIT,RuPay,6522 XXXX XXXX 9777,ACTIVE,2025-07-21,07/30,true
CRD954626243,60215687447085,DEBIT,RuPay,6521 XXXX XXXX 3656,ACTIVE,2023-12-26,12/28,false
CRD408945974,60216786714240,DEBIT,Visa,4390 XXXX XXXX 7518,EXPIRED,2017-01-10,01/22,false
CRD079252319,60216786714240,DEBIT,RuPay,6521 XXXX XXXX 0249,ACTIVE,2025-11-25,11/30,false
CRD590787823,60216786714240,CREDIT,Visa,4390 XXXX XXXX 5052,ACTIVE,2025-07-02,07/30,true
CRD691138949,60218586543276,DEBIT,Mastercard,5470 XXXX XXXX 5456,ACTIVE,2026-08-03,08/31,false
CRD708733119,60219783806083,DEBIT,RuPay,6522 XXXX XXXX 2213,ACTIVE,2025-05-27,05/30,false
CRD748021751,60219809601385,DEBIT,RuPay,6081 XXXX XXXX 2168,ACTIVE,2026-01-04,01/31,false
CRD830848933,60215093957948,DEBIT,RuPay,6070 XXXX XXXX 5515,ACTIVE,2025-12-14,12/30,false
CRD854360637,60213222274543,DEBIT,RuPay,6070 XXXX XXXX 6339,EXPIRED,2018-11-16,11/23,false
CRD721388030,60213222274543,DEBIT,RuPay,6522 XXXX XXXX 9611,ACTIVE,2024-10-22,10/29,false
CRD718796522,60210388314392,DEBIT,Visa,4166 XXXX XXXX 5051,ACTIVE,2025-11-05,11/30,false
CRD361784794,60219392888290,DEBIT,Mastercard,5470 XXXX XXXX 9083,ACTIVE,2024-01-07,01/29,true
CRD302143361,60219392888290,CREDIT,Visa,4214 XXXX XXXX 0719,ACTIVE,2026-02-28,02/31,true
CRD525524059,60214410884314,DEBIT,RuPay,6522 XXXX XXXX 1750,ACTIVE,2026-05-13,05/31,false
CRD564519992,60217084165804,DEBIT,RuPay,6522 XXXX XXXX 7569,REISSUED,2020-06-28,06/25,false
CRD983519679,60217084165804,DEBIT,Mastercard,5176 XXXX XXXX 5747,ACTIVE,2023-10-01,10/28,true
CRD905770722,60218459163436,DEBIT,Visa,4214 XXXX XXXX 4434,ACTIVE,2023-08-26,08/28,false
CRD016341999,60218459163436,CREDIT,RuPay,6070 XXXX XXXX 4194,ACTIVE,2026-03-05,03/31,false
CRD077541456,60211620129036,DEBIT,RuPay,6081 XXXX XXXX 6434,REISSUED,2018-09-23,09/23,false
CRD522241587,60211620129036,DEBIT,Visa,4591 XXXX XXXX 7690,ACTIVE,2025-03-06,03/30,false
CRD139039308,60218638871820,DEBIT,RuPay,6070 XXXX XXXX 6509,ACTIVE,2025-06-29,06/30,false
CRD812230640,60210283132055,DEBIT,RuPay,6070 XXXX XXXX 1743,ACTIVE,2024-12-01,12/29,false
CRD921242747,60210102521068,DEBIT,Mastercard,5241 XXXX XXXX 4488,REISSUED,2020-12-29,12/25,false
CRD258296398,60210102521068,DEBIT,RuPay,6070 XXXX XXXX 2853,ACTIVE,2022-02-23,02/27,false
CRD390614233,60213103464448,DEBIT,RuPay,6070 XXXX XXXX 2904,ACTIVE,2025-01-03,01/30,false
CRD646797294,60213103464448,CREDIT,Mastercard,5241 XXXX XXXX 3072,ACTIVE,2023-11-21,11/28,true
CRD881266126,60215244983252,DEBIT,Mastercard,5318 XXXX XXXX 9914,HOTLISTED,2022-04-13,04/27,false
CRD645026077,60215244983252,DEBIT,Visa,4166 XXXX XXXX 6883,ACTIVE,2026-07-16,07/31,false
CRD869148926,60219056262419,DEBIT,RuPay,6070 XXXX XXXX 0988,ACTIVE,2026-03-28,03/31,false
CRD287827741,60214681432221,DEBIT,RuPay,6081 XXXX XXXX 3369,ACTIVE,2025-04-06,04/30,true
CRD818435083,60219056262419,CREDIT,Visa,4214 XXXX XXXX 9799,ACTIVE,2026-07-24,07/31,false
CRD742113991,60211618885422,DEBIT,Visa,4591 XXXX XXXX 7297,ACTIVE,2023-05-02,05/28,false
CRD066348045,60216639041235,DEBIT,Visa,4214 XXXX XXXX 5316,ACTIVE,2024-12-12,12/29,false
CRD467909489,60212113173386,DEBIT,RuPay,6522 XXXX XXXX 6310,ACTIVE,2025-10-30,10/30,false
CRD128461814,60215102273309,DEBIT,Visa,4214 XXXX XXXX 7236,REISSUED,2019-03-04,03/24,false
CRD340171045,60215102273309,DEBIT,RuPay,6522 XXXX XXXX 2004,ACTIVE,2022-04-16,04/27,false
CRD470215030,60212074522791,DEBIT,RuPay,6521 XXXX XXXX 8217,ACTIVE,2025-12-18,12/30,false
CRD722920522,60217002908029,DEBIT,Mastercard,5176 XXXX XXXX 7592,ACTIVE,2026-02-15,02/31,false
CRD283694776,60213354165521,DEBIT,Visa,4214 XXXX XXXX 9745,ACTIVE,2022-05-28,05/27,false
CRD727505457,60217987348589,DEBIT,RuPay,6081 XXXX XXXX 7306,ACTIVE,2024-01-30,01/29,true
CRD104619371,60217987348589,CREDIT,Visa,4390 XXXX XXXX 0516,ACTIVE,2025-11-09,11/30,false
CRD927045172,60215937613022,DEBIT,Visa,4591 XXXX XXXX 1149,ACTIVE,2024-10-15,10/29,false
CRD080599016,60210887694728,DEBIT,Mastercard,5470 XXXX XXXX 1403,ACTIVE,2023-02-12,02/28,false
CRD611821187,60210887694728,CREDIT,RuPay,6081 XXXX XXXX 3495,ACTIVE,2025-06-29,06/30,true
CRD936174009,60219838886196,DEBIT,Visa,4591 XXXX XXXX 4185,ACTIVE,2026-07-24,07/31,false
CRD519008901,60215066138189,DEBIT,RuPay,6521 XXXX XXXX 8148,ACTIVE,2025-05-09,05/30,true
CRD959999250,60212256343172,DEBIT,Visa,4166 XXXX XXXX 9684,ACTIVE,2024-09-14,09/29,false
CRD934025880,60210416527358,DEBIT,RuPay,6521 XXXX XXXX 7348,ACTIVE,2026-01-24,01/31,false
CRD017905406,60214080749138,DEBIT,Mastercard,5176 XXXX XXXX 2492,ACTIVE,2026-08-07,08/31,false
CRD470666640,60212419819338,DEBIT,RuPay,6070 XXXX XXXX 2388,REISSUED,2017-05-27,05/22,false
CRD959207442,60212419819338,DEBIT,Mastercard,5241 XXXX XXXX 5149,ACTIVE,2022-01-09,01/27,false
CRD318572562,60212990423107,DEBIT,Visa,4591 XXXX XXXX 5966,ACTIVE,2026-05-09,05/31,false
CRD334875315,60217755127300,DEBIT,RuPay,6081 XXXX XXXX 2319,ACTIVE,2025-04-08,04/30,true
CRD471395840,60216426181214,DEBIT,Visa,4390 XXXX XXXX 0688,ACTIVE,2026-05-16,05/31,false
CRD310680921,60215126280645,DEBIT,RuPay,6521 XXXX XXXX 5583,ACTIVE,2026-07-19,07/31,false
CRD434927662,60210125115427,DEBIT,Visa,4390 XXXX XXXX 1353,ACTIVE,2026-04-18,04/31,false
CRD290656320,60217623676754,DEBIT,RuPay,6081 XXXX XXXX 3615,ACTIVE,2024-03-02,03/29,false
CRD126342146,60218977668568,DEBIT,Mastercard,5318 XXXX XXXX 2321,EXPIRED,2021-06-19,06/26,false
CRD562506161,60218977668568,DEBIT,Mastercard,5318 XXXX XXXX 8383,ACTIVE,2026-06-24,06/31,false
CRD887942524,60213198326279,DEBIT,RuPay,6070 XXXX XXXX 9422,EXPIRED,2018-02-05,02/23,true
CRD187207314,60213198326279,DEBIT,Mastercard,5470 XXXX XXXX 6821,ACTIVE,2024-08-04,08/29,true
CRD964021379,60213198326279,CREDIT,Visa,4166 XXXX XXXX 6213,ACTIVE,2025-02-27,02/30,true
CRD134854268,60213959111076,DEBIT,Visa,4214 XXXX XXXX 1439,ACTIVE,2025-05-03,05/30,false
CRD113509213,60213959111076,CREDIT,RuPay,6521 XXXX XXXX 0103,ACTIVE,2025-03-11,03/30,true
CRD072356853,60219332369810,DEBIT,RuPay,6081 XXXX XXXX 2049,EXPIRED,2021-04-17,04/26,false
CRD529684407,60219332369810,DEBIT,RuPay,6070 XXXX XXXX 6567,ACTIVE,2024-02-02,02/29,true
CRD244659004,60219332369810,CREDIT,Mastercard,5241 XXXX XXXX 6552,ACTIVE,2024-07-02,07/29,false
CRD707304270,60212522083190,DEBIT,RuPay,6521 XXXX XXXX 4870,ACTIVE,2025-11-25,11/30,false
CRD470377335,60210754285563,DEBIT,RuPay,6070 XXXX XXXX 2875,ACTIVE,2024-11-26,11/29,false
CRD501773044,60217891338815,DEBIT,RuPay,6070 XXXX XXXX 2823,ACTIVE,2025-03-10,03/30,false
CRD419233115,60214572698569,DEBIT,RuPay,6081 XXXX XXXX 0431,ACTIVE,2026-01-17,01/31,false
CRD105331829,60218555365714,DEBIT,Mastercard,5470 XXXX XXXX 4084,EXPIRED,2020-01-24,01/25,false
CRD308702834,60218555365714,DEBIT,RuPay,6522 XXXX XXXX 5053,ACTIVE,2024-05-26,05/29,false
CRD437669213,60218555365714,CREDIT,Mastercard,5318 XXXX XXXX 8059,ACTIVE,2023-02-07,02/28,true
CRD889255082,60217438889276,DEBIT,RuPay,6522 XXXX XXXX 1199,EXPIRED,2015-05-21,05/20,false
CRD204012230,60217438889276,DEBIT,RuPay,6070 XXXX XXXX 4773,ACTIVE,2023-02-07,02/28,false
CRD580707007,60213043686375,DEBIT,RuPay,6081 XXXX XXXX 4279,ACTIVE,2023-11-03,11/28,false
CRD665378905,60213043686375,CREDIT,Visa,4390 XXXX XXXX 2672,ACTIVE,2022-09-21,09/27,false
CRD209691197,60212576049722,DEBIT,RuPay,6070 XXXX XXXX 2987,ACTIVE,2026-06-08,06/31,false
CRD935718312,60215420414585,DEBIT,RuPay,6521 XXXX XXXX 0801,ACTIVE,2025-12-09,12/30,false
CRD383790703,60219596344408,DEBIT,Visa,4591 XXXX XXXX 9011,REISSUED,2017-04-26,04/22,false
CRD405830186,60219596344408,DEBIT,Mastercard,5176 XXXX XXXX 4237,ACTIVE,2026-03-02,03/31,false
CRD081428653,60216638543788,DEBIT,RuPay,6521 XXXX XXXX 2823,EXPIRED,2018-04-18,04/23,false
CRD462179614,60216638543788,DEBIT,RuPay,6521 XXXX XXXX 8087,ACTIVE,2022-10-02,10/27,true
CRD845322486,60215201139126,DEBIT,Visa,4591 XXXX XXXX 2730,REISSUED,2015-05-15,05/20,false
CRD173341241,60215201139126,DEBIT,RuPay,6081 XXXX XXXX 4274,ACTIVE,2026-01-22,01/31,false
CRD896342808,60219718752165,DEBIT,Visa,4591 XXXX XXXX 2449,EXPIRED,2021-07-12,07/26,false
CRD355457988,60219718752165,DEBIT,RuPay,6522 XXXX XXXX 8532,ACTIVE,2023-01-26,01/28,false
CRD664988150,60219455102860,DEBIT,Visa,4591 XXXX XXXX 1304,REISSUED,2021-07-04,07/26,false
CRD150324018,60219455102860,DEBIT,Visa,4591 XXXX XXXX 4661,ACTIVE,2023-10-11,10/28,false
CRD101871476,60216214422265,DEBIT,RuPay,6522 XXXX XXXX 2990,ACTIVE,2022-10-18,10/27,false
CRD181375642,60219002236213,DEBIT,RuPay,6081 XXXX XXXX 6106,ACTIVE,2025-06-01,06/30,false
CRD594577848,60212131138250,DEBIT,RuPay,6522 XXXX XXXX 8427,ACTIVE,2024-03-10,03/29,false
CRD271593965,60217261919538,DEBIT,RuPay,6081 XXXX XXXX 8767,ACTIVE,2026-07-19,07/31,false
CRD842839670,60219144929057,DEBIT,Visa,4591 XXXX XXXX 1814,REISSUED,2017-02-08,02/22,false
CRD773525181,60219144929057,DEBIT,Mastercard,5318 XXXX XXXX 6753,ACTIVE,2026-05-05,05/31,false
CRD201533537,60216025845394,DEBIT,Mastercard,5470 XXXX XXXX 3194,ACTIVE,2024-10-18,10/29,false
CRD832933263,60212688308996,DEBIT,RuPay,6521 XXXX XXXX 6499,REISSUED,2021-07-24,07/26,false
CRD169034612,60212688308996,DEBIT,RuPay,6070 XXXX XXXX 9410,ACTIVE,2026-05-27,05/31,false
CRD018963629,60212688308996,CREDIT,RuPay,6081 XXXX XXXX 0488,ACTIVE,2023-12-09,12/28,true
CRD572420973,60215339301342,DEBIT,RuPay,6070 XXXX XXXX 7246,ACTIVE,2025-06-30,06/30,false
CRD607797145,60218727287158,DEBIT,RuPay,6081 XXXX XXXX 2964,ACTIVE,2024-06-29,06/29,false
CRD103813281,60213200082164,DEBIT,RuPay,6081 XXXX XXXX 5027,ACTIVE,2025-08-05,08/30,false
CRD184521167,60210432589805,DEBIT,Mastercard,5241 XXXX XXXX 8848,ACTIVE,2025-05-16,05/30,false
CRD715517248,60211783144311,DEBIT,Visa,4591 XXXX XXXX 6126,ACTIVE,2025-02-06,02/30,true
CRD567411957,60211783144311,CREDIT,Visa,4591 XXXX XXXX 1638,ACTIVE,2024-04-02,04/29,false
CRD010939194,60211403646634,DEBIT,Mastercard,5470 XXXX XXXX 6381,ACTIVE,2023-08-19,08/28,false
CRD174692111,60212810681780,DEBIT,Mastercard,5241 XXXX XXXX 6666,ACTIVE,2025-11-23,11/30,false
CRD034199770,60219499535825,DEBIT,RuPay,6081 XXXX XXXX 1275,EXPIRED,2021-07-25,07/26,true
CRD280845767,60219499535825,DEBIT,RuPay,6070 XXXX XXXX 3209,ACTIVE,2025-06-20,06/30,false
CRD803916122,60219499535825,CREDIT,Visa,4214 XXXX XXXX 2865,ACTIVE,2022-08-18,08/27,false
CRD533647752,60212711812552,DEBIT,Visa,4591 XXXX XXXX 3257,REISSUED,2021-08-15,08/26,false
CRD352532754,60212711812552,DEBIT,RuPay,6522 XXXX XXXX 2577,ACTIVE,2025-09-17,09/30,false
CRD591711112,60219332241743,DEBIT,Mastercard,5470 XXXX XXXX 6371,ACTIVE,2024-08-13,08/29,false
CRD557057613,60213258036155,DEBIT,Mastercard,5241 XXXX XXXX 6912,ACTIVE,2026-06-19,06/31,false
CRD694398121,60213123613816,DEBIT,RuPay,6521 XXXX XXXX 7331,ACTIVE,2024-10-04,10/29,false
CRD859803698,60211712580318,DEBIT,RuPay,6522 XXXX XXXX 7007,ACTIVE,2025-10-01,10/30,false
CRD997217535,60212740788427,DEBIT,Visa,4166 XXXX XXXX 6267,ACTIVE,2023-03-27,03/28,false
CRD647582985,60217502222334,DEBIT,Visa,4214 XXXX XXXX 1730,ACTIVE,2022-05-05,05/27,false
CRD991631250,60215595377650,DEBIT,Visa,4591 XXXX XXXX 0092,EXPIRED,2016-06-29,06/21,false
CRD081732357,60215595377650,DEBIT,RuPay,6070 XXXX XXXX 3605,ACTIVE,2022-04-17,04/27,false
CRD359732590,60211692487622,DEBIT,RuPay,6070 XXXX XXXX 6200,ACTIVE,2026-05-13,05/31,true
CRD898990170,60218290531860,DEBIT,Visa,4166 XXXX XXXX 2681,ACTIVE,2025-05-09,05/30,false
CRD844588014,60212852416729,DEBIT,RuPay,6521 XXXX XXXX 3252,EXPIRED,2019-11-21,11/24,true
CRD575383361,60212852416729,DEBIT,Mastercard,5241 XXXX XXXX 4172,ACTIVE,2023-10-01,10/28,false
CRD820961347,60216976074828,DEBIT,Mastercard,5241 XXXX XXXX 7900,ACTIVE,2025-04-12,04/30,false
CRD539737068,60216976074828,CREDIT,Visa,4214 XXXX XXXX 5946,ACTIVE,2025-11-27,11/30,true
CRD305452792,60214317701286,DEBIT,RuPay,6070 XXXX XXXX 5587,ACTIVE,2026-06-22,06/31,false
CRD753474092,60215144034694,DEBIT,RuPay,6521 XXXX XXXX 9894,ACTIVE,2026-01-30,01/31,true
CRD151774457,60214098845633,DEBIT,RuPay,6081 XXXX XXXX 0790,ACTIVE,2022-10-01,10/27,false
CRD997823885,60217425099896,DEBIT,RuPay,6521 XXXX XXXX 2649,ACTIVE,2025-07-23,07/30,true
CRD190954151,60213349738113,DEBIT,Visa,4390 XXXX XXXX 1854,ACTIVE,2023-06-19,06/28,false
CRD383855294,60210540542902,DEBIT,RuPay,6081 XXXX XXXX 3269,REISSUED,2021-07-29,07/26,false
CRD388548048,60210540542902,DEBIT,Visa,4390 XXXX XXXX 0416,ACTIVE,2025-12-27,12/30,false
CRD484144894,60210540542902,CREDIT,Visa,4166 XXXX XXXX 5085,ACTIVE,2026-02-23,02/31,false
CRD496785610,60213910356295,DEBIT,Visa,4166 XXXX XXXX 9986,ACTIVE,2026-06-02,06/31,false
CRD931575857,60210027969473,DEBIT,RuPay,6081 XXXX XXXX 5687,ACTIVE,2024-04-02,04/29,false
CRD537044790,60219480545704,DEBIT,RuPay,6081 XXXX XXXX 9905,REISSUED,2019-08-09,08/24,false
CRD051191898,60219480545704,DEBIT,Mastercard,5318 XXXX XXXX 7368,ACTIVE,2023-08-04,08/28,false
CRD693485278,60212682685095,DEBIT,RuPay,6521 XXXX XXXX 1469,ACTIVE,2021-12-27,12/26,false
CRD660466650,60214516745725,DEBIT,Mastercard,5470 XXXX XXXX 1873,ACTIVE,2022-06-12,06/27,false
CRD928855989,60219680257781,DEBIT,Mastercard,5176 XXXX XXXX 6494,ACTIVE,2024-10-27,10/29,false
CRD615187119,60218100533289,DEBIT,Mastercard,5176 XXXX XXXX 3064,ACTIVE,2022-06-02,06/27,false
CRD506939178,60214929136390,DEBIT,RuPay,6521 XXXX XXXX 6550,ACTIVE,2026-04-23,04/31,false
CRD199640937,60216797716017,DEBIT,RuPay,6070 XXXX XXXX 2375,ACTIVE,2025-04-06,04/30,false
CRD922495039,60216797716017,CREDIT,Mastercard,5176 XXXX XXXX 4658,ACTIVE,2026-08-10,08/31,false
CRD899582947,60213377013899,DEBIT,RuPay,6081 XXXX XXXX 4117,REISSUED,2017-04-02,04/22,false
CRD551463648,60213377013899,DEBIT,Visa,4591 XXXX XXXX 3762,ACTIVE,2024-10-21,10/29,false
CRD438143118,60219297265891,DEBIT,Mastercard,5176 XXXX XXXX 5144,EXPIRED,2019-10-01,10/24,false
CRD974358976,60219297265891,DEBIT,Visa,4166 XXXX XXXX 4860,ACTIVE,2025-06-08,06/30,false
CRD983502196,60216759849818,DEBIT,Visa,4214 XXXX XXXX 2153,EXPIRED,2020-08-18,08/25,false
CRD215618366,60216759849818,DEBIT,Mastercard,5176 XXXX XXXX 6076,ACTIVE,2023-03-08,03/28,false
CRD113714415,60217792862236,DEBIT,RuPay,6521 XXXX XXXX 4551,ACTIVE,2025-06-04,06/30,false
CRD317115096,60211711599235,DEBIT,RuPay,6522 XXXX XXXX 0889,ACTIVE,2023-10-10,10/28,false
CRD951215119,60213567524225,DEBIT,Mastercard,5241 XXXX XXXX 8169,ACTIVE,2023-03-05,03/28,false
CRD106686201,60215565252590,DEBIT,Mastercard,5241 XXXX XXXX 4775,ACTIVE,2026-08-07,08/31,true
CRD484385589,60210187797422,DEBIT,Visa,4390 XXXX XXXX 0137,EXPIRED,2021-03-20,03/26,true
CRD982741169,60210187797422,DEBIT,Mastercard,5176 XXXX XXXX 2020,ACTIVE,2022-08-06,08/27,false
CRD973421312,60211641129947,DEBIT,Mastercard,5176 XXXX XXXX 5982,ACTIVE,2022-04-13,04/27,false
CRD137989825,60215551181067,DEBIT,Visa,4591 XXXX XXXX 1035,ACTIVE,2025-06-07,06/30,false
CRD228745703,60213779473706,DEBIT,RuPay,6522 XXXX XXXX 5683,EXPIRED,2021-07-31,07/26,false
CRD185456723,60213779473706,DEBIT,Mastercard,5318 XXXX XXXX 4363,ACTIVE,2024-10-21,10/29,false
CRD566316273,60213779473706,CREDIT,Mastercard,5470 XXXX XXXX 3669,ACTIVE,2024-04-28,04/29,true
CRD609710370,60211374908449,DEBIT,Mastercard,5470 XXXX XXXX 3935,ACTIVE,2024-12-05,12/29,false
CRD126330159,60212872338125,DEBIT,Mastercard,5470 XXXX XXXX 6779,ACTIVE,2024-12-02,12/29,false
CRD623641855,60216991659682,DEBIT,RuPay,6521 XXXX XXXX 7442,ACTIVE,2023-06-03,06/28,false
CRD514988446,60215033599247,DEBIT,RuPay,6522 XXXX XXXX 4935,EXPIRED,2018-01-28,01/23,false
CRD607027238,60215033599247,DEBIT,RuPay,6081 XXXX XXXX 1816,ACTIVE,2024-09-30,09/29,false
CRD882677358,60212146909472,DEBIT,RuPay,6522 XXXX XXXX 5656,ACTIVE,2024-10-20,10/29,false
CRD571167592,60215149783568,DEBIT,Mastercard,5241 XXXX XXXX 9779,EXPIRED,2018-07-23,07/23,false
CRD707530818,60215149783568,DEBIT,Mastercard,5470 XXXX XXXX 4622,ACTIVE,2024-10-01,10/29,false
CRD652343686,60219526125282,DEBIT,RuPay,6081 XXXX XXXX 9205,ACTIVE,2026-05-20,05/31,false
CRD233326783,60217912398372,DEBIT,Visa,4166 XXXX XXXX 9485,ACTIVE,2026-06-13,06/31,false
CRD046959949,60219407996141,DEBIT,Visa,4166 XXXX XXXX 0095,ACTIVE,2025-02-13,02/30,true
CRD313237437,60219537389083,DEBIT,RuPay,6521 XXXX XXXX 0984,ACTIVE,2024-12-06,12/29,false
CRD656533112,60219537389083,CREDIT,Visa,4214 XXXX XXXX 1977,ACTIVE,2022-12-12,12/27,true
CRD579974949,60214211232698,DEBIT,Mastercard,5318 XXXX XXXX 0177,ACTIVE,2025-10-17,10/30,false
CRD483260809,60215793701270,DEBIT,RuPay,6081 XXXX XXXX 3491,ACTIVE,2024-12-08,12/29,false
CRD413806318,60215793701270,CREDIT,Mastercard,5470 XXXX XXXX 7520,ACTIVE,2024-07-22,07/29,true
CRD092402155,60213763698261,DEBIT,Visa,4166 XXXX XXXX 8034,EXPIRED,2021-04-26,04/26,false
CRD572226999,60213763698261,DEBIT,RuPay,6521 XXXX XXXX 8882,ACTIVE,2023-06-09,06/28,false
CRD451511596,60210553220823,DEBIT,RuPay,6070 XXXX XXXX 1954,ACTIVE,2023-09-27,09/28,false
CRD658485295,60214221049301,DEBIT,RuPay,6081 XXXX XXXX 3711,ACTIVE,2025-03-06,03/30,true
CRD797957134,60219097704566,DEBIT,RuPay,6081 XXXX XXXX 0382,ACTIVE,2023-06-23,06/28,false
CRD298235671,60215762294340,DEBIT,Mastercard,5241 XXXX XXXX 7325,ACTIVE,2024-03-31,03/29,false
CRD722308795,60217714923193,DEBIT,RuPay,6070 XXXX XXXX 5995,ACTIVE,2022-12-12,12/27,false
CRD574938528,60219026289831,DEBIT,RuPay,6522 XXXX XXXX 2618,ACTIVE,2026-04-02,04/31,false
CRD828109048,60218794608802,DEBIT,Mastercard,5318 XXXX XXXX 8481,ACTIVE,2025-01-27,01/30,false
CRD383672900,60219570001687,DEBIT,Visa,4166 XXXX XXXX 9804,ACTIVE,2025-10-05,10/30,false
CRD601752134,60219380063495,DEBIT,Visa,4214 XXXX XXXX 2418,ACTIVE,2023-04-21,04/28,false
CRD938176640,60219089748990,DEBIT,Visa,4214 XXXX XXXX 5484,REISSUED,2021-05-21,05/26,true
CRD497913873,60219089748990,DEBIT,RuPay,6081 XXXX XXXX 8377,ACTIVE,2024-03-25,03/29,false
CRD720764938,60213324551230,DEBIT,Mastercard,5318 XXXX XXXX 1139,ACTIVE,2025-03-02,03/30,false
CRD037469244,60210451861015,DEBIT,Mastercard,5470 XXXX XXXX 6922,ACTIVE,2022-11-26,11/27,false
CRD181910060,60213154205514,DEBIT,Visa,4214 XXXX XXXX 7906,ACTIVE,2023-05-31,05/28,false
CRD770548006,60215212842689,DEBIT,RuPay,6522 XXXX XXXX 0935,ACTIVE,2024-08-01,08/29,true
CRD691780582,60215212842689,CREDIT,RuPay,6521 XXXX XXXX 3540,ACTIVE,2023-09-05,09/28,true
CRD755182073,60219398644910,DEBIT,RuPay,6070 XXXX XXXX 5316,ACTIVE,2022-06-28,06/27,false
CRD234497180,60218308059987,DEBIT,RuPay,6081 XXXX XXXX 0403,ACTIVE,2025-01-12,01/30,false
CRD665165991,60216839688320,DEBIT,Mastercard,5176 XXXX XXXX 3046,ACTIVE,2025-08-31,08/30,false
CRD416064574,60211082302222,DEBIT,RuPay,6522 XXXX XXXX 5911,ACTIVE,2026-06-27,06/31,false
CRD063231375,60211388661136,DEBIT,RuPay,6081 XXXX XXXX 4409,ACTIVE,2025-06-20,06/30,true
CRD873570044,60216740291797,DEBIT,RuPay,6070 XXXX XXXX 2552,REISSUED,2017-12-05,12/22,false
CRD903305463,60216740291797,DEBIT,RuPay,6070 XXXX XXXX 2501,ACTIVE,2023-10-30,10/28,false
CRD511257531,60216740291797,CREDIT,Mastercard,5470 XXXX XXXX 7437,ACTIVE,2024-03-21,03/29,false
CRD741892563,60217511353588,DEBIT,Visa,4390 XXXX XXXX 5780,ACTIVE,2023-10-03,10/28,false
CRD047629175,60219398281335,DEBIT,RuPay,6521 XXXX XXXX 5016,ACTIVE,2024-03-07,03/29,false
CRD796921368,60210986409883,DEBIT,Visa,4591 XXXX XXXX 3807,ACTIVE,2026-05-15,05/31,false
CRD570991332,60210508082435,DEBIT,Visa,4166 XXXX XXXX 5670,ACTIVE,2025-11-17,11/30,false
CRD362683689,60215631389264,DEBIT,Visa,4214 XXXX XXXX 9235,ACTIVE,2025-11-28,11/30,false
CRD601934411,60216941921041,DEBIT,RuPay,6081 XXXX XXXX 4768,ACTIVE,2026-06-19,06/31,false
CRD827798105,60211932587971,DEBIT,RuPay,6521 XXXX XXXX 7867,EXPIRED,2020-01-07,01/25,false
CRD062217505,60211932587971,DEBIT,Mastercard,5470 XXXX XXXX 6381,ACTIVE,2024-03-02,03/29,false
CRD757741744,60214364700066,DEBIT,RuPay,6081 XXXX XXXX 1375,ACTIVE,2025-07-30,07/30,false
CRD777205808,60214364700066,CREDIT,Visa,4166 XXXX XXXX 0583,ACTIVE,2024-12-07,12/29,true
CRD561809908,60214977375221,DEBIT,Mastercard,5470 XXXX XXXX 1872,ACTIVE,2024-11-21,11/29,true
CRD822622521,60217322424428,DEBIT,Visa,4214 XXXX XXXX 0263,ACTIVE,2022-08-19,08/27,false
CRD216166939,60217134784788,DEBIT,RuPay,6522 XXXX XXXX 8281,EXPIRED,2020-05-27,05/25,false
CRD589338227,60217134784788,DEBIT,RuPay,6522 XXXX XXXX 1521,ACTIVE,2022-04-11,04/27,false
CRD622596546,60211827761432,DEBIT,Visa,4166 XXXX XXXX 1950,ACTIVE,2026-07-05,07/31,false
CRD669065408,60217639307207,DEBIT,RuPay,6521 XXXX XXXX 0120,ACTIVE,2026-06-24,06/31,false
CRD784623425,60215120645293,DEBIT,RuPay,6070 XXXX XXXX 9539,ACTIVE,2026-05-05,05/31,false
CRD029514619,60218241167450,DEBIT,RuPay,6081 XXXX XXXX 8214,ACTIVE,2025-08-14,08/30,false
CRD916975329,60213393655123,DEBIT,Visa,4166 XXXX XXXX 6922,ACTIVE,2023-09-28,09/28,false
CRD151797821,60216548196489,DEBIT,Visa,4390 XXXX XXXX 0454,ACTIVE,2024-07-12,07/29,true
CRD642328817,60216548196489,CREDIT,RuPay,6081 XXXX XXXX 9643,ACTIVE,2022-06-21,06/27,true
CRD387685960,60215240421849,DEBIT,Mastercard,5241 XXXX XXXX 0549,ACTIVE,2026-06-15,06/31,false
CRD225565610,60215240421849,CREDIT,Mastercard,5470 XXXX XXXX 3133,ACTIVE,2026-07-27,07/31,true
CRD425695246,60214330965661,DEBIT,Visa,4390 XXXX XXXX 1061,EXPIRED,2021-02-22,02/26,false
CRD120830837,60214330965661,DEBIT,RuPay,6081 XXXX XXXX 3351,ACTIVE,2022-03-16,03/27,false
CRD715629043,60215371027411,DEBIT,Visa,4214 XXXX XXXX 7471,EXPIRED,2020-06-10,06/25,false
CRD104097023,60215371027411,DEBIT,Visa,4591 XXXX XXXX 0233,ACTIVE,2025-04-10,04/30,false
CRD478303848,60219148097422,DEBIT,RuPay,6522 XXXX XXXX 4074,ACTIVE,2026-08-04,08/31,false
CRD114699561,60218380958667,DEBIT,Mastercard,5470 XXXX XXXX 7536,ACTIVE,2026-01-22,01/31,false
CRD038596244,60219171313009,DEBIT,RuPay,6521 XXXX XXXX 1968,ACTIVE,2026-01-18,01/31,false
CRD040547740,60217915623655,DEBIT,RuPay,6521 XXXX XXXX 2062,ACTIVE,2025-08-20,08/30,false
CRD462049111,60218705109919,DEBIT,Visa,4166 XXXX XXXX 6192,ACTIVE,2023-05-17,05/28,false
CRD498692370,60217367645989,DEBIT,RuPay,6521 XXXX XXXX 3207,REISSUED,2021-01-30,01/26,true
CRD902250079,60217367645989,DEBIT,Mastercard,5318 XXXX XXXX 3932,ACTIVE,2022-11-29,11/27,false
CRD322499315,60217367645989,CREDIT,RuPay,6070 XXXX XXXX 3735,ACTIVE,2024-02-22,02/29,true
CRD584842340,60215213298322,DEBIT,Visa,4390 XXXX XXXX 6895,ACTIVE,2024-08-14,08/29,false
CRD275331161,60216345788453,DEBIT,Mastercard,5241 XXXX XXXX 0179,EXPIRED,2021-08-17,08/26,false
CRD567024240,60216345788453,DEBIT,RuPay,6070 XXXX XXXX 6195,ACTIVE,2025-11-28,11/30,false
CRD568483836,60211798890489,DEBIT,RuPay,6521 XXXX XXXX 8875,ACTIVE,2022-01-28,01/27,false
CRD884236182,60212605160640,DEBIT,Visa,4214 XXXX XXXX 7812,ACTIVE,2025-11-22,11/30,false
CRD731649741,60212133252123,DEBIT,Mastercard,5470 XXXX XXXX 4103,ACTIVE,2025-08-29,08/30,false
CRD871738557,60211624846142,DEBIT,RuPay,6081 XXXX XXXX 2284,EXPIRED,2021-02-27,02/26,false
CRD159272324,60211624846142,DEBIT,Visa,4214 XXXX XXXX 1347,ACTIVE,2025-03-07,03/30,false
CRD032460886,60217165996513,DEBIT,RuPay,6521 XXXX XXXX 2630,ACTIVE,2025-11-29,11/30,false
CRD586711025,60210035007053,DEBIT,Visa,4591 XXXX XXXX 1078,ACTIVE,2021-12-27,12/26,false
CRD151878355,60210035007053,CREDIT,Mastercard,5241 XXXX XXXX 2324,ACTIVE,2022-10-15,10/27,false
CRD232114162,60215004110804,DEBIT,RuPay,6521 XXXX XXXX 3806,ACTIVE,2022-02-02,02/27,false
CRD208317511,60217089050501,DEBIT,Visa,4591 XXXX XXXX 0080,REISSUED,2019-09-09,09/24,false
CRD118557018,60217089050501,DEBIT,RuPay,6070 XXXX XXXX 5391,ACTIVE,2022-08-17,08/27,false
CRD484908234,60215702396857,DEBIT,Mastercard,5318 XXXX XXXX 2333,ACTIVE,2026-06-06,06/31,false
CRD123603253,60218550703153,DEBIT,RuPay,6521 XXXX XXXX 9611,ACTIVE,2024-09-20,09/29,true
CRD098116253,60213384981816,DEBIT,RuPay,6070 XXXX XXXX 9051,ACTIVE,2026-01-31,01/31,false
CRD567339568,60210722673192,DEBIT,Mastercard,5470 XXXX XXXX 3141,ACTIVE,2025-10-24,10/30,false
CRD057499695,60217795437808,DEBIT,RuPay,6521 XXXX XXXX 3384,EXPIRED,2021-03-22,03/26,false
CRD302035577,60217795437808,DEBIT,RuPay,6522 XXXX XXXX 3790,ACTIVE,2023-06-25,06/28,false
CRD256664748,60217795437808,CREDIT,Visa,4214 XXXX XXXX 4401,ACTIVE,2022-12-28,12/27,true
CRD149984277,60212848774787,DEBIT,RuPay,6522 XXXX XXXX 9866,ACTIVE,2026-05-15,05/31,false
CRD677074942,60215143706265,DEBIT,RuPay,6522 XXXX XXXX 8561,ACTIVE,2022-06-01,06/27,false
CRD095952003,60212099954176,DEBIT,RuPay,6081 XXXX XXXX 0743,ACTIVE,2023-07-17,07/28,false
CRD321843779,60212099954176,CREDIT,Mastercard,5241 XXXX XXXX 1770,ACTIVE,2026-02-24,02/31,false
CRD726898644,60219403123895,DEBIT,Mastercard,5318 XXXX XXXX 6810,ACTIVE,2025-09-13,09/30,true
CRD298657574,60217296150247,DEBIT,Mastercard,5176 XXXX XXXX 6594,ACTIVE,2026-07-27,07/31,false
CRD732166926,60217137964022,DEBIT,Mastercard,5470 XXXX XXXX 1986,EXPIRED,2020-10-18,10/25,false
CRD284513505,60217137964022,DEBIT,Visa,4214 XXXX XXXX 5466,ACTIVE,2023-03-21,03/28,false
CRD955983945,60211606498575,DEBIT,RuPay,6081 XXXX XXXX 5982,ACTIVE,2026-07-11,07/31,true
CRD117987320,60213459965891,DEBIT,RuPay,6522 XXXX XXXX 1680,EXPIRED,2018-06-04,06/23,false
CRD240159798,60213459965891,DEBIT,Visa,4390 XXXX XXXX 3656,ACTIVE,2025-06-16,06/30,false
CRD872376164,60211729367161,DEBIT,RuPay,6521 XXXX XXXX 3190,ACTIVE,2022-11-05,11/27,false
CRD670596521,60218984925878,DEBIT,RuPay,6521 XXXX XXXX 5343,EXPIRED,2020-11-21,11/25,false
CRD105155130,60218984925878,DEBIT,Visa,4214 XXXX XXXX 0621,ACTIVE,2023-06-07,06/28,false
CRD243346618,60216655824785,DEBIT,RuPay,6522 XXXX XXXX 6909,ACTIVE,2025-06-04,06/30,false
CRD381205617,60212157409607,DEBIT,RuPay,6522 XXXX XXXX 7168,ACTIVE,2024-01-05,01/29,false
CRD119870834,60212157409607,CREDIT,Visa,4214 XXXX XXXX 1595,ACTIVE,2025-11-12,11/30,false
CRD996799659,60217012458354,DEBIT,Visa,4214 XXXX XXXX 2898,HOTLISTED,2025-12-03,12/30,false
CRD958551410,60217790175357,DEBIT,Mastercard,5470 XXXX XXXX 9694,ACTIVE,2024-12-21,12/29,false
CRD699377056,60216418024153,DEBIT,Visa,4390 XXXX XXXX 3259,ACTIVE,2024-10-12,10/29,false
CRD574653819,60210493006302,DEBIT,RuPay,6070 XXXX XXXX 3388,ACTIVE,2025-09-04,09/30,false
CRD243691176,60215873333747,DEBIT,RuPay,6070 XXXX XXXX 9527,ACTIVE,2026-05-14,05/31,false
CRD209714480,60214124399884,DEBIT,Visa,4214 XXXX XXXX 2415,EXPIRED,2020-10-07,10/25,false
CRD261913429,60214124399884,DEBIT,RuPay,6522 XXXX XXXX 6078,ACTIVE,2024-05-01,05/29,false
CRD693686017,60218275448745,DEBIT,Mastercard,5241 XXXX XXXX 9666,ACTIVE,2026-03-04,03/31,false
CRD625462829,60216416433846,DEBIT,RuPay,6521 XXXX XXXX 9564,ACTIVE,2022-04-26,04/27,false
CRD475390637,60213854559386,DEBIT,RuPay,6521 XXXX XXXX 5667,ACTIVE,2022-04-10,04/27,false
CRD008450447,60216196808500,DEBIT,Visa,4214 XXXX XXXX 0073,REISSUED,2019-11-15,11/24,true
CRD603124039,60216196808500,DEBIT,Visa,4390 XXXX XXXX 0062,ACTIVE,2023-12-09,12/28,false
CRD374155493,60216700822779,DEBIT,RuPay,6522 XXXX XXXX 7359,ACTIVE,2026-08-03,08/31,false
CRD109858124,60215409677547,DEBIT,RuPay,6521 XXXX XXXX 3593,ACTIVE,2025-11-08,11/30,false
CRD807011482,60215409677547,CREDIT,Visa,4390 XXXX XXXX 4707,ACTIVE,2023-12-24,12/28,true
CRD719839636,60210337020215,DEBIT,RuPay,6522 XXXX XXXX 9903,ACTIVE,2025-02-18,02/30,false
CRD543690845,60214456123603,DEBIT,RuPay,6522 XXXX XXXX 6130,EXPIRED,2021-07-17,07/26,false
CRD379508932,60214456123603,DEBIT,Mastercard,5470 XXXX XXXX 1387,ACTIVE,2022-10-25,10/27,false
CRD351263671,60214456123603,CREDIT,RuPay,6522 XXXX XXXX 0443,ACTIVE,2023-04-03,04/28,true
CRD181395318,60213519947881,DEBIT,Mastercard,5318 XXXX XXXX 4925,EXPIRED,2021-05-09,05/26,false
CRD925368204,60213519947881,DEBIT,Visa,4591 XXXX XXXX 9920,ACTIVE,2023-03-19,03/28,false
CRD830457663,60216423344119,DEBIT,Visa,4591 XXXX XXXX 9359,ACTIVE,2024-04-28,04/29,false
CRD273751509,60213519947881,CREDIT,RuPay,6522 XXXX XXXX 2883,ACTIVE,2026-04-17,04/31,true
CRD295823128,60212436375802,DEBIT,Mastercard,5241 XXXX XXXX 6614,ACTIVE,2026-01-23,01/31,false
CRD013798375,60215579675471,DEBIT,Visa,4390 XXXX XXXX 6610,ACTIVE,2026-04-15,04/31,false
CRD027220028,60216642494540,DEBIT,RuPay,6521 XXXX XXXX 8168,REISSUED,2016-09-13,09/21,false
CRD924142040,60216642494540,DEBIT,Mastercard,5176 XXXX XXXX 4321,ACTIVE,2023-07-19,07/28,false
CRD980313284,60218963128532,DEBIT,RuPay,6081 XXXX XXXX 7331,ACTIVE,2026-07-30,07/31,false
CRD131242175,60210894236696,DEBIT,RuPay,6521 XXXX XXXX 7778,ACTIVE,2025-05-21,05/30,false
CRD514202360,60214720097742,DEBIT,RuPay,6070 XXXX XXXX 8631,ACTIVE,2022-08-19,08/27,false
CRD850191714,60214720097742,CREDIT,Mastercard,5318 XXXX XXXX 0264,ACTIVE,2023-12-13,12/28,true
CRD385212143,60213828649007,DEBIT,Mastercard,5241 XXXX XXXX 6517,ACTIVE,2026-01-11,01/31,false
CRD145918947,60212705090450,DEBIT,Mastercard,5176 XXXX XXXX 7132,ACTIVE,2022-03-15,03/27,false
CRD608199953,60210146859524,DEBIT,RuPay,6522 XXXX XXXX 9815,EXPIRED,2021-05-31,05/26,false
CRD380259476,60210146859524,DEBIT,RuPay,6081 XXXX XXXX 7387,ACTIVE,2024-11-11,11/29,false
CRD384570124,60210146859524,CREDIT,Mastercard,5470 XXXX XXXX 6727,ACTIVE,2024-02-02,02/29,true
CRD349336970,60211509261930,DEBIT,Visa,4214 XXXX XXXX 3915,ACTIVE,2026-04-03,04/31,false
CRD688483125,60215147785700,DEBIT,Visa,4214 XXXX XXXX 7655,ACTIVE,2026-07-09,07/31,true
CRD820939591,60214062062913,DEBIT,Mastercard,5470 XXXX XXXX 1763,REISSUED,2018-10-30,10/23,false
CRD080820437,60214062062913,DEBIT,RuPay,6521 XXXX XXXX 3395,ACTIVE,2023-10-22,10/28,false
CRD334620273,60216936548075,DEBIT,Mastercard,5318 XXXX XXXX 8836,ACTIVE,2022-09-09,09/27,false
CRD339400444,60219173482586,DEBIT,RuPay,6521 XXXX XXXX 1625,ACTIVE,2022-07-16,07/27,false
CRD462971890,60217435463442,DEBIT,Visa,4591 XXXX XXXX 8349,ACTIVE,2026-06-05,06/31,false
CRD026778453,60218760444353,DEBIT,RuPay,6081 XXXX XXXX 6022,ACTIVE,2024-04-25,04/29,false
CRD660905456,60218760444353,CREDIT,Visa,4390 XXXX XXXX 1280,ACTIVE,2025-06-22,06/30,true
CRD498641174,60213236974495,DEBIT,Visa,4390 XXXX XXXX 3653,ACTIVE,2022-02-12,02/27,false
CRD601606392,60213236974495,CREDIT,Mastercard,5318 XXXX XXXX 2982,ACTIVE,2025-01-06,01/30,false
CRD075512288,60217027256898,DEBIT,Visa,4591 XXXX XXXX 8421,ACTIVE,2022-12-27,12/27,true
CRD029778359,60217027256898,CREDIT,RuPay,6522 XXXX XXXX 4456,ACTIVE,2026-01-19,01/31,true
CRD828811451,60211421796374,DEBIT,RuPay,6522 XXXX XXXX 0606,ACTIVE,2025-03-28,03/30,false
CRD317886733,60213818552511,DEBIT,Visa,4591 XXXX XXXX 0163,ACTIVE,2026-06-26,06/31,true
CRD118535514,60214374807322,DEBIT,RuPay,6522 XXXX XXXX 4286,EXPIRED,2018-11-06,11/23,false
CRD772616298,60214374807322,DEBIT,Visa,4591 XXXX XXXX 4809,ACTIVE,2026-07-13,07/31,false
CRD172019037,60211330375329,DEBIT,RuPay,6522 XXXX XXXX 6265,ACTIVE,2025-01-29,01/30,true
CRD951724728,60214494770100,DEBIT,RuPay,6081 XXXX XXXX 5108,ACTIVE,2026-05-13,05/31,false
CRD783929394,60219384457902,DEBIT,RuPay,6081 XXXX XXXX 2348,ACTIVE,2026-07-02,07/31,false
CRD212117237,60212059196562,DEBIT,Visa,4390 XXXX XXXX 2054,ACTIVE,2025-03-06,03/30,false
CRD758088174,60212845471471,DEBIT,Visa,4214 XXXX XXXX 6470,ACTIVE,2026-02-08,02/31,false
CRD789894948,60216757598081,DEBIT,RuPay,6521 XXXX XXXX 9057,ACTIVE,2024-09-16,09/29,false
CRD375841505,60218133275842,DEBIT,RuPay,6070 XXXX XXXX 8248,ACTIVE,2023-05-19,05/28,false
CRD119711542,60210881203472,DEBIT,RuPay,6081 XXXX XXXX 7533,ACTIVE,2023-03-06,03/28,false
CRD043373554,60212689079412,DEBIT,Mastercard,5176 XXXX XXXX 6774,ACTIVE,2022-01-15,01/27,false
CRD653009238,60217089323938,DEBIT,Visa,4166 XXXX XXXX 3206,ACTIVE,2022-07-21,07/27,false
CRD937025389,60213515708767,DEBIT,RuPay,6070 XXXX XXXX 5191,ACTIVE,2022-01-07,01/27,false
CRD382058871,60214452076450,DEBIT,Visa,4591 XXXX XXXX 3207,EXPIRED,2020-03-03,03/25,false
CRD576971660,60214452076450,DEBIT,RuPay,6081 XXXX XXXX 1878,ACTIVE,2024-02-03,02/29,false
CRD122862922,60211128911155,DEBIT,Visa,4166 XXXX XXXX 2511,ACTIVE,2024-05-13,05/29,false
CRD227207214,60219046927925,DEBIT,Mastercard,5318 XXXX XXXX 9998,ACTIVE,2026-07-14,07/31,false
CRD402286320,60210597082643,DEBIT,Mastercard,5241 XXXX XXXX 5382,ACTIVE,2024-04-15,04/29,true
CRD675541296,60219085902243,DEBIT,Visa,4214 XXXX XXXX 8051,ACTIVE,2025-05-15,05/30,false
CRD489186474,60215042924003,DEBIT,Mastercard,5241 XXXX XXXX 1629,REISSUED,2021-08-17,08/26,false
CRD543155556,60215042924003,DEBIT,RuPay,6070 XXXX XXXX 9049,ACTIVE,2026-02-26,02/31,false
CRD366679000,60211467091980,DEBIT,Visa,4166 XXXX XXXX 3662,ACTIVE,2026-04-24,04/31,false
CRD875274845,60216455208713,DEBIT,RuPay,6521 XXXX XXXX 4168,ACTIVE,2025-12-07,12/30,false
CRD702188372,60216645957975,DEBIT,Visa,4214 XXXX XXXX 9026,ACTIVE,2022-03-08,03/27,false
CRD262494727,60216645957975,CREDIT,Visa,4591 XXXX XXXX 7154,ACTIVE,2023-11-25,11/28,true
CRD513344783,60213465968139,DEBIT,RuPay,6070 XXXX XXXX 9801,ACTIVE,2023-03-16,03/28,false
CRD553750346,60215069573206,DEBIT,RuPay,6521 XXXX XXXX 5808,EXPIRED,2019-08-29,08/24,false
CRD747967752,60215069573206,DEBIT,Visa,4591 XXXX XXXX 9322,ACTIVE,2025-08-21,08/30,false
CRD200951538,60211688775936,DEBIT,Mastercard,5318 XXXX XXXX 4918,EXPIRED,2021-05-22,05/26,false
CRD417711634,60211688775936,DEBIT,RuPay,6070 XXXX XXXX 3674,ACTIVE,2025-02-15,02/30,false
CRD559127616,60217989075723,DEBIT,RuPay,6521 XXXX XXXX 6807,ACTIVE,2025-12-09,12/30,false
CRD079061272,60217529462932,DEBIT,RuPay,6522 XXXX XXXX 3901,ACTIVE,2025-02-21,02/30,false
CRD720924378,60217678819062,DEBIT,RuPay,6070 XXXX XXXX 4631,ACTIVE,2024-06-13,06/29,false
CRD945657396,60210814856950,DEBIT,RuPay,6521 XXXX XXXX 0874,EXPIRED,2021-07-03,07/26,false
CRD092230578,60210814856950,DEBIT,Mastercard,5176 XXXX XXXX 0166,ACTIVE,2024-02-06,02/29,true
CRD403057183,60219598467579,DEBIT,RuPay,6521 XXXX XXXX 0437,ACTIVE,2025-06-10,06/30,true
CRD111496019,60219388146874,DEBIT,RuPay,6070 XXXX XXXX 2012,ACTIVE,2024-03-01,03/29,false
CRD442408854,60219388146874,CREDIT,Visa,4390 XXXX XXXX 5344,ACTIVE,2025-11-09,11/30,false
CRD315667361,60218518259441,DEBIT,RuPay,6522 XXXX XXXX 8467,EXPIRED,2020-03-10,03/25,false
CRD120164588,60218518259441,DEBIT,Visa,4166 XXXX XXXX 6275,ACTIVE,2023-05-24,05/28,true
CRD457758054,60219213131676,DEBIT,RuPay,6522 XXXX XXXX 2089,ACTIVE,2024-11-26,11/29,false
CRD150862693,60213268859912,DEBIT,Visa,4591 XXXX XXXX 1420,ACTIVE,2025-08-08,08/30,false
CRD501899719,60213268859912,CREDIT,Mastercard,5176 XXXX XXXX 3534,ACTIVE,2026-03-04,03/31,false
CRD026032078,60217659234364,DEBIT,RuPay,6081 XXXX XXXX 5100,ACTIVE,2024-05-09,05/29,false
CRD336774841,60219525566924,DEBIT,RuPay,6070 XXXX XXXX 9090,ACTIVE,2024-09-08,09/29,false
CRD011373147,60218533233585,DEBIT,RuPay,6070 XXXX XXXX 7476,REISSUED,2020-01-14,01/25,false
CRD690517921,60218533233585,DEBIT,RuPay,6081 XXXX XXXX 3101,ACTIVE,2025-10-08,10/30,false
CRD625422906,60218533233585,CREDIT,Mastercard,5241 XXXX XXXX 1148,ACTIVE,2022-01-05,01/27,true
CRD410429736,60217740069560,DEBIT,Visa,4166 XXXX XXXX 2669,ACTIVE,2026-07-18,07/31,false
CRD710977808,60215424661079,DEBIT,Visa,4214 XXXX XXXX 8072,ACTIVE,2023-04-04,04/28,false
CRD403560210,60218129819076,DEBIT,RuPay,6521 XXXX XXXX 3614,ACTIVE,2026-01-22,01/31,false
CRD592204017,60216105930518,DEBIT,Mastercard,5318 XXXX XXXX 5882,EXPIRED,2020-06-02,06/25,false
CRD497808671,60216105930518,DEBIT,Visa,4390 XXXX XXXX 1237,ACTIVE,2024-09-26,09/29,false
CRD228579105,60213180253106,DEBIT,Visa,4591 XXXX XXXX 9183,EXPIRED,2021-08-02,08/26,false
CRD213044570,60213180253106,DEBIT,Visa,4390 XXXX XXXX 7301,ACTIVE,2025-11-12,11/30,false
CRD525970877,60214167150483,DEBIT,Visa,4390 XXXX XXXX 5565,ACTIVE,2023-07-12,07/28,false
CRD677699603,60219469035569,DEBIT,Visa,4214 XXXX XXXX 9304,ACTIVE,2026-07-22,07/31,false
CRD178110503,60210630450036,DEBIT,Visa,4166 XXXX XXXX 9978,EXPIRED,2021-03-11,03/26,false
CRD577948674,60210630450036,DEBIT,RuPay,6522 XXXX XXXX 9129,ACTIVE,2022-05-08,05/27,false
CRD889842695,60210630450036,CREDIT,Mastercard,5176 XXXX XXXX 7438,ACTIVE,2025-09-04,09/30,false
CRD459941378,60217608383286,DEBIT,RuPay,6070 XXXX XXXX 6172,ACTIVE,2025-07-07,07/30,false
CRD078871572,60214835886744,DEBIT,RuPay,6522 XXXX XXXX 2029,ACTIVE,2023-02-23,02/28,false
CRD915561512,60216375386215,DEBIT,Mastercard,5318 XXXX XXXX 8329,ACTIVE,2022-12-22,12/27,false
CRD338022028,60218788340416,DEBIT,RuPay,6070 XXXX XXXX 4903,ACTIVE,2026-05-23,05/31,false
CRD482341385,60212648553343,DEBIT,RuPay,6521 XXXX XXXX 5367,ACTIVE,2024-02-15,02/29,true
CRD343684708,60217260415079,DEBIT,RuPay,6081 XXXX XXXX 6139,ACTIVE,2023-06-22,06/28,false
CRD799232752,60219991204728,DEBIT,RuPay,6522 XXXX XXXX 8908,REISSUED,2017-07-06,07/22,true
CRD249962180,60219991204728,DEBIT,Visa,4166 XXXX XXXX 2635,ACTIVE,2022-04-27,04/27,false
CRD763053708,60213225438405,DEBIT,RuPay,6070 XXXX XXXX 4674,ACTIVE,2023-07-30,07/28,false
CRD541452540,60214737211700,DEBIT,Mastercard,5470 XXXX XXXX 3121,ACTIVE,2025-09-23,09/30,false
CRD303667166,60214737211700,CREDIT,Visa,4591 XXXX XXXX 5207,ACTIVE,2022-02-19,02/27,true
CRD030844649,60210170375244,DEBIT,RuPay,6081 XXXX XXXX 3129,ACTIVE,2024-08-02,08/29,false
CRD238069600,60210170375244,CREDIT,Visa,4214 XXXX XXXX 6535,ACTIVE,2022-06-29,06/27,false
CRD797328877,60212509843197,DEBIT,Mastercard,5241 XXXX XXXX 5702,ACTIVE,2025-01-18,01/30,false
CRD726269524,60213636215519,DEBIT,RuPay,6081 XXXX XXXX 7342,EXPIRED,2016-09-16,09/21,false
CRD585664381,60213636215519,DEBIT,Mastercard,5241 XXXX XXXX 5636,ACTIVE,2025-11-03,11/30,false
CRD825048817,60211220032850,DEBIT,RuPay,6070 XXXX XXXX 2849,ACTIVE,2022-09-06,09/27,false
CRD680242786,60211220032850,CREDIT,Mastercard,5176 XXXX XXXX 4436,ACTIVE,2025-01-18,01/30,true
CRD463191855,60215724427711,DEBIT,Visa,4166 XXXX XXXX 6699,ACTIVE,2026-07-04,07/31,false
CRD237777891,60219581052518,DEBIT,RuPay,6521 XXXX XXXX 8424,ACTIVE,2026-07-18,07/31,false
CRD286561579,60214761636775,DEBIT,RuPay,6070 XXXX XXXX 2529,ACTIVE,2026-02-25,02/31,false
CRD051575434,60219742227807,DEBIT,RuPay,6081 XXXX XXXX 8249,ACTIVE,2023-10-31,10/28,false
CRD781882373,60217552038884,DEBIT,RuPay,6081 XXXX XXXX 6426,ACTIVE,2024-09-26,09/29,false
CRD109059084,60214514989378,DEBIT,RuPay,6522 XXXX XXXX 7637,ACTIVE,2023-06-14,06/28,false
CRD037812364,60212035594050,DEBIT,Visa,4591 XXXX XXXX 6715,ACTIVE,2024-12-18,12/29,false
CRD967529813,60214088228357,DEBIT,Mastercard,5241 XXXX XXXX 2070,ACTIVE,2025-07-10,07/30,false
CRD846780828,60210874641327,DEBIT,RuPay,6521 XXXX XXXX 3853,REISSUED,2021-04-18,04/26,true
CRD549629152,60210874641327,DEBIT,Visa,4390 XXXX XXXX 2019,ACTIVE,2026-04-18,04/31,false
CRD738536750,60219572704307,DEBIT,RuPay,6081 XXXX XXXX 8185,EXPIRED,2012-09-12,09/17,false
CRD422806835,60219572704307,DEBIT,Mastercard,5470 XXXX XXXX 6644,ACTIVE,2026-06-24,06/31,false
CRD873155793,60210371850552,DEBIT,Mastercard,5318 XXXX XXXX 8664,REISSUED,2018-12-03,12/23,false
CRD082175725,60210371850552,DEBIT,RuPay,6522 XXXX XXXX 2084,ACTIVE,2022-12-15,12/27,false
CRD792685650,60217627491822,DEBIT,Mastercard,5470 XXXX XXXX 0212,ACTIVE,2026-05-19,05/31,false
CRD874118087,60214371834808,DEBIT,Visa,4166 XXXX XXXX 1687,ACTIVE,2026-05-11,05/31,false
CRD263741758,60215761833401,DEBIT,Mastercard,5241 XXXX XXXX 0677,ACTIVE,2023-11-10,11/28,false
CRD627836528,60213143961837,DEBIT,RuPay,6522 XXXX XXXX 6018,ACTIVE,2026-01-17,01/31,false
CRD342845267,60211975082121,DEBIT,RuPay,6070 XXXX XXXX 7787,ACTIVE,2025-11-13,11/30,false
CRD773825311,60213133841408,DEBIT,RuPay,6081 XXXX XXXX 7614,REISSUED,2021-07-20,07/26,false
CRD053764131,60213133841408,DEBIT,Visa,4166 XXXX XXXX 9442,ACTIVE,2026-04-11,04/31,false
CRD431200188,60213133841408,CREDIT,Mastercard,5176 XXXX XXXX 7223,ACTIVE,2025-01-30,01/30,true
CRD851019364,60218254555753,DEBIT,Mastercard,5318 XXXX XXXX 4646,ACTIVE,2024-04-27,04/29,false
CRD170623128,60211894216966,DEBIT,Mastercard,5318 XXXX XXXX 2469,EXPIRED,2021-08-06,08/26,false
CRD120679626,60211894216966,DEBIT,RuPay,6081 XXXX XXXX 3769,ACTIVE,2025-02-04,02/30,true
CRD751658694,60211894216966,CREDIT,Visa,4214 XXXX XXXX 4911,ACTIVE,2025-08-29,08/30,true
CRD701635803,60213903964646,DEBIT,Mastercard,5176 XXXX XXXX 2179,ACTIVE,2025-10-13,10/30,false
CRD207306104,60210421924121,DEBIT,Mastercard,5318 XXXX XXXX 5387,ACTIVE,2025-05-22,05/30,false
CRD015002127,60214605862737,DEBIT,RuPay,6081 XXXX XXXX 5271,ACTIVE,2024-09-20,09/29,false
CRD097238810,60215898361612,DEBIT,RuPay,6522 XXXX XXXX 8209,ACTIVE,2026-05-26,05/31,true
CRD767573366,60212221738604,DEBIT,RuPay,6081 XXXX XXXX 8413,ACTIVE,2023-03-23,03/28,false
CRD859368507,60212221738604,CREDIT,Visa,4390 XXXX XXXX 1631,ACTIVE,2025-05-05,05/30,true
CRD498241979,60215387680777,DEBIT,RuPay,6522 XXXX XXXX 4111,ACTIVE,2026-05-27,05/31,false
CRD350764324,60212153649346,DEBIT,Visa,4591 XXXX XXXX 9476,ACTIVE,2024-01-26,01/29,false
CRD635274137,60218104884541,DEBIT,RuPay,6521 XXXX XXXX 0601,ACTIVE,2024-03-06,03/29,false
CRD838879285,60218104884541,CREDIT,RuPay,6081 XXXX XXXX 4863,ACTIVE,2022-08-10,08/27,false
CRD953033033,60217075885868,DEBIT,Visa,4214 XXXX XXXX 2781,ACTIVE,2026-06-26,06/31,false
CRD292713848,60217246145304,DEBIT,RuPay,6522 XXXX XXXX 0458,ACTIVE,2024-10-19,10/29,false
CRD866613935,60215194595764,DEBIT,Visa,4591 XXXX XXXX 5630,ACTIVE,2024-02-21,02/29,false
CRD594033083,60212715952843,DEBIT,RuPay,6521 XXXX XXXX 0401,ACTIVE,2022-01-29,01/27,false
CRD090078956,60214616617224,DEBIT,Mastercard,5241 XXXX XXXX 9038,ACTIVE,2022-11-08,11/27,false
CRD520507503,60214779517830,DEBIT,Mastercard,5241 XXXX XXXX 8773,REISSUED,2017-02-28,02/22,false
CRD156659591,60214779517830,DEBIT,RuPay,6521 XXXX XXXX 9328,ACTIVE,2022-05-01,05/27,false
CRD790246358,60215579922498,DEBIT,RuPay,6070 XXXX XXXX 0632,EXPIRED,2017-09-29,09/22,true
CRD611150329,60215579922498,DEBIT,Visa,4214 XXXX XXXX 0891,ACTIVE,2025-03-29,03/30,false
CRD886281427,60214539572019,DEBIT,RuPay,6081 XXXX XXXX 3018,ACTIVE,2025-04-10,04/30,false
CRD401227651,60216272402375,DEBIT,RuPay,6081 XXXX XXXX 6444,ACTIVE,2025-11-25,11/30,false
CRD547418540,60215329304262,DEBIT,Mastercard,5318 XXXX XXXX 5502,ACTIVE,2022-07-11,07/27,false
CRD212560289,60215514881702,DEBIT,RuPay,6081 XXXX XXXX 8857,ACTIVE,2025-02-12,02/30,false
CRD416622450,60210787920043,DEBIT,RuPay,6522 XXXX XXXX 3098,ACTIVE,2026-01-13,01/31,false
CRD101186591,60213734617339,DEBIT,Mastercard,5318 XXXX XXXX 9875,ACTIVE,2022-08-24,08/27,false
CRD971368293,60213227619585,DEBIT,RuPay,6522 XXXX XXXX 9737,ACTIVE,2026-08-03,08/31,false
CRD578163384,60213774189348,DEBIT,RuPay,6521 XXXX XXXX 9760,ACTIVE,2024-06-04,06/29,false
CRD757604718,60216720684442,DEBIT,RuPay,6070 XXXX XXXX 1071,ACTIVE,2026-07-18,07/31,false
CRD030318749,60218211162611,DEBIT,RuPay,6070 XXXX XXXX 2051,ACTIVE,2022-01-17,01/27,false
CRD371082664,60217763533894,DEBIT,Mastercard,5470 XXXX XXXX 2886,ACTIVE,2023-09-18,09/28,false
CRD925781586,60212961691091,DEBIT,Mastercard,5176 XXXX XXXX 3821,EXPIRED,2017-07-26,07/22,false
CRD561193505,60212961691091,DEBIT,RuPay,6521 XXXX XXXX 3667,ACTIVE,2022-11-20,11/27,false
CRD015806122,60219939938461,DEBIT,RuPay,6521 XXXX XXXX 1065,ACTIVE,2022-06-24,06/27,false
CRD448773511,60217027590033,DEBIT,RuPay,6081 XXXX XXXX 9688,REISSUED,2021-04-30,04/26,true
CRD659160402,60217027590033,DEBIT,Mastercard,5241 XXXX XXXX 8086,ACTIVE,2025-03-08,03/30,false
CRD266754754,60217405901573,DEBIT,RuPay,6522 XXXX XXXX 0756,ACTIVE,2022-04-22,04/27,false
CRD124297394,60217610594044,DEBIT,RuPay,6521 XXXX XXXX 6476,ACTIVE,2025-08-29,08/30,false
CRD165955870,60215815637036,DEBIT,RuPay,6522 XXXX XXXX 3568,ACTIVE,2026-06-01,06/31,false
CRD518704930,60219709020016,DEBIT,RuPay,6081 XXXX XXXX 8491,ACTIVE,2026-02-27,02/31,true
CRD462996826,60218982207183,DEBIT,Mastercard,5241 XXXX XXXX 0519,ACTIVE,2024-02-16,02/29,false
CRD657401737,60212470182770,DEBIT,RuPay,6081 XXXX XXXX 6220,ACTIVE,2025-04-26,04/30,false
CRD309842707,60213577584390,DEBIT,Visa,4390 XXXX XXXX 0877,ACTIVE,2023-08-08,08/28,false
CRD410525795,60218962168652,DEBIT,RuPay,6521 XXXX XXXX 6575,HOTLISTED,2022-06-03,06/27,false
CRD049870708,60210599193256,DEBIT,RuPay,6522 XXXX XXXX 4755,ACTIVE,2022-04-17,04/27,false
CRD190374296,60218571598508,DEBIT,Visa,4214 XXXX XXXX 7300,ACTIVE,2024-01-26,01/29,false
CRD484217316,60217637351825,DEBIT,Mastercard,5176 XXXX XXXX 8338,ACTIVE,2022-01-05,01/27,false
CRD231598724,60217769130713,DEBIT,Visa,4166 XXXX XXXX 3560,REISSUED,2020-08-23,08/25,false
CRD344093822,60217769130713,DEBIT,Mastercard,5318 XXXX XXXX 9368,ACTIVE,2023-06-10,06/28,false
CRD537085473,60217769130713,CREDIT,Mastercard,5470 XXXX XXXX 1623,ACTIVE,2024-02-07,02/29,false
CRD054101395,60218375537584,DEBIT,Mastercard,5241 XXXX XXXX 1141,ACTIVE,2023-06-02,06/28,false
CRD638729700,60217987219920,DEBIT,Visa,4214 XXXX XXXX 8239,ACTIVE,2024-10-31,10/29,false
CRD439633810,60210751595400,DEBIT,Visa,4166 XXXX XXXX 0269,EXPIRED,2015-11-30,11/20,false
CRD916428102,60210751595400,DEBIT,Mastercard,5241 XXXX XXXX 8149,ACTIVE,2023-02-06,02/28,false
CRD460274774,60212777349802,DEBIT,Visa,4591 XXXX XXXX 3719,ACTIVE,2024-10-21,10/29,false
CRD104544759,60216010932523,DEBIT,Mastercard,5176 XXXX XXXX 2135,ACTIVE,2025-02-05,02/30,false
CRD346736396,60216468639208,DEBIT,RuPay,6522 XXXX XXXX 9918,ACTIVE,2024-07-17,07/29,false
CRD519402259,60215813344386,DEBIT,Mastercard,5241 XXXX XXXX 3879,ACTIVE,2026-06-15,06/31,false
CRD138757751,60212084265882,DEBIT,Visa,4214 XXXX XXXX 1243,ACTIVE,2023-11-02,11/28,false
CRD188327833,60215491805146,DEBIT,Visa,4390 XXXX XXXX 5908,ACTIVE,2025-03-01,03/30,false
CRD082164542,60219989424521,DEBIT,RuPay,6070 XXXX XXXX 1851,ACTIVE,2024-08-19,08/29,true
CRD027455139,60214007321040,DEBIT,RuPay,6070 XXXX XXXX 1010,ACTIVE,2025-10-02,10/30,false
CRD045523821,60219989424521,CREDIT,Mastercard,5318 XXXX XXXX 6231,ACTIVE,2025-01-12,01/30,true
CRD862345807,60219609295485,DEBIT,RuPay,6522 XXXX XXXX 6567,ACTIVE,2025-06-24,06/30,false
CRD220009819,60219609295485,CREDIT,Mastercard,5318 XXXX XXXX 9972,ACTIVE,2025-08-27,08/30,false
CRD055022999,60212012588736,DEBIT,RuPay,6070 XXXX XXXX 0037,ACTIVE,2025-07-07,07/30,false
CRD690665796,60219043807676,DEBIT,Mastercard,5176 XXXX XXXX 4082,ACTIVE,2025-04-22,04/30,false
CRD983597045,60219532817340,DEBIT,Visa,4214 XXXX XXXX 5686,ACTIVE,2025-12-03,12/30,false
CRD279215211,60215647830445,DEBIT,Visa,4214 XXXX XXXX 5526,ACTIVE,2026-07-06,07/31,false
CRD506932464,60215647830445,CREDIT,RuPay,6521 XXXX XXXX 7500,ACTIVE,2026-04-02,04/31,true
CRD119254445,60212331407063,DEBIT,Mastercard,5176 XXXX XXXX 7135,ACTIVE,2022-11-14,11/27,false
CRD721951733,60214420216374,DEBIT,Mastercard,5241 XXXX XXXX 3346,ACTIVE,2024-01-02,01/29,false
CRD215791691,60210748489248,DEBIT,Visa,4166 XXXX XXXX 3051,ACTIVE,2022-09-30,09/27,false
CRD530496275,60210748489248,CREDIT,Visa,4214 XXXX XXXX 0673,ACTIVE,2024-04-25,04/29,false
CRD141810767,60218215440209,DEBIT,Mastercard,5318 XXXX XXXX 1393,ACTIVE,2024-01-14,01/29,false
CRD229688924,60212932966841,DEBIT,Visa,4214 XXXX XXXX 2291,REISSUED,2018-11-30,11/23,false
CRD410048021,60212932966841,DEBIT,Visa,4390 XXXX XXXX 6729,ACTIVE,2023-06-19,06/28,true
CRD661259100,60213871229499,DEBIT,Mastercard,5241 XXXX XXXX 3645,ACTIVE,2025-07-29,07/30,true
CRD942274405,60212520634449,DEBIT,RuPay,6081 XXXX XXXX 0312,REISSUED,2021-03-18,03/26,true
CRD642951738,60212520634449,DEBIT,Visa,4390 XXXX XXXX 9134,ACTIVE,2025-05-29,05/30,false
CRD314221132,60215697483242,DEBIT,Mastercard,5318 XXXX XXXX 4295,ACTIVE,2025-09-20,09/30,false
CRD326013142,60211609088083,DEBIT,RuPay,6521 XXXX XXXX 9332,ACTIVE,2024-09-04,09/29,false
CRD441477029,60214617433856,DEBIT,Visa,4214 XXXX XXXX 9939,ACTIVE,2026-05-31,05/31,true
CRD354066805,60219773286410,DEBIT,RuPay,6521 XXXX XXXX 6924,ACTIVE,2026-03-22,03/31,false
CRD240018294,60213626101805,DEBIT,Mastercard,5241 XXXX XXXX 3955,REISSUED,2019-10-31,10/24,false
CRD217019946,60213626101805,DEBIT,RuPay,6522 XXXX XXXX 3082,ACTIVE,2026-03-15,03/31,false
CRD553931837,60218054320353,DEBIT,RuPay,6521 XXXX XXXX 6192,ACTIVE,2025-08-24,08/30,false
CRD517135553,60216252953515,DEBIT,RuPay,6070 XXXX XXXX 9072,ACTIVE,2024-01-28,01/29,false
CRD121455792,60214663682514,DEBIT,RuPay,6070 XXXX XXXX 8547,ACTIVE,2024-04-07,04/29,false
CRD101044284,60211841519693,DEBIT,Visa,4214 XXXX XXXX 4611,REISSUED,2021-07-08,07/26,false
CRD315689617,60211841519693,DEBIT,Mastercard,5470 XXXX XXXX 9079,ACTIVE,2024-06-18,06/29,false
CRD415769542,60213991308152,DEBIT,RuPay,6522 XXXX XXXX 0492,ACTIVE,2023-10-29,10/28,false
CRD985710916,60213116398155,DEBIT,RuPay,6070 XXXX XXXX 8271,ACTIVE,2023-03-22,03/28,false
CRD149828200,60215033670098,DEBIT,RuPay,6521 XXXX XXXX 1743,ACTIVE,2026-08-01,08/31,false
CRD715050181,60216886158418,DEBIT,Visa,4591 XXXX XXXX 1756,ACTIVE,2026-04-17,04/31,false
CRD763593150,60219827809654,DEBIT,Mastercard,5176 XXXX XXXX 1635,ACTIVE,2026-02-15,02/31,true
CRD624163366,60216886158418,CREDIT,Visa,4166 XXXX XXXX 4482,ACTIVE,2025-09-28,09/30,false
CRD512718865,60218141084325,DEBIT,Mastercard,5318 XXXX XXXX 0497,HOTLISTED,2024-01-15,01/29,false
CRD906660556,60218685854913,DEBIT,Visa,4591 XXXX XXXX 6605,HOTLISTED,2024-08-22,08/29,false
CRD767287252,60219722852415,DEBIT,Mastercard,5176 XXXX XXXX 9432,EXPIRED,2020-07-12,07/25,false
CRD355187353,60219722852415,DEBIT,RuPay,6521 XXXX XXXX 2588,ACTIVE,2024-05-24,05/29,false
CRD403704952,60213272487983,DEBIT,Visa,4214 XXXX XXXX 0379,ACTIVE,2026-05-14,05/31,false
CRD880728916,60218265131397,DEBIT,Visa,4166 XXXX XXXX 9799,ACTIVE,2023-12-31,12/28,false
CRD606438292,60218265131397,CREDIT,Mastercard,5176 XXXX XXXX 2404,ACTIVE,2026-06-29,06/31,true
CRD790172149,60210509659929,DEBIT,RuPay,6522 XXXX XXXX 8605,ACTIVE,2025-03-20,03/30,true
CRD700538849,60211415045712,DEBIT,Visa,4591 XXXX XXXX 5164,REISSUED,2018-09-01,09/23,false
CRD350657699,60211415045712,DEBIT,Visa,4214 XXXX XXXX 5151,ACTIVE,2022-08-11,08/27,false
CRD999178698,60211415045712,CREDIT,Visa,4390 XXXX XXXX 4045,ACTIVE,2024-02-11,02/29,true
CRD337285999,60218594698770,DEBIT,Visa,4390 XXXX XXXX 2725,REISSUED,2018-11-21,11/23,false
CRD300510825,60218594698770,DEBIT,RuPay,6081 XXXX XXXX 4848,ACTIVE,2024-05-13,05/29,true
CRD837419720,60214068040723,DEBIT,Visa,4214 XXXX XXXX 5189,ACTIVE,2024-08-23,08/29,false
CRD656919056,60210867045434,DEBIT,Visa,4390 XXXX XXXX 4291,ACTIVE,2023-06-11,06/28,false
CRD811593270,60210317977882,DEBIT,Mastercard,5470 XXXX XXXX 7344,REISSUED,2016-04-11,04/21,false
CRD420115799,60210317977882,DEBIT,Visa,4214 XXXX XXXX 2203,ACTIVE,2024-10-24,10/29,false
CRD631903404,60217130800516,DEBIT,RuPay,6522 XXXX XXXX 2767,ACTIVE,2024-04-24,04/29,false
CRD697344680,60217130800516,CREDIT,Visa,4214 XXXX XXXX 0125,ACTIVE,2023-10-04,10/28,false
CRD231185762,60218201739150,DEBIT,RuPay,6070 XXXX XXXX 4115,ACTIVE,2024-11-26,11/29,false
CRD149162872,60218759652022,DEBIT,Visa,4591 XXXX XXXX 5567,ACTIVE,2022-12-15,12/27,false
CRD309659679,60213426724765,DEBIT,Mastercard,5241 XXXX XXXX 7362,ACTIVE,2023-08-10,08/28,false
CRD791872828,60217611298309,DEBIT,RuPay,6081 XXXX XXXX 3006,ACTIVE,2022-06-06,06/27,false
CRD461374013,60213459023789,DEBIT,RuPay,6522 XXXX XXXX 1389,REISSUED,2021-04-22,04/26,false
CRD685945448,60213459023789,DEBIT,Mastercard,5470 XXXX XXXX 7022,ACTIVE,2024-09-05,09/29,false
CRD984527160,60213459023789,CREDIT,RuPay,6522 XXXX XXXX 2161,ACTIVE,2026-04-07,04/31,false
CRD089928823,60211503154451,DEBIT,RuPay,6070 XXXX XXXX 3766,ACTIVE,2022-10-01,10/27,false
CRD021995180,60210917835418,DEBIT,RuPay,6522 XXXX XXXX 7075,EXPIRED,2020-08-14,08/25,false
CRD119855717,60210917835418,DEBIT,Mastercard,5318 XXXX XXXX 2361,ACTIVE,2022-08-26,08/27,false
CRD652103388,60210917835418,CREDIT,Mastercard,5241 XXXX XXXX 8183,ACTIVE,2026-05-01,05/31,true
CRD256666820,60213977792291,DEBIT,Visa,4214 XXXX XXXX 9065,ACTIVE,2023-11-14,11/28,false
CRD812913072,60213977792291,CREDIT,Visa,4390 XXXX XXXX 6071,ACTIVE,2022-05-04,05/27,true
CRD329628026,60217179080415,DEBIT,Mastercard,5176 XXXX XXXX 5006,ACTIVE,2022-08-27,08/27,false
CRD790917401,60214342469631,DEBIT,Visa,4166 XXXX XXXX 8573,EXPIRED,2019-05-03,05/24,false
CRD085705914,60214342469631,DEBIT,RuPay,6521 XXXX XXXX 3868,ACTIVE,2024-02-24,02/29,false
CRD448072279,60210801102378,DEBIT,Visa,4166 XXXX XXXX 7087,EXPIRED,2020-04-29,04/25,false
CRD579188719,60210801102378,DEBIT,Mastercard,5241 XXXX XXXX 4118,ACTIVE,2026-04-29,04/31,false
CRD207840936,60218933290981,DEBIT,RuPay,6070 XXXX XXXX 9064,ACTIVE,2023-06-13,06/28,false
CRD974490283,60218220687742,DEBIT,Mastercard,5176 XXXX XXXX 8961,EXPIRED,2017-05-21,05/22,false
CRD340377747,60218220687742,DEBIT,Mastercard,5318 XXXX XXXX 3153,ACTIVE,2024-10-01,10/29,false
CRD711959745,60215785910230,DEBIT,Visa,4591 XXXX XXXX 8142,REISSUED,2020-05-17,05/25,false
CRD775476368,60215785910230,DEBIT,RuPay,6070 XXXX XXXX 4286,ACTIVE,2022-01-12,01/27,false
CRD573903894,60215785910230,CREDIT,Visa,4166 XXXX XXXX 1564,ACTIVE,2024-01-18,01/29,false
CRD586309789,60213191797630,DEBIT,Visa,4591 XXXX XXXX 3453,REISSUED,2021-03-26,03/26,false
CRD618266671,60213191797630,DEBIT,Visa,4166 XXXX XXXX 3469,ACTIVE,2025-04-08,04/30,false
CRD710286417,60214100761756,DEBIT,Visa,4390 XXXX XXXX 7539,ACTIVE,2024-04-19,04/29,false
CRD340307745,60214985790060,DEBIT,RuPay,6081 XXXX XXXX 2094,ACTIVE,2025-04-01,04/30,false
CRD513314628,60214985790060,CREDIT,Mastercard,5470 XXXX XXXX 1177,ACTIVE,2024-02-10,02/29,false
CRD602038679,60213428858925,DEBIT,Mastercard,5176 XXXX XXXX 6006,ACTIVE,2023-11-01,11/28,false
CRD099273938,60210877582628,DEBIT,Mastercard,5318 XXXX XXXX 2075,ACTIVE,2022-10-20,10/27,false
CRD949863267,60210877582628,CREDIT,Visa,4390 XXXX XXXX 4281,ACTIVE,2024-09-07,09/29,true
CRD877758611,60219340251523,DEBIT,RuPay,6070 XXXX XXXX 1596,ACTIVE,2026-03-11,03/31,false
CRD352629124,60218672024272,DEBIT,Visa,4166 XXXX XXXX 0994,ACTIVE,2026-04-24,04/31,false
CRD826166976,60219340251523,CREDIT,RuPay,6070 XXXX XXXX 9720,ACTIVE,2024-06-06,06/29,true
CRD621959724,60214545333837,DEBIT,Mastercard,5318 XXXX XXXX 0173,ACTIVE,2024-06-07,06/29,false
CRD014210577,60218387820046,DEBIT,RuPay,6081 XXXX XXXX 7657,REISSUED,2016-07-12,07/21,false
CRD571109540,60218387820046,DEBIT,RuPay,6070 XXXX XXXX 3490,ACTIVE,2022-09-19,09/27,false
CRD107052562,60218880515025,DEBIT,RuPay,6081 XXXX XXXX 2063,ACTIVE,2026-04-06,04/31,false
CRD510081792,60210632044264,DEBIT,RuPay,6522 XXXX XXXX 8151,ACTIVE,2024-10-31,10/29,false
CRD593903985,60212477763615,DEBIT,Mastercard,5318 XXXX XXXX 8957,ACTIVE,2023-07-27,07/28,false
CRD406288357,60217699872512,DEBIT,RuPay,6522 XXXX XXXX 1538,ACTIVE,2024-11-26,11/29,false
CRD524726690,60213802106079,DEBIT,Visa,4390 XXXX XXXX 2496,ACTIVE,2024-10-19,10/29,false
CRD165220202,60219405174428,DEBIT,Visa,4591 XXXX XXXX 9054,ACTIVE,2026-02-08,02/31,false
CRD009876778,60211438239248,DEBIT,Mastercard,5318 XXXX XXXX 9723,EXPIRED,2014-01-28,01/19,false
CRD800394123,60211438239248,DEBIT,RuPay,6522 XXXX XXXX 7579,ACTIVE,2024-01-15,01/29,false
CRD595454548,60215843634243,DEBIT,RuPay,6521 XXXX XXXX 4634,REISSUED,2021-09-26,09/26,false
CRD791945039,60215843634243,DEBIT,RuPay,6522 XXXX XXXX 4540,ACTIVE,2023-05-15,05/28,false
CRD720873825,60214825475690,DEBIT,Visa,4166 XXXX XXXX 4191,ACTIVE,2025-08-09,08/30,false
CRD848056161,60217853939819,DEBIT,RuPay,6522 XXXX XXXX 9718,ACTIVE,2025-09-21,09/30,false
CRD892597422,60216232919987,DEBIT,RuPay,6522 XXXX XXXX 3476,ACTIVE,2023-11-16,11/28,false
CRD152761970,60212489442894,DEBIT,Visa,4166 XXXX XXXX 3089,ACTIVE,2025-04-06,04/30,false
CRD760861327,60215691737149,DEBIT,Mastercard,5470 XXXX XXXX 6530,ACTIVE,2022-03-04,03/27,true
CRD015034570,60217993309410,DEBIT,Visa,4591 XXXX XXXX 5490,ACTIVE,2023-04-14,04/28,false
CRD704692788,60213107952818,DEBIT,RuPay,6070 XXXX XXXX 5586,ACTIVE,2025-03-11,03/30,false
CRD350421406,60213511144808,DEBIT,RuPay,6521 XXXX XXXX 9102,ACTIVE,2025-07-13,07/30,false
CRD774649205,60210146610357,DEBIT,Mastercard,5470 XXXX XXXX 0585,ACTIVE,2025-03-10,03/30,false
CRD957972045,60217070384629,DEBIT,RuPay,6522 XXXX XXXX 9710,REISSUED,2021-08-27,08/26,true
CRD295283250,60217070384629,DEBIT,Visa,4214 XXXX XXXX 5472,ACTIVE,2024-12-03,12/29,false
CRD113075905,60212404885103,DEBIT,RuPay,6081 XXXX XXXX 4634,EXPIRED,2019-01-19,01/24,false
CRD915999217,60212404885103,DEBIT,Mastercard,5318 XXXX XXXX 0903,ACTIVE,2023-10-10,10/28,false
CRD670318871,60212404885103,CREDIT,Visa,4390 XXXX XXXX 4161,ACTIVE,2024-05-23,05/29,false
CRD798012917,60214778288728,DEBIT,RuPay,6081 XXXX XXXX 4355,ACTIVE,2025-04-20,04/30,false
CRD068737326,60215751174424,DEBIT,Visa,4390 XXXX XXXX 0344,ACTIVE,2026-03-21,03/31,false
CRD569922622,60215751174424,CREDIT,Mastercard,5470 XXXX XXXX 6411,ACTIVE,2025-08-21,08/30,false
CRD187315873,60217456656317,DEBIT,RuPay,6521 XXXX XXXX 8422,ACTIVE,2026-02-11,02/31,false
CRD595368928,60219873743047,DEBIT,Mastercard,5470 XXXX XXXX 7005,ACTIVE,2026-07-28,07/31,false
CRD905513010,60218260686286,DEBIT,RuPay,6070 XXXX XXXX 1617,ACTIVE,2024-10-03,10/29,false
CRD791396165,60212886099811,DEBIT,Visa,4591 XXXX XXXX 9613,ACTIVE,2025-11-24,11/30,false
CRD898810178,60214718911420,DEBIT,RuPay,6522 XXXX XXXX 5264,REISSUED,2019-01-18,01/24,false
CRD329694746,60214718911420,DEBIT,RuPay,6521 XXXX XXXX 1224,ACTIVE,2024-05-12,05/29,false
CRD177794184,60217637791677,DEBIT,Mastercard,5241 XXXX XXXX 5695,ACTIVE,2023-01-09,01/28,false
CRD269665486,60212515474314,DEBIT,Mastercard,5176 XXXX XXXX 3274,ACTIVE,2024-07-21,07/29,false
CRD992507538,60212515474314,CREDIT,Mastercard,5470 XXXX XXXX 8049,ACTIVE,2024-07-23,07/29,true
CRD830206566,60216161272222,DEBIT,Visa,4214 XXXX XXXX 3379,ACTIVE,2023-08-10,08/28,false
CRD435984495,60214932711743,DEBIT,Mastercard,5470 XXXX XXXX 1174,ACTIVE,2026-05-16,05/31,true
CRD864665523,60217154163169,DEBIT,Mastercard,5241 XXXX XXXX 1423,ACTIVE,2025-09-24,09/30,false
CRD912773771,60217154163169,CREDIT,Visa,4214 XXXX XXXX 5141,ACTIVE,2025-06-10,06/30,false
CRD572195654,60213903287107,DEBIT,Visa,4591 XXXX XXXX 9034,ACTIVE,2024-07-15,07/29,false
CRD072390490,60211213985264,DEBIT,Visa,4591 XXXX XXXX 7431,ACTIVE,2023-08-09,08/28,false
CRD195660479,60210813899300,DEBIT,RuPay,6521 XXXX XXXX 7408,ACTIVE,2026-04-14,04/31,false
CRD384615715,60210813899300,CREDIT,Visa,4591 XXXX XXXX 3113,ACTIVE,2026-05-02,05/31,false
CRD187839034,60219261054753,DEBIT,RuPay,6070 XXXX XXXX 0482,ACTIVE,2025-10-15,10/30,false
CRD294314948,60211283012375,DEBIT,RuPay,6081 XXXX XXXX 1604,ACTIVE,2025-03-16,03/30,false
CRD351673663,60217496064160,DEBIT,RuPay,6522 XXXX XXXX 8204,ACTIVE,2025-08-09,08/30,false
CRD987438958,60211860566912,DEBIT,RuPay,6070 XXXX XXXX 6498,ACTIVE,2026-06-21,06/31,false
CRD735974418,60211860566912,CREDIT,Visa,4390 XXXX XXXX 7682,ACTIVE,2023-12-21,12/28,true
CRD913371405,60214793955572,DEBIT,RuPay,6081 XXXX XXXX 6600,ACTIVE,2024-05-04,05/29,true
CRD914260530,60217334510856,DEBIT,Mastercard,5470 XXXX XXXX 7442,ACTIVE,2025-08-28,08/30,false
CRD230604959,60215824224540,DEBIT,Visa,4214 XXXX XXXX 0629,ACTIVE,2025-06-27,06/30,false
CRD947080577,60218946473736,DEBIT,Visa,4591 XXXX XXXX 4943,ACTIVE,2026-04-08,04/31,false
CRD099922924,60216791537748,DEBIT,Mastercard,5241 XXXX XXXX 3208,ACTIVE,2025-06-24,06/30,false
CRD288391428,60210085610084,DEBIT,Mastercard,5470 XXXX XXXX 0650,ACTIVE,2025-01-21,01/30,false
CRD436874779,60212287825979,DEBIT,RuPay,6522 XXXX XXXX 4001,ACTIVE,2025-04-24,04/30,false
CRD368949025,60217016822896,DEBIT,RuPay,6521 XXXX XXXX 2815,ACTIVE,2026-07-17,07/31,false
CRD953025312,60216668571982,DEBIT,Visa,4591 XXXX XXXX 1130,ACTIVE,2026-04-01,04/31,false
CRD802830933,60219986775913,DEBIT,Visa,4214 XXXX XXXX 1761,ACTIVE,2023-09-07,09/28,false
CRD623440285,60219986775913,CREDIT,Mastercard,5318 XXXX XXXX 8916,ACTIVE,2026-07-21,07/31,false
CRD492295835,60218878000513,DEBIT,Visa,4214 XXXX XXXX 7324,ACTIVE,2025-10-16,10/30,false
CRD944818908,60215175099523,DEBIT,Visa,4166 XXXX XXXX 7638,ACTIVE,2026-03-14,03/31,true
CRD656175109,60215201397005,DEBIT,RuPay,6521 XXXX XXXX 1057,ACTIVE,2026-07-01,07/31,false
CRD473788917,60211783385999,DEBIT,RuPay,6070 XXXX XXXX 4351,ACTIVE,2026-05-31,05/31,false
CRD464863003,60211665465755,DEBIT,Visa,4166 XXXX XXXX 4684,REISSUED,2020-11-04,11/25,false
CRD290636071,60211665465755,DEBIT,RuPay,6522 XXXX XXXX 2028,ACTIVE,2023-11-16,11/28,false
CRD353680870,60210344916607,DEBIT,RuPay,6070 XXXX XXXX 0552,ACTIVE,2026-03-05,03/31,false
CRD290104124,60211286312717,DEBIT,RuPay,6081 XXXX XXXX 9383,ACTIVE,2024-12-27,12/29,false
CRD204430179,60219660322650,DEBIT,Visa,4214 XXXX XXXX 9013,ACTIVE,2023-08-25,08/28,false
CRD196349577,60218261347804,DEBIT,RuPay,6521 XXXX XXXX 6138,ACTIVE,2026-01-29,01/31,false
CRD989371087,60218261347804,CREDIT,Visa,4214 XXXX XXXX 3626,ACTIVE,2023-12-04,12/28,true
CRD989121205,60216437439725,DEBIT,RuPay,6081 XXXX XXXX 8396,ACTIVE,2023-09-20,09/28,false
CRD999658350,60216437655015,DEBIT,Visa,4166 XXXX XXXX 2817,ACTIVE,2026-07-10,07/31,false
CRD352554851,60212070244984,DEBIT,RuPay,6521 XXXX XXXX 6471,ACTIVE,2024-11-24,11/29,false
CRD523891456,60211986014482,DEBIT,Visa,4591 XXXX XXXX 9691,ACTIVE,2026-05-03,05/31,false
CRD037104929,60214407028174,DEBIT,RuPay,6522 XXXX XXXX 2852,ACTIVE,2024-09-23,09/29,false
CRD833513425,60215786024888,DEBIT,RuPay,6081 XXXX XXXX 3202,ACTIVE,2022-01-14,01/27,false
CRD451256301,60217833525504,DEBIT,Visa,4390 XXXX XXXX 1844,ACTIVE,2025-06-16,06/30,false
CRD066111106,60218722445407,DEBIT,Mastercard,5470 XXXX XXXX 7768,EXPIRED,2020-12-09,12/25,false
CRD279389564,60218722445407,DEBIT,Visa,4390 XXXX XXXX 5349,ACTIVE,2026-06-30,06/31,false
CRD747861008,60217908717067,DEBIT,Mastercard,5176 XXXX XXXX 2193,EXPIRED,2017-12-25,12/22,false
CRD280757315,60217908717067,DEBIT,RuPay,6522 XXXX XXXX 2756,ACTIVE,2026-04-03,04/31,false
CRD999893966,60215830444623,DEBIT,RuPay,6081 XXXX XXXX 1087,ACTIVE,2023-12-22,12/28,false
CRD819919218,60217843111110,DEBIT,Mastercard,5470 XXXX XXXX 2535,ACTIVE,2025-09-30,09/30,false
CRD345614426,60210312597276,DEBIT,RuPay,6081 XXXX XXXX 4295,ACTIVE,2024-12-29,12/29,false
CRD263294315,60212230388380,DEBIT,RuPay,6081 XXXX XXXX 1328,ACTIVE,2026-06-30,06/31,false
CRD551143152,60215087490782,DEBIT,Mastercard,5176 XXXX XXXX 4065,ACTIVE,2026-04-12,04/31,false
CRD246097003,60217454296228,DEBIT,RuPay,6081 XXXX XXXX 0208,ACTIVE,2026-06-19,06/31,false
CRD946281956,60212239154685,DEBIT,Visa,4390 XXXX XXXX 0751,HOTLISTED,2022-12-02,12/27,false
CRD852184969,60217309485725,DEBIT,RuPay,6521 XXXX XXXX 3608,ACTIVE,2026-04-11,04/31,false
CRD522467846,60219884075507,DEBIT,RuPay,6521 XXXX XXXX 1255,ACTIVE,2024-03-06,03/29,false
CRD185761303,60219884075507,CREDIT,Visa,4591 XXXX XXXX 5843,ACTIVE,2026-04-30,04/31,true
CRD454910923,60217699424546,DEBIT,Visa,4166 XXXX XXXX 3772,ACTIVE,2024-04-17,04/29,false
CRD109212918,60214169744952,DEBIT,RuPay,6081 XXXX XXXX 0351,ACTIVE,2022-10-12,10/27,false
CRD122695902,60211135827450,DEBIT,Mastercard,5470 XXXX XXXX 8361,ACTIVE,2025-07-21,07/30,false
CRD097300086,60216542949565,DEBIT,RuPay,6521 XXXX XXXX 3752,ACTIVE,2024-07-02,07/29,false
CRD256776319,60216542949565,CREDIT,Visa,4591 XXXX XXXX 1117,ACTIVE,2023-01-21,01/28,true
CRD970252232,60216750050861,DEBIT,Mastercard,5241 XXXX XXXX 7058,ACTIVE,2026-06-16,06/31,false
CRD233525501,60214771445741,DEBIT,RuPay,6081 XXXX XXXX 0349,HOTLISTED,2025-10-20,10/30,false
CRD881206308,60213337572014,DEBIT,RuPay,6521 XXXX XXXX 8754,ACTIVE,2024-01-28,01/29,false
CRD741423406,60219623678380,DEBIT,RuPay,6081 XXXX XXXX 3026,ACTIVE,2024-10-31,10/29,false
CRD415138928,60211702267571,DEBIT,RuPay,6521 XXXX XXXX 1455,ACTIVE,2025-03-12,03/30,false
CRD387320034,60217151771512,DEBIT,Visa,4591 XXXX XXXX 2949,ACTIVE,2022-10-04,10/27,false
CRD239448415,60210844773969,DEBIT,RuPay,6081 XXXX XXXX 4279,ACTIVE,2022-06-17,06/27,false
CRD021725963,60218059844605,DEBIT,Visa,4591 XXXX XXXX 6366,EXPIRED,2017-03-14,03/22,false
CRD753326496,60218059844605,DEBIT,RuPay,6081 XXXX XXXX 1727,ACTIVE,2022-08-01,08/27,false
CRD783463476,60210477321168,DEBIT,RuPay,6522 XXXX XXXX 6478,ACTIVE,2022-05-02,05/27,true
CRD897450138,60210477321168,CREDIT,Mastercard,5241 XXXX XXXX 5652,ACTIVE,2022-03-08,03/27,false
CRD707149503,60214783939974,DEBIT,Mastercard,5318 XXXX XXXX 3899,ACTIVE,2024-06-06,06/29,false
CRD583345130,60213173309277,DEBIT,Mastercard,5470 XXXX XXXX 2513,ACTIVE,2026-06-01,06/31,false
CRD730524739,60211753197015,DEBIT,RuPay,6070 XXXX XXXX 8484,EXPIRED,2017-05-03,05/22,false
CRD641392055,60211753197015,DEBIT,RuPay,6081 XXXX XXXX 7525,ACTIVE,2024-01-31,01/29,false
CRD051383762,60218545497780,DEBIT,RuPay,6081 XXXX XXXX 0575,ACTIVE,2024-01-30,01/29,false
CRD313877711,60219062504831,DEBIT,RuPay,6081 XXXX XXXX 8241,ACTIVE,2024-02-10,02/29,false
CRD716994984,60216914220390,DEBIT,RuPay,6522 XXXX XXXX 4997,ACTIVE,2024-04-16,04/29,true
CRD963882232,60215885912842,DEBIT,RuPay,6081 XXXX XXXX 0489,EXPIRED,2019-04-17,04/24,false
CRD683738495,60215885912842,DEBIT,Mastercard,5470 XXXX XXXX 9313,ACTIVE,2025-01-20,01/30,true
CRD666276037,60219915795434,DEBIT,RuPay,6070 XXXX XXXX 3942,EXPIRED,2019-05-10,05/24,false
CRD252072400,60219915795434,DEBIT,RuPay,6522 XXXX XXXX 1022,ACTIVE,2023-01-07,01/28,false
CRD421333964,60218741846296,DEBIT,Visa,4166 XXXX XXXX 8980,ACTIVE,2024-01-03,01/29,true
CRD650520289,60214495679766,DEBIT,Visa,4591 XXXX XXXX 8910,ACTIVE,2025-03-05,03/30,false
CRD294363990,60212217713480,DEBIT,Mastercard,5470 XXXX XXXX 1490,ACTIVE,2024-06-09,06/29,false
CRD731229937,60212217713480,CREDIT,Mastercard,5318 XXXX XXXX 5515,ACTIVE,2025-10-04,10/30,true
CRD369332440,60218955496171,DEBIT,Mastercard,5176 XXXX XXXX 0466,ACTIVE,2023-12-11,12/28,false
CRD474720553,60218955496171,CREDIT,Mastercard,5241 XXXX XXXX 4680,ACTIVE,2025-01-13,01/30,true
CRD063362528,60210156375901,DEBIT,Mastercard,5318 XXXX XXXX 1019,EXPIRED,2021-06-19,06/26,false
CRD930901308,60210156375901,DEBIT,Mastercard,5241 XXXX XXXX 0855,ACTIVE,2024-02-15,02/29,false
CRD214240197,60219272965367,DEBIT,RuPay,6522 XXXX XXXX 7210,REISSUED,2020-10-27,10/25,false
CRD440271970,60219272965367,DEBIT,RuPay,6081 XXXX XXXX 3019,ACTIVE,2022-05-09,05/27,false
CRD656927773,60218643653355,DEBIT,Visa,4591 XXXX XXXX 8120,ACTIVE,2022-07-10,07/27,false
CRD386891806,60215856534301,DEBIT,Mastercard,5470 XXXX XXXX 6927,ACTIVE,2025-04-24,04/30,true
CRD563330074,60215472677163,DEBIT,RuPay,6081 XXXX XXXX 1232,ACTIVE,2023-07-31,07/28,false
CRD506824301,60213372972559,DEBIT,Visa,4166 XXXX XXXX 5520,ACTIVE,2026-01-16,01/31,false
CRD065880380,60213660576041,DEBIT,Mastercard,5241 XXXX XXXX 5242,ACTIVE,2023-05-13,05/28,false
CRD859982264,60210775493713,DEBIT,Mastercard,5470 XXXX XXXX 2464,ACTIVE,2026-05-13,05/31,false
CRD109178331,60211118790275,DEBIT,RuPay,6522 XXXX XXXX 5383,ACTIVE,2023-11-17,11/28,true
CRD008491200,60211118790275,CREDIT,Visa,4591 XXXX XXXX 8451,ACTIVE,2026-08-09,08/31,false
CRD587712068,60213282885710,DEBIT,RuPay,6070 XXXX XXXX 1725,ACTIVE,2024-10-18,10/29,false
CRD613538921,60213174475382,DEBIT,Mastercard,5176 XXXX XXXX 7392,ACTIVE,2025-09-22,09/30,false
CRD967152149,60210460954176,DEBIT,RuPay,6522 XXXX XXXX 6123,ACTIVE,2025-03-30,03/30,false
CRD209826421,60214921385641,DEBIT,RuPay,6070 XXXX XXXX 3330,ACTIVE,2026-05-10,05/31,false
CRD740287837,60214921385641,CREDIT,RuPay,6522 XXXX XXXX 9122,ACTIVE,2023-04-12,04/28,true
CRD883147778,60214881752564,DEBIT,RuPay,6521 XXXX XXXX 6007,ACTIVE,2024-03-06,03/29,true
CRD559846416,60214881752564,CREDIT,RuPay,6522 XXXX XXXX 8407,ACTIVE,2025-08-03,08/30,true
CRD580400912,60219114112831,DEBIT,Visa,4591 XXXX XXXX 6541,ACTIVE,2026-01-01,01/31,false
CRD998234121,60210408768108,DEBIT,Visa,4166 XXXX XXXX 6397,ACTIVE,2023-11-03,11/28,false
CRD690837297,60211486567588,DEBIT,Mastercard,5470 XXXX XXXX 6961,ACTIVE,2026-06-11,06/31,false
CRD382946226,60214748194384,DEBIT,RuPay,6070 XXXX XXXX 9605,EXPIRED,2018-09-12,09/23,false
CRD329598532,60214748194384,DEBIT,Mastercard,5470 XXXX XXXX 7941,ACTIVE,2023-08-07,08/28,false
CRD504302108,60212753191089,DEBIT,Mastercard,5470 XXXX XXXX 2630,ACTIVE,2024-08-27,08/29,false
CRD401281464,60214117877394,DEBIT,Visa,4591 XXXX XXXX 1432,ACTIVE,2022-03-29,03/27,false
CRD647970928,60211826801905,DEBIT,Mastercard,5470 XXXX XXXX 7585,EXPIRED,2017-08-07,08/22,false
CRD710857139,60211826801905,DEBIT,Visa,4214 XXXX XXXX 8033,ACTIVE,2023-05-15,05/28,false
CRD830115375,60210764410502,DEBIT,Visa,4591 XXXX XXXX 4005,ACTIVE,2025-04-30,04/30,false
CRD777976969,60215520811235,DEBIT,RuPay,6522 XXXX XXXX 3778,ACTIVE,2023-05-14,05/28,false
CRD458756162,60218425640678,DEBIT,RuPay,6070 XXXX XXXX 1098,ACTIVE,2023-11-06,11/28,false
CRD194990942,60218425640678,CREDIT,Visa,4591 XXXX XXXX 8558,ACTIVE,2025-05-06,05/30,true
CRD904375513,60218438647145,DEBIT,Mastercard,5176 XXXX XXXX 3931,ACTIVE,2023-01-10,01/28,false
CRD503459068,60218923189471,DEBIT,Mastercard,5241 XXXX XXXX 1896,EXPIRED,2020-12-30,12/25,true
CRD304264336,60218923189471,DEBIT,Mastercard,5176 XXXX XXXX 0561,REISSUED,2021-06-13,06/26,false
CRD751067546,60218923189471,DEBIT,RuPay,6521 XXXX XXXX 8147,ACTIVE,2026-07-11,07/31,false
CRD248677129,60212716941347,DEBIT,Mastercard,5176 XXXX XXXX 3856,ACTIVE,2026-07-21,07/31,false
CRD490166338,60213329575807,DEBIT,Mastercard,5176 XXXX XXXX 9045,ACTIVE,2023-01-07,01/28,false
CRD215337049,60213329575807,CREDIT,Mastercard,5318 XXXX XXXX 7845,ACTIVE,2025-01-31,01/30,true
CRD522754185,60218620083620,DEBIT,RuPay,6522 XXXX XXXX 4965,ACTIVE,2024-04-12,04/29,false
CRD901405555,60210261978549,DEBIT,Visa,4214 XXXX XXXX 3683,ACTIVE,2026-07-01,07/31,false
CRD159903311,60212350332999,DEBIT,Mastercard,5241 XXXX XXXX 3036,ACTIVE,2023-05-16,05/28,false
CRD908479197,60210781054387,DEBIT,RuPay,6070 XXXX XXXX 7845,REISSUED,2019-06-19,06/24,false
CRD125701650,60210781054387,DEBIT,RuPay,6081 XXXX XXXX 1956,ACTIVE,2024-10-14,10/29,false
CRD381834602,60212100434326,DEBIT,RuPay,6522 XXXX XXXX 1266,ACTIVE,2026-06-04,06/31,false
CRD748600225,60219707775483,DEBIT,RuPay,6081 XXXX XXXX 1618,ACTIVE,2025-09-10,09/30,false
CRD502757818,60210072978519,DEBIT,RuPay,6522 XXXX XXXX 9121,REISSUED,2019-03-31,03/24,false
CRD712281008,60210072978519,DEBIT,Visa,4166 XXXX XXXX 2103,ACTIVE,2023-02-23,02/28,false
CRD301084836,60213265369710,DEBIT,Visa,4390 XXXX XXXX 6093,ACTIVE,2025-11-04,11/30,false
CRD746221479,60214372360384,DEBIT,Visa,4166 XXXX XXXX 1663,ACTIVE,2024-01-15,01/29,false
CRD845205398,60214228457854,DEBIT,RuPay,6070 XXXX XXXX 3390,EXPIRED,2019-05-14,05/24,false
CRD555520720,60214228457854,DEBIT,Visa,4166 XXXX XXXX 2640,ACTIVE,2025-05-06,05/30,false
CRD804970047,60217082436520,DEBIT,RuPay,6521 XXXX XXXX 6024,REISSUED,2020-07-11,07/25,false
CRD475849975,60217082436520,DEBIT,RuPay,6070 XXXX XXXX 1932,ACTIVE,2025-11-18,11/30,false
CRD666832281,60219678690924,DEBIT,RuPay,6070 XXXX XXXX 2146,REISSUED,2019-09-21,09/24,false
CRD444068869,60219678690924,DEBIT,RuPay,6521 XXXX XXXX 9715,ACTIVE,2022-02-10,02/27,false
CRD774719800,60212830521371,DEBIT,RuPay,6081 XXXX XXXX 9265,ACTIVE,2025-10-21,10/30,false
CRD508924325,60213736632172,DEBIT,RuPay,6522 XXXX XXXX 2901,REISSUED,2021-06-28,06/26,true
CRD758777398,60213736632172,DEBIT,Visa,4166 XXXX XXXX 5804,ACTIVE,2023-04-19,04/28,false
CRD140387823,60213234877093,DEBIT,Visa,4166 XXXX XXXX 8620,ACTIVE,2023-03-03,03/28,false
CRD520144738,60217301912085,DEBIT,RuPay,6521 XXXX XXXX 9950,ACTIVE,2024-02-03,02/29,false
CRD691696547,60219051534349,DEBIT,RuPay,6521 XXXX XXXX 3761,ACTIVE,2026-04-08,04/31,false
CRD848546590,60214579240034,DEBIT,RuPay,6522 XXXX XXXX 7152,ACTIVE,2024-02-21,02/29,false
CRD612661412,60215449179433,DEBIT,Visa,4390 XXXX XXXX 4110,ACTIVE,2026-01-30,01/31,false
CRD194772996,60218850221819,DEBIT,RuPay,6070 XXXX XXXX 9796,ACTIVE,2023-02-09,02/28,false
CRD353379278,60216828890897,DEBIT,RuPay,6522 XXXX XXXX 5693,ACTIVE,2026-05-12,05/31,false
CRD690841864,60211014393613,DEBIT,RuPay,6522 XXXX XXXX 9485,ACTIVE,2024-03-03,03/29,false
CRD415381399,60213305791442,DEBIT,RuPay,6521 XXXX XXXX 2252,ACTIVE,2023-10-21,10/28,false
CRD001293373,60213305791442,CREDIT,Visa,4591 XXXX XXXX 5063,ACTIVE,2022-06-18,06/27,false
CRD812950963,60213425138327,DEBIT,RuPay,6521 XXXX XXXX 4815,ACTIVE,2025-09-23,09/30,false
CRD661055568,60216144097938,DEBIT,RuPay,6522 XXXX XXXX 8592,ACTIVE,2022-10-11,10/27,false
CRD096918884,60217808492064,DEBIT,RuPay,6522 XXXX XXXX 9818,ACTIVE,2023-09-16,09/28,true
CRD062975885,60217220168273,DEBIT,RuPay,6070 XXXX XXXX 9561,ACTIVE,2024-07-26,07/29,false
CRD104356618,60218793028953,DEBIT,RuPay,6521 XXXX XXXX 8451,ACTIVE,2023-10-13,10/28,false
CRD469797255,60218866837569,DEBIT,RuPay,6521 XXXX XXXX 9590,ACTIVE,2025-05-25,05/30,false
CRD114610711,60210521057343,DEBIT,RuPay,6522 XXXX XXXX 3593,ACTIVE,2025-03-25,03/30,false
CRD582200113,60215133432567,DEBIT,Mastercard,5241 XXXX XXXX 7480,ACTIVE,2026-01-06,01/31,false
CRD347440471,60215900760120,DEBIT,RuPay,6070 XXXX XXXX 7617,ACTIVE,2024-08-08,08/29,false
CRD619432087,60216571527070,DEBIT,RuPay,6522 XXXX XXXX 8091,ACTIVE,2025-06-20,06/30,false
CRD188596207,60219188405539,DEBIT,RuPay,6521 XXXX XXXX 7005,ACTIVE,2025-09-22,09/30,false
CRD573583005,60211286506877,DEBIT,Mastercard,5470 XXXX XXXX 5467,ACTIVE,2025-01-17,01/30,false
CRD637315075,60214485472621,DEBIT,RuPay,6522 XXXX XXXX 6123,ACTIVE,2024-02-02,02/29,false
CRD685643395,60210504280063,DEBIT,Mastercard,5176 XXXX XXXX 1023,ACTIVE,2026-08-08,08/31,false
CRD488032429,60216833514719,DEBIT,RuPay,6521 XXXX XXXX 6207,ACTIVE,2025-09-03,09/30,false
CRD116910820,60212147630149,DEBIT,RuPay,6070 XXXX XXXX 8933,EXPIRED,2021-07-28,07/26,false
CRD037131539,60212147630149,DEBIT,Visa,4390 XXXX XXXX 0907,ACTIVE,2022-03-17,03/27,false
CRD121155503,60217366569635,DEBIT,Mastercard,5318 XXXX XXXX 9772,EXPIRED,2020-05-26,05/25,false
CRD344205137,60217366569635,DEBIT,Visa,4390 XXXX XXXX 9247,ACTIVE,2025-11-16,11/30,false
CRD552047292,60217941338569,DEBIT,Mastercard,5176 XXXX XXXX 7646,ACTIVE,2022-06-04,06/27,false
CRD108319616,60217941338569,CREDIT,Visa,4591 XXXX XXXX 6754,ACTIVE,2023-01-18,01/28,true
CRD898333355,60213472881361,DEBIT,Mastercard,5241 XXXX XXXX 2039,ACTIVE,2022-09-23,09/27,true
CRD871225585,60210394576682,DEBIT,Visa,4591 XXXX XXXX 7429,REISSUED,2018-03-01,03/23,true
CRD878888755,60210394576682,DEBIT,RuPay,6070 XXXX XXXX 6265,ACTIVE,2025-06-02,06/30,false
CRD541091231,60216658581648,DEBIT,RuPay,6081 XXXX XXXX 1487,ACTIVE,2026-03-04,03/31,false
CRD344751976,60216658581648,CREDIT,Visa,4591 XXXX XXXX 8929,ACTIVE,2025-12-10,12/30,false
CRD470189573,60218510843459,DEBIT,RuPay,6521 XXXX XXXX 8768,REISSUED,2020-05-25,05/25,false
CRD203952717,60218510843459,DEBIT,Visa,4214 XXXX XXXX 2438,ACTIVE,2024-08-28,08/29,false
CRD637975976,60212589574386,DEBIT,Visa,4214 XXXX XXXX 3063,ACTIVE,2025-07-05,07/30,false
CRD131404202,60210491742659,DEBIT,RuPay,6522 XXXX XXXX 7664,ACTIVE,2026-07-02,07/31,false
CRD876862793,60210864191717,DEBIT,RuPay,6522 XXXX XXXX 9402,ACTIVE,2025-07-22,07/30,false
CRD746613425,60210864191717,CREDIT,Visa,4214 XXXX XXXX 6905,ACTIVE,2025-12-29,12/30,true
CRD146125793,60214180188561,DEBIT,Mastercard,5176 XXXX XXXX 1420,ACTIVE,2024-07-25,07/29,false
CRD082433696,60214180188561,CREDIT,Mastercard,5241 XXXX XXXX 9279,ACTIVE,2026-05-23,05/31,true
CRD575238684,60210447691490,DEBIT,RuPay,6070 XXXX XXXX 2043,REISSUED,2012-12-09,12/17,false
CRD841388117,60210447691490,DEBIT,Mastercard,5318 XXXX XXXX 1874,ACTIVE,2022-12-06,12/27,false
CRD986386636,60210811576478,DEBIT,Visa,4390 XXXX XXXX 8588,EXPIRED,2017-01-09,01/22,false
CRD520847208,60210811576478,DEBIT,Mastercard,5176 XXXX XXXX 9108,ACTIVE,2026-07-09,07/31,false
CRD362862918,60212434498964,DEBIT,RuPay,6522 XXXX XXXX 9736,ACTIVE,2022-10-10,10/27,false
CRD242536706,60217177034668,DEBIT,Visa,4390 XXXX XXXX 7613,EXPIRED,2019-07-05,07/24,false
CRD003082579,60217177034668,DEBIT,Mastercard,5176 XXXX XXXX 9575,ACTIVE,2023-09-06,09/28,true
CRD031640707,60217751391991,DEBIT,Visa,4390 XXXX XXXX 0924,ACTIVE,2025-12-16,12/30,false
CRD920421226,60217734761011,DEBIT,Visa,4591 XXXX XXXX 3093,ACTIVE,2022-10-28,10/27,false
CRD058024198,60218271999287,DEBIT,RuPay,6081 XXXX XXXX 9904,ACTIVE,2023-06-20,06/28,false
CRD132437435,60214233374052,DEBIT,RuPay,6522 XXXX XXXX 9333,ACTIVE,2026-03-05,03/31,false
CRD934266808,60213588732110,DEBIT,Visa,4214 XXXX XXXX 1149,ACTIVE,2022-03-14,03/27,false
CRD829520494,60211515359352,DEBIT,RuPay,6521 XXXX XXXX 7560,ACTIVE,2026-04-09,04/31,false
CRD020290117,60211690811671,DEBIT,Mastercard,5241 XXXX XXXX 7146,ACTIVE,2024-01-01,01/29,false
CRD419865348,60213405116556,DEBIT,Mastercard,5241 XXXX XXXX 5976,ACTIVE,2022-03-02,03/27,false
CRD218050596,60218056380005,DEBIT,Mastercard,5176 XXXX XXXX 7070,ACTIVE,2026-05-27,05/31,true
CRD416563841,60218565972804,DEBIT,RuPay,6070 XXXX XXXX 1124,ACTIVE,2025-02-15,02/30,false
CRD964953857,60213439034918,DEBIT,Mastercard,5176 XXXX XXXX 9298,ACTIVE,2025-07-01,07/30,false
CRD454620153,60217070493104,DEBIT,RuPay,6521 XXXX XXXX 5175,REISSUED,2024-02-05,02/29,false
CRD230236677,60217070493104,DEBIT,RuPay,6070 XXXX XXXX 9012,ACTIVE,2026-07-25,07/31,false
CRD817643412,60213323851153,DEBIT,RuPay,6521 XXXX XXXX 0824,ACTIVE,2025-12-18,12/30,false
CRD043737997,60212449166555,DEBIT,RuPay,6522 XXXX XXXX 3855,ACTIVE,2026-05-02,05/31,false
CRD870180105,60212449166555,CREDIT,Mastercard,5241 XXXX XXXX 8357,ACTIVE,2025-02-23,02/30,true
CRD766418591,60219984345662,DEBIT,RuPay,6522 XXXX XXXX 4981,ACTIVE,2025-01-30,01/30,true
CRD665062137,60213481043577,DEBIT,Visa,4214 XXXX XXXX 8795,ACTIVE,2022-11-06,11/27,false
CRD764787278,60213913000810,DEBIT,Mastercard,5241 XXXX XXXX 9358,REISSUED,2017-12-05,12/22,false
CRD624993900,60213913000810,DEBIT,Mastercard,5241 XXXX XXXX 4269,ACTIVE,2024-09-23,09/29,false
CRD241690383,60217982874695,DEBIT,RuPay,6070 XXXX XXXX 8719,REISSUED,2021-08-27,08/26,false
CRD305817076,60217982874695,DEBIT,RuPay,6521 XXXX XXXX 5906,ACTIVE,2024-05-11,05/29,false
CRD779268226,60219244472309,DEBIT,Visa,4214 XXXX XXXX 0444,EXPIRED,2019-12-04,12/24,false
CRD946116698,60219244472309,DEBIT,RuPay,6081 XXXX XXXX 1693,ACTIVE,2024-03-14,03/29,false
CRD392161556,60216070554700,DEBIT,RuPay,6081 XXXX XXXX 3369,ACTIVE,2024-09-16,09/29,false
CRD127071939,60210582469502,DEBIT,Mastercard,5318 XXXX XXXX 2475,ACTIVE,2025-09-26,09/30,false
CRD651146314,60210904231280,DEBIT,Visa,4166 XXXX XXXX 6918,REISSUED,2017-12-07,12/22,false
CRD459607458,60210904231280,DEBIT,RuPay,6522 XXXX XXXX 9515,ACTIVE,2025-04-13,04/30,false
CRD489684695,60213301897564,DEBIT,Visa,4214 XXXX XXXX 5519,ACTIVE,2022-03-03,03/27,false
CRD274474338,60210724671791,DEBIT,RuPay,6081 XXXX XXXX 9315,ACTIVE,2024-04-20,04/29,false
CRD060333750,60210724671791,CREDIT,RuPay,6081 XXXX XXXX 4937,ACTIVE,2025-05-07,05/30,false
CRD323855880,60217548801351,DEBIT,Visa,4214 XXXX XXXX 7951,ACTIVE,2023-06-06,06/28,false
CRD201525884,60217548801351,CREDIT,Mastercard,5470 XXXX XXXX 7753,ACTIVE,2026-07-12,07/31,true
CRD235067578,60212947526204,DEBIT,RuPay,6521 XXXX XXXX 9799,EXPIRED,2017-04-06,04/22,false
CRD534589230,60212947526204,DEBIT,RuPay,6070 XXXX XXXX 6955,ACTIVE,2025-04-25,04/30,false
CRD007934847,60212585101256,DEBIT,RuPay,6521 XXXX XXXX 9090,ACTIVE,2023-09-07,09/28,false
CRD364862085,60213389075290,DEBIT,RuPay,6070 XXXX XXXX 2054,ACTIVE,2023-08-18,08/28,true
CRD765861409,60210547699870,DEBIT,RuPay,6081 XXXX XXXX 5268,ACTIVE,2024-11-14,11/29,false
CRD644959266,60211104830488,DEBIT,RuPay,6522 XXXX XXXX 8387,REISSUED,2021-08-12,08/26,false
CRD265403542,60211104830488,DEBIT,Visa,4390 XXXX XXXX 9557,ACTIVE,2026-06-03,06/31,false
CRD378969763,60214763298909,DEBIT,Mastercard,5318 XXXX XXXX 3291,ACTIVE,2024-12-14,12/29,true
CRD372944574,60212293330946,DEBIT,Visa,4390 XXXX XXXX 3110,EXPIRED,2021-08-25,08/26,false
CRD134174491,60212293330946,DEBIT,RuPay,6070 XXXX XXXX 4708,ACTIVE,2023-10-26,10/28,false
CRD423753858,60219478072492,DEBIT,RuPay,6521 XXXX XXXX 2009,EXPIRED,2021-01-06,01/26,false
CRD165095232,60219478072492,DEBIT,RuPay,6081 XXXX XXXX 8168,ACTIVE,2023-11-10,11/28,true
CRD868121239,60213420860498,DEBIT,RuPay,6081 XXXX XXXX 6509,ACTIVE,2022-11-14,11/27,false
CRD835165940,60216667376403,DEBIT,RuPay,6522 XXXX XXXX 7062,ACTIVE,2023-07-06,07/28,false
CRD944714930,60212421985930,DEBIT,RuPay,6521 XXXX XXXX 2652,ACTIVE,2024-08-18,08/29,false
CRD217482739,60214048779308,DEBIT,Visa,4390 XXXX XXXX 2615,ACTIVE,2026-02-17,02/31,false
CRD252403586,60213632969127,DEBIT,Visa,4214 XXXX XXXX 1616,ACTIVE,2024-12-28,12/29,false
CRD481741451,60214707954198,DEBIT,RuPay,6522 XXXX XXXX 0575,EXPIRED,2021-01-13,01/26,false
CRD763712878,60214707954198,DEBIT,Visa,4166 XXXX XXXX 7951,ACTIVE,2023-04-21,04/28,false
CRD323245196,60214707954198,CREDIT,Mastercard,5241 XXXX XXXX 5041,ACTIVE,2025-02-28,02/30,true
CRD299473117,60213127318021,DEBIT,Visa,4166 XXXX XXXX 0323,ACTIVE,2024-11-03,11/29,false
CRD398669701,60213546831311,DEBIT,Visa,4166 XXXX XXXX 7792,ACTIVE,2025-10-27,10/30,false
CRD928639216,60212875810015,DEBIT,Visa,4166 XXXX XXXX 4915,EXPIRED,2013-05-03,05/18,false
CRD583551760,60212875810015,DEBIT,RuPay,6070 XXXX XXXX 3220,ACTIVE,2024-09-03,09/29,false
CRD562930965,60212394240667,DEBIT,Mastercard,5318 XXXX XXXX 1591,EXPIRED,2019-11-29,11/24,false
CRD175130557,60212394240667,DEBIT,RuPay,6522 XXXX XXXX 1984,ACTIVE,2021-12-29,12/26,true
CRD172398976,60216109678862,DEBIT,Mastercard,5318 XXXX XXXX 6337,ACTIVE,2025-07-18,07/30,false
CRD119992714,60215750284134,DEBIT,RuPay,6521 XXXX XXXX 7101,ACTIVE,2025-04-03,04/30,false
CRD386841349,60216306711106,DEBIT,Visa,4166 XXXX XXXX 4155,EXPIRED,2021-07-26,07/26,false
CRD845192065,60216306711106,DEBIT,RuPay,6522 XXXX XXXX 6622,ACTIVE,2022-11-15,11/27,false
CRD732811968,60214649134670,DEBIT,Mastercard,5470 XXXX XXXX 7114,ACTIVE,2025-02-05,02/30,false
CRD292066760,60210482028556,DEBIT,RuPay,6070 XXXX XXXX 2268,REISSUED,2020-09-17,09/25,false
CRD449781681,60210482028556,DEBIT,RuPay,6521 XXXX XXXX 7388,ACTIVE,2025-09-21,09/30,false
CRD997050399,60212045592069,DEBIT,RuPay,6522 XXXX XXXX 0268,ACTIVE,2025-12-26,12/30,false
CRD345289218,60215351933473,DEBIT,Mastercard,5318 XXXX XXXX 8126,ACTIVE,2024-07-12,07/29,false
CRD294352514,60219888278133,DEBIT,Visa,4214 XXXX XXXX 4457,ACTIVE,2025-01-12,01/30,true
CRD168042762,60212281008291,DEBIT,RuPay,6070 XXXX XXXX 8337,ACTIVE,2024-07-02,07/29,false
CRD195927489,60218014525753,DEBIT,RuPay,6522 XXXX XXXX 0784,ACTIVE,2022-07-20,07/27,false
CRD144447252,60219233547257,DEBIT,Visa,4166 XXXX XXXX 4034,ACTIVE,2025-02-08,02/30,false
CRD710844544,60216176175119,DEBIT,RuPay,6070 XXXX XXXX 3202,ACTIVE,2025-04-28,04/30,false
CRD245554303,60213693980997,DEBIT,RuPay,6081 XXXX XXXX 1142,ACTIVE,2022-05-08,05/27,false
CRD864499561,60210667682785,DEBIT,RuPay,6521 XXXX XXXX 2435,ACTIVE,2025-09-10,09/30,false
CRD453105100,60216197045630,DEBIT,Mastercard,5241 XXXX XXXX 7284,EXPIRED,2021-02-14,02/26,false
CRD945623670,60216197045630,DEBIT,Visa,4166 XXXX XXXX 6293,ACTIVE,2022-01-18,01/27,true
CRD274685367,60218338739937,DEBIT,RuPay,6522 XXXX XXXX 2488,REISSUED,2021-08-07,08/26,false
CRD747931650,60218338739937,DEBIT,RuPay,6522 XXXX XXXX 9243,ACTIVE,2024-06-24,06/29,false
CRD635605350,60218338739937,CREDIT,RuPay,6521 XXXX XXXX 5432,ACTIVE,2022-01-01,01/27,true
CRD107730131,60216642843464,DEBIT,Visa,4166 XXXX XXXX 5273,ACTIVE,2026-04-28,04/31,false
CRD041563163,60213251655539,DEBIT,Visa,4166 XXXX XXXX 2661,REISSUED,2015-01-17,01/20,false
CRD303386416,60213251655539,DEBIT,Mastercard,5318 XXXX XXXX 8542,ACTIVE,2024-06-13,06/29,false
CRD961935037,60211518945151,DEBIT,RuPay,6522 XXXX XXXX 7716,REISSUED,2019-06-11,06/24,false
CRD121859365,60211518945151,DEBIT,RuPay,6070 XXXX XXXX 0252,ACTIVE,2025-05-08,05/30,false
CRD814680860,60218541230538,DEBIT,Visa,4166 XXXX XXXX 7651,ACTIVE,2025-12-01,12/30,false
CRD405103050,60218658779958,DEBIT,Visa,4591 XXXX XXXX 5458,REISSUED,2020-10-15,10/25,false
CRD503663928,60218658779958,DEBIT,Visa,4591 XXXX XXXX 6433,ACTIVE,2022-01-30,01/27,false
CRD353637519,60217877923109,DEBIT,Visa,4591 XXXX XXXX 8127,ACTIVE,2025-05-30,05/30,false
CRD142103944,60210839095806,DEBIT,RuPay,6522 XXXX XXXX 2404,REISSUED,2019-09-28,09/24,true
CRD884279592,60210839095806,DEBIT,RuPay,6522 XXXX XXXX 1286,ACTIVE,2022-06-27,06/27,false
CRD733520150,60215673791737,DEBIT,Mastercard,5470 XXXX XXXX 6555,ACTIVE,2025-12-29,12/30,false
CRD270018128,60211227483481,DEBIT,RuPay,6521 XXXX XXXX 8320,ACTIVE,2022-07-05,07/27,false
CRD606175036,60215520366276,DEBIT,RuPay,6081 XXXX XXXX 7878,ACTIVE,2023-03-22,03/28,false
CRD326133884,60214683610565,DEBIT,Visa,4214 XXXX XXXX 9279,ACTIVE,2024-01-27,01/29,true
CRD477461891,60217422345740,DEBIT,Mastercard,5318 XXXX XXXX 1577,ACTIVE,2024-12-17,12/29,false
CRD355912182,60214693286433,DEBIT,Mastercard,5318 XXXX XXXX 6114,ACTIVE,2026-04-18,04/31,false
CRD792396702,60217934293826,DEBIT,RuPay,6521 XXXX XXXX 0813,ACTIVE,2025-11-21,11/30,false
CRD535719847,60210437066123,DEBIT,Mastercard,5318 XXXX XXXX 4639,ACTIVE,2023-08-17,08/28,false
CRD195430657,60219691236808,DEBIT,RuPay,6081 XXXX XXXX 9997,ACTIVE,2025-01-28,01/30,false
CRD905690343,60213903388275,DEBIT,Visa,4591 XXXX XXXX 4218,ACTIVE,2026-02-10,02/31,false
CRD499715208,60211357875517,DEBIT,RuPay,6522 XXXX XXXX 3733,ACTIVE,2026-03-08,03/31,false
CRD721976930,60210926592478,DEBIT,RuPay,6070 XXXX XXXX 0287,ACTIVE,2025-03-09,03/30,false
CRD179221690,60212703251344,DEBIT,Mastercard,5318 XXXX XXXX 8659,ACTIVE,2022-12-12,12/27,false
CRD806799239,60212703251344,CREDIT,Mastercard,5470 XXXX XXXX 2854,ACTIVE,2025-02-21,02/30,false
CRD790406451,60217204746732,DEBIT,RuPay,6070 XXXX XXXX 1652,ACTIVE,2024-07-17,07/29,false
CRD487900513,60215489364170,DEBIT,RuPay,6081 XXXX XXXX 2582,ACTIVE,2023-05-23,05/28,false
CRD883097901,60219268072300,DEBIT,Visa,4214 XXXX XXXX 2250,ACTIVE,2025-12-20,12/30,false
CRD002998885,60216273836082,DEBIT,RuPay,6070 XXXX XXXX 7246,ACTIVE,2026-07-25,07/31,false
CRD829715266,60217953368201,DEBIT,Mastercard,5318 XXXX XXXX 5058,ACTIVE,2022-12-16,12/27,false
CRD229305344,60215293185036,DEBIT,RuPay,6522 XXXX XXXX 9601,REISSUED,2021-05-18,05/26,false
CRD565976497,60215293185036,DEBIT,Mastercard,5470 XXXX XXXX 3659,ACTIVE,2025-03-11,03/30,false
CRD445092924,60210618607259,DEBIT,RuPay,6521 XXXX XXXX 1512,REISSUED,2019-07-22,07/24,false
CRD834019917,60210618607259,DEBIT,Mastercard,5318 XXXX XXXX 3184,ACTIVE,2023-03-08,03/28,false
CRD096909113,60218183654839,DEBIT,RuPay,6521 XXXX XXXX 5886,ACTIVE,2024-03-29,03/29,true
CRD078711836,60217021781516,DEBIT,Visa,4390 XXXX XXXX 3203,ACTIVE,2023-08-10,08/28,false
CRD001439303,60211061582620,DEBIT,Mastercard,5241 XXXX XXXX 6043,ACTIVE,2026-03-12,03/31,false
CRD529034809,60214232697598,DEBIT,RuPay,6522 XXXX XXXX 7852,ACTIVE,2024-04-09,04/29,false
CRD614533361,60214232697598,CREDIT,Mastercard,5318 XXXX XXXX 3127,ACTIVE,2024-09-30,09/29,true
CRD069689197,60218700002293,DEBIT,Visa,4591 XXXX XXXX 8062,ACTIVE,2023-05-18,05/28,false
CRD724190063,60218955981824,DEBIT,Visa,4166 XXXX XXXX 0839,ACTIVE,2025-03-22,03/30,false
CRD396764279,60213783842153,DEBIT,Visa,4390 XXXX XXXX 2410,ACTIVE,2024-05-17,05/29,false
CRD208499284,60218643143881,DEBIT,RuPay,6081 XXXX XXXX 4296,ACTIVE,2025-03-11,03/30,false
CRD571782698,60218643143881,CREDIT,RuPay,6070 XXXX XXXX 2064,ACTIVE,2025-12-02,12/30,true
CRD041358812,60214358802434,DEBIT,RuPay,6070 XXXX XXXX 8554,REISSUED,2020-10-09,10/25,false
CRD487675263,60214358802434,DEBIT,RuPay,6522 XXXX XXXX 7611,ACTIVE,2024-05-11,05/29,false
CRD394696495,60211738616818,DEBIT,RuPay,6070 XXXX XXXX 1243,ACTIVE,2025-11-27,11/30,false
CRD075974341,60215063749738,DEBIT,Mastercard,5176 XXXX XXXX 9020,ACTIVE,2023-01-25,01/28,false
CRD549494103,60215326637078,DEBIT,RuPay,6070 XXXX XXXX 3518,REISSUED,2017-07-07,07/22,false
CRD339259306,60215326637078,DEBIT,RuPay,6521 XXXX XXXX 1637,ACTIVE,2023-12-10,12/28,false
CRD964056781,60212057440000,DEBIT,RuPay,6522 XXXX XXXX 7951,ACTIVE,2024-07-04,07/29,false
CRD545735027,60212057440000,CREDIT,Visa,4166 XXXX XXXX 9006,ACTIVE,2025-04-15,04/30,true
CRD608742361,60215391647770,DEBIT,RuPay,6521 XXXX XXXX 2515,ACTIVE,2022-04-26,04/27,false
CRD529583202,60215391647770,CREDIT,Mastercard,5176 XXXX XXXX 0779,ACTIVE,2025-03-05,03/30,true
CRD634589448,60212314486005,DEBIT,RuPay,6522 XXXX XXXX 7864,ACTIVE,2025-03-02,03/30,true
CRD504053017,60213772291545,DEBIT,RuPay,6081 XXXX XXXX 0764,REISSUED,2021-05-26,05/26,false
CRD237768030,60213772291545,DEBIT,RuPay,6521 XXXX XXXX 2108,ACTIVE,2022-03-01,03/27,false
CRD762036794,60217465999822,DEBIT,RuPay,6522 XXXX XXXX 2750,ACTIVE,2022-11-18,11/27,false
CRD709365253,60211342224143,DEBIT,Visa,4591 XXXX XXXX 9564,ACTIVE,2022-04-05,04/27,false
CRD625030332,60216087938487,DEBIT,RuPay,6081 XXXX XXXX 9936,ACTIVE,2026-07-29,07/31,false
CRD007792942,60210038554891,DEBIT,Mastercard,5318 XXXX XXXX 3727,ACTIVE,2022-05-28,05/27,false
CRD074044920,60216726721067,DEBIT,Mastercard,5318 XXXX XXXX 7774,ACTIVE,2026-08-12,08/31,false
CRD374936176,60218879498847,DEBIT,RuPay,6070 XXXX XXXX 4513,ACTIVE,2024-01-25,01/29,false
CRD049228493,60214450738299,DEBIT,RuPay,6522 XXXX XXXX 8561,ACTIVE,2026-07-16,07/31,false
CRD366540148,60214450738299,CREDIT,Mastercard,5241 XXXX XXXX 5891,ACTIVE,2024-11-02,11/29,true
CRD926271353,60213578184958,DEBIT,RuPay,6521 XXXX XXXX 3452,ACTIVE,2026-07-25,07/31,false
CRD926485627,60212473335463,DEBIT,RuPay,6081 XXXX XXXX 3203,ACTIVE,2024-03-29,03/29,false
CRD342068157,60217651109438,DEBIT,RuPay,6070 XXXX XXXX 2665,ACTIVE,2023-07-31,07/28,false
CRD419492971,60211360683615,DEBIT,Visa,4214 XXXX XXXX 4156,ACTIVE,2026-06-22,06/31,true
CRD060368110,60219455169160,DEBIT,RuPay,6070 XXXX XXXX 5266,ACTIVE,2025-07-25,07/30,true
CRD490148307,60217744499567,DEBIT,RuPay,6522 XXXX XXXX 3424,ACTIVE,2026-05-06,05/31,false
CRD435249750,60219706341988,DEBIT,RuPay,6070 XXXX XXXX 3280,ACTIVE,2022-05-06,05/27,false
CRD863054725,60213704871181,DEBIT,RuPay,6522 XXXX XXXX 4052,ACTIVE,2025-06-26,06/30,false
CRD778302127,60219617442641,DEBIT,Visa,4166 XXXX XXXX 6000,REISSUED,2020-12-14,12/25,false
CRD359895266,60219617442641,DEBIT,Mastercard,5241 XXXX XXXX 0688,ACTIVE,2025-02-22,02/30,false
CRD529442257,60217091999987,DEBIT,Visa,4390 XXXX XXXX 2928,ACTIVE,2022-01-18,01/27,false
CRD884389015,60216666077627,DEBIT,RuPay,6081 XXXX XXXX 4217,ACTIVE,2023-11-24,11/28,false
CRD112150590,60211383181980,DEBIT,Mastercard,5176 XXXX XXXX 4739,ACTIVE,2023-05-14,05/28,false
CRD487280998,60211383181980,CREDIT,Visa,4214 XXXX XXXX 4337,ACTIVE,2025-08-06,08/30,true
CRD188066497,60213797537182,DEBIT,RuPay,6081 XXXX XXXX 9947,ACTIVE,2026-05-13,05/31,false
CRD463916697,60214229181432,DEBIT,Mastercard,5470 XXXX XXXX 6785,ACTIVE,2025-10-04,10/30,false
CRD845377196,60211352168651,DEBIT,Visa,4214 XXXX XXXX 6060,ACTIVE,2023-07-16,07/28,false
CRD917379608,60211136609945,DEBIT,RuPay,6081 XXXX XXXX 9265,ACTIVE,2026-01-11,01/31,false
CRD580991740,60212060497761,DEBIT,RuPay,6070 XXXX XXXX 5345,ACTIVE,2023-11-24,11/28,false
CRD795846494,60216242553845,DEBIT,Visa,4214 XXXX XXXX 3558,ACTIVE,2022-02-25,02/27,false
CRD870883424,60211265101144,DEBIT,Mastercard,5241 XXXX XXXX 7813,ACTIVE,2026-07-28,07/31,false
CRD400141982,60213970743109,DEBIT,RuPay,6070 XXXX XXXX 8549,ACTIVE,2022-02-02,02/27,true
CRD860603838,60214673292049,DEBIT,RuPay,6522 XXXX XXXX 9090,ACTIVE,2026-03-19,03/31,false
CRD807019197,60214673292049,CREDIT,Mastercard,5241 XXXX XXXX 9559,ACTIVE,2026-05-21,05/31,true
CRD344126952,60215402458997,DEBIT,RuPay,6081 XXXX XXXX 4234,ACTIVE,2024-06-13,06/29,false
CRD934519262,60217005274822,DEBIT,RuPay,6522 XXXX XXXX 3848,ACTIVE,2026-06-10,06/31,false
CRD795735617,60215101919494,DEBIT,Mastercard,5470 XXXX XXXX 9204,ACTIVE,2025-06-07,06/30,false
CRD482152536,60215101919494,CREDIT,Mastercard,5176 XXXX XXXX 0461,ACTIVE,2024-01-11,01/29,false
CRD180719947,60212751340058,DEBIT,RuPay,6081 XXXX XXXX 4808,ACTIVE,2024-10-10,10/29,false
CRD831094492,60218392951018,DEBIT,RuPay,6521 XXXX XXXX 5696,ACTIVE,2023-09-29,09/28,false
CRD194265310,60215358179317,DEBIT,Mastercard,5176 XXXX XXXX 4519,ACTIVE,2024-06-22,06/29,false
CRD278016475,60219316196271,DEBIT,Mastercard,5318 XXXX XXXX 1448,ACTIVE,2026-07-12,07/31,false
CRD633676610,60211476632316,DEBIT,Mastercard,5241 XXXX XXXX 6923,ACTIVE,2025-10-28,10/30,false
CRD399848041,60216207172020,DEBIT,RuPay,6522 XXXX XXXX 3593,ACTIVE,2026-04-27,04/31,false
CRD353600765,60218722653378,DEBIT,Visa,4591 XXXX XXXX 5167,REISSUED,2019-07-13,07/24,false
CRD028986408,60218722653378,DEBIT,Visa,4591 XXXX XXXX 0383,ACTIVE,2024-12-22,12/29,false
CRD274507421,60218252744684,DEBIT,Mastercard,5176 XXXX XXXX 2632,ACTIVE,2024-02-27,02/29,false
CRD914759180,60219731022363,DEBIT,Mastercard,5318 XXXX XXXX 7263,ACTIVE,2022-05-20,05/27,false
CRD201143386,60216273251614,DEBIT,RuPay,6522 XXXX XXXX 6352,ACTIVE,2025-07-10,07/30,false
CRD633381002,60217452813839,DEBIT,RuPay,6522 XXXX XXXX 2579,ACTIVE,2026-02-02,02/31,true
CRD295074469,60213731528344,DEBIT,RuPay,6521 XXXX XXXX 3898,ACTIVE,2024-12-06,12/29,false
CRD532643767,60213579370508,DEBIT,RuPay,6070 XXXX XXXX 2067,ACTIVE,2025-11-24,11/30,false
CRD954701681,60210337869810,DEBIT,Mastercard,5318 XXXX XXXX 7138,ACTIVE,2024-06-23,06/29,false
CRD635999119,60218922428357,DEBIT,RuPay,6070 XXXX XXXX 9560,ACTIVE,2024-12-19,12/29,false
CRD243166815,60218024224086,DEBIT,Mastercard,5241 XXXX XXXX 6706,ACTIVE,2023-03-29,03/28,false
CRD831574245,60210180309179,DEBIT,RuPay,6070 XXXX XXXX 0787,REISSUED,2020-05-07,05/25,false
CRD879485906,60210180309179,DEBIT,RuPay,6070 XXXX XXXX 4612,ACTIVE,2022-03-17,03/27,false
CRD093648040,60215814306744,DEBIT,Visa,4166 XXXX XXXX 0208,ACTIVE,2025-05-19,05/30,false
CRD226006717,60210423039459,DEBIT,RuPay,6522 XXXX XXXX 3265,ACTIVE,2023-08-19,08/28,false
CRD442509757,60214604327924,DEBIT,Mastercard,5176 XXXX XXXX 7498,ACTIVE,2024-12-10,12/29,false
CRD022059894,60214604327924,CREDIT,Mastercard,5318 XXXX XXXX 3792,ACTIVE,2026-05-03,05/31,true
CRD286385490,60210347498217,DEBIT,RuPay,6070 XXXX XXXX 2875,ACTIVE,2024-02-02,02/29,true
CRD663365474,60210347498217,CREDIT,Visa,4390 XXXX XXXX 7045,ACTIVE,2025-08-03,08/30,false
CRD328317062,60210756062293,DEBIT,Mastercard,5470 XXXX XXXX 0083,ACTIVE,2023-06-11,06/28,false
CRD887889237,60215983994181,DEBIT,RuPay,6070 XXXX XXXX 0182,EXPIRED,2019-06-29,06/24,false
CRD343776292,60215983994181,DEBIT,RuPay,6070 XXXX XXXX 2036,ACTIVE,2026-05-25,05/31,false
CRD069481761,60214239718434,DEBIT,Mastercard,5318 XXXX XXXX 3495,REISSUED,2016-07-11,07/21,false
CRD604883589,60214239718434,DEBIT,RuPay,6070 XXXX XXXX 3225,ACTIVE,2026-03-16,03/31,true
CRD523749061,60211836938629,DEBIT,Mastercard,5470 XXXX XXXX 0240,REISSUED,2016-10-11,10/21,false
CRD335799902,60211836938629,DEBIT,RuPay,6521 XXXX XXXX 9520,ACTIVE,2025-02-02,02/30,false
CRD965449793,60213478283175,DEBIT,RuPay,6521 XXXX XXXX 8883,ACTIVE,2024-08-19,08/29,false
CRD264807511,60212063713353,DEBIT,RuPay,6522 XXXX XXXX 0849,EXPIRED,2018-03-31,03/23,false
CRD377905820,60212063713353,DEBIT,RuPay,6521 XXXX XXXX 0310,ACTIVE,2025-03-28,03/30,false
CRD892463407,60212335957401,DEBIT,Visa,4591 XXXX XXXX 3946,ACTIVE,2026-06-02,06/31,false
CRD001887603,60219507292064,DEBIT,Mastercard,5176 XXXX XXXX 0611,ACTIVE,2023-10-23,10/28,false
CRD997000345,60214133735850,DEBIT,RuPay,6081 XXXX XXXX 1876,ACTIVE,2024-07-05,07/29,true
CRD322808651,60219575967838,DEBIT,RuPay,6521 XXXX XXXX 3909,ACTIVE,2024-03-26,03/29,false
CRD555273551,60213670606844,DEBIT,RuPay,6521 XXXX XXXX 3400,ACTIVE,2026-03-02,03/31,false
CRD564811332,60214075435190,DEBIT,RuPay,6070 XXXX XXXX 0840,ACTIVE,2024-02-26,02/29,false
CRD447429656,60212758271132,DEBIT,RuPay,6521 XXXX XXXX 9829,ACTIVE,2022-01-02,01/27,false
CRD016795346,60210208794037,DEBIT,Visa,4591 XXXX XXXX 4561,ACTIVE,2025-10-29,10/30,false
CRD357365192,60217972833503,DEBIT,RuPay,6081 XXXX XXXX 6570,ACTIVE,2026-07-11,07/31,false
CRD397829206,60219341088472,DEBIT,RuPay,6522 XXXX XXXX 3702,ACTIVE,2026-05-09,05/31,false
CRD069489659,60218097517346,DEBIT,Visa,4390 XXXX XXXX 5380,REISSUED,2019-04-11,04/24,false
CRD007872295,60218097517346,DEBIT,Mastercard,5318 XXXX XXXX 1412,ACTIVE,2024-11-15,11/29,false
CRD357124422,60212501893519,DEBIT,Mastercard,5318 XXXX XXXX 2802,ACTIVE,2022-11-13,11/27,false
CRD889023321,60211890763458,DEBIT,Mastercard,5470 XXXX XXXX 4547,EXPIRED,2020-08-26,08/25,false
CRD404246458,60211890763458,DEBIT,RuPay,6070 XXXX XXXX 5928,ACTIVE,2025-10-24,10/30,false
CRD334933596,60219512696019,DEBIT,Visa,4214 XXXX XXXX 2236,ACTIVE,2024-10-19,10/29,true
CRD624085618,60210573545476,DEBIT,RuPay,6522 XXXX XXXX 8425,HOTLISTED,2025-09-16,09/30,false
CRD529760263,60215117570729,DEBIT,Mastercard,5241 XXXX XXXX 0254,REISSUED,2021-08-23,08/26,false
CRD007345817,60215117570729,DEBIT,Mastercard,5470 XXXX XXXX 0961,ACTIVE,2025-01-09,01/30,false
CRD768570387,60214116675024,DEBIT,Mastercard,5470 XXXX XXXX 7405,ACTIVE,2024-01-06,01/29,false
CRD768658629,60212181539869,DEBIT,RuPay,6081 XXXX XXXX 8855,ACTIVE,2025-02-28,02/30,false
CRD548720555,60214494960459,DEBIT,RuPay,6522 XXXX XXXX 9721,EXPIRED,2021-07-05,07/26,false
CRD452330187,60214494960459,DEBIT,Mastercard,5176 XXXX XXXX 4690,ACTIVE,2022-09-08,09/27,false
CRD535919113,60214494960459,CREDIT,RuPay,6522 XXXX XXXX 3465,ACTIVE,2024-04-12,04/29,false
CRD640077859,60219442106324,DEBIT,Mastercard,5318 XXXX XXXX 3882,EXPIRED,2020-02-12,02/25,false
CRD460295990,60219442106324,DEBIT,Visa,4591 XXXX XXXX 2775,ACTIVE,2025-07-20,07/30,false
CRD120214063,60219442106324,CREDIT,Visa,4166 XXXX XXXX 6632,ACTIVE,2025-10-20,10/30,true
CRD747008760,60213743716655,DEBIT,Visa,4591 XXXX XXXX 2607,ACTIVE,2026-02-17,02/31,false
CRD693207342,60214036674869,DEBIT,RuPay,6521 XXXX XXXX 6351,EXPIRED,2018-11-22,11/23,false
CRD248302326,60214036674869,DEBIT,Visa,4166 XXXX XXXX 8083,ACTIVE,2024-05-26,05/29,false
CRD612839492,60214036674869,CREDIT,Mastercard,5176 XXXX XXXX 1794,ACTIVE,2026-04-27,04/31,true
CRD087849624,60218254212606,DEBIT,RuPay,6521 XXXX XXXX 6302,ACTIVE,2025-05-01,05/30,false
CRD534697344,60215230855215,DEBIT,Visa,4166 XXXX XXXX 8294,ACTIVE,2024-06-21,06/29,false
CRD483647589,60215230855215,CREDIT,Visa,4591 XXXX XXXX 3453,ACTIVE,2025-02-02,02/30,true
CRD663945158,60211025167652,DEBIT,RuPay,6070 XXXX XXXX 0326,ACTIVE,2023-01-09,01/28,false
CRD059176754,60216050398794,DEBIT,RuPay,6081 XXXX XXXX 5980,ACTIVE,2025-02-04,02/30,false
CRD115196880,60216154737571,DEBIT,RuPay,6070 XXXX XXXX 0971,ACTIVE,2025-02-20,02/30,false
CRD371700638,60218759115933,DEBIT,Visa,4166 XXXX XXXX 7095,ACTIVE,2024-08-31,08/29,false
CRD816878559,60218759115933,CREDIT,Visa,4214 XXXX XXXX 4067,ACTIVE,2025-03-02,03/30,true
CRD132955942,60213834213073,DEBIT,Mastercard,5318 XXXX XXXX 2008,ACTIVE,2024-06-27,06/29,false
CRD626990741,60213834213073,CREDIT,RuPay,6522 XXXX XXXX 5950,ACTIVE,2025-01-11,01/30,true
CRD386711354,60210970859525,DEBIT,Visa,4591 XXXX XXXX 9151,EXPIRED,2021-08-24,08/26,false
CRD442359974,60210970859525,DEBIT,Visa,4214 XXXX XXXX 2166,ACTIVE,2024-09-12,09/29,false
CRD988301458,60215006237689,DEBIT,RuPay,6070 XXXX XXXX 9331,ACTIVE,2025-08-04,08/30,true
CRD364623354,60212178345504,DEBIT,RuPay,6081 XXXX XXXX 9076,HOTLISTED,2024-03-01,03/29,false
CRD614919314,60219371440486,DEBIT,Visa,4166 XXXX XXXX 0963,ACTIVE,2025-12-17,12/30,false
CRD869325109,60217375703104,DEBIT,RuPay,6521 XXXX XXXX 0791,ACTIVE,2025-01-14,01/30,false
CRD337878822,60213640634791,DEBIT,RuPay,6081 XXXX XXXX 8559,ACTIVE,2026-05-14,05/31,false
CRD789081252,60217630586809,DEBIT,Visa,4166 XXXX XXXX 3975,ACTIVE,2024-06-04,06/29,false
CRD479992838,60219426915755,DEBIT,Mastercard,5176 XXXX XXXX 9435,EXPIRED,2021-01-01,01/26,false
CRD878467630,60219426915755,DEBIT,RuPay,6070 XXXX XXXX 2571,ACTIVE,2024-10-17,10/29,false
CRD315947859,60219426915755,CREDIT,Visa,4214 XXXX XXXX 6277,ACTIVE,2025-12-19,12/30,true
CRD314193042,60214311157834,DEBIT,RuPay,6521 XXXX XXXX 1439,ACTIVE,2025-03-09,03/30,true
CRD646386596,60213110903686,DEBIT,RuPay,6522 XXXX XXXX 4500,ACTIVE,2025-12-29,12/30,true
CRD637977057,60216935992699,DEBIT,RuPay,6521 XXXX XXXX 8599,ACTIVE,2024-01-20,01/29,false
CRD185397597,60216935992699,CREDIT,Visa,4166 XXXX XXXX 3946,ACTIVE,2024-10-03,10/29,false
CRD305075525,60212485435803,DEBIT,RuPay,6081 XXXX XXXX 0273,ACTIVE,2025-05-29,05/30,false
CRD043660035,60212971861399,DEBIT,RuPay,6521 XXXX XXXX 0786,REISSUED,2015-10-20,10/20,false
CRD478987835,60212971861399,DEBIT,RuPay,6522 XXXX XXXX 5932,ACTIVE,2025-04-24,04/30,false
CRD868800180,60211941537953,DEBIT,RuPay,6521 XXXX XXXX 5401,ACTIVE,2025-08-16,08/30,true
CRD903926570,60217219811936,DEBIT,Visa,4166 XXXX XXXX 6949,ACTIVE,2024-11-04,11/29,false
CRD354898746,60217219811936,CREDIT,Mastercard,5176 XXXX XXXX 0635,ACTIVE,2023-09-18,09/28,false
CRD937778833,60212576153061,DEBIT,Visa,4591 XXXX XXXX 2411,ACTIVE,2023-10-26,10/28,false
CRD046264025,60212812803387,DEBIT,Visa,4166 XXXX XXXX 0035,ACTIVE,2025-11-10,11/30,false
CRD595911075,60218857775909,DEBIT,Mastercard,5241 XXXX XXXX 7955,ACTIVE,2024-08-21,08/29,false
CRD448286093,60219732710894,DEBIT,Visa,4591 XXXX XXXX 4654,ACTIVE,2026-04-07,04/31,false
CRD683680699,60210297039883,DEBIT,Visa,4166 XXXX XXXX 2600,ACTIVE,2024-03-27,03/29,false
CRD063163633,60214007750008,DEBIT,RuPay,6070 XXXX XXXX 6540,ACTIVE,2026-03-21,03/31,false
CRD239698539,60212721325663,DEBIT,RuPay,6081 XXXX XXXX 6927,EXPIRED,2021-05-09,05/26,false
CRD867262924,60212721325663,DEBIT,Mastercard,5176 XXXX XXXX 9906,ACTIVE,2024-04-24,04/29,false
CRD123843659,60218323402203,DEBIT,Visa,4214 XXXX XXXX 1213,ACTIVE,2024-12-18,12/29,false
CRD785984899,60215708530397,DEBIT,Visa,4214 XXXX XXXX 6127,ACTIVE,2025-08-27,08/30,false
CRD376761329,60216708680532,DEBIT,RuPay,6521 XXXX XXXX 5494,ACTIVE,2023-11-13,11/28,false
CRD209556691,60215796557939,DEBIT,RuPay,6081 XXXX XXXX 9574,ACTIVE,2024-01-10,01/29,false
CRD199676590,60210607477422,DEBIT,Mastercard,5241 XXXX XXXX 8112,ACTIVE,2026-06-26,06/31,false
CRD180703351,60211303292255,DEBIT,Visa,4390 XXXX XXXX 4822,ACTIVE,2022-10-03,10/27,false
CRD162192175,60219446502478,DEBIT,RuPay,6522 XXXX XXXX 8173,REISSUED,2019-06-03,06/24,false
CRD166461404,60219446502478,DEBIT,RuPay,6521 XXXX XXXX 7766,ACTIVE,2023-06-14,06/28,true
CRD847911306,60218525123495,DEBIT,Visa,4390 XXXX XXXX 5157,ACTIVE,2026-04-07,04/31,true
CRD418417317,60215174732908,DEBIT,Visa,4390 XXXX XXXX 1391,ACTIVE,2024-03-22,03/29,false
CRD649534413,60213646277124,DEBIT,RuPay,6070 XXXX XXXX 4186,ACTIVE,2025-09-21,09/30,false
CRD937670925,60211467028738,DEBIT,RuPay,6522 XXXX XXXX 8537,REISSUED,2017-12-15,12/22,false
CRD359933032,60211467028738,DEBIT,RuPay,6070 XXXX XXXX 0832,ACTIVE,2023-04-19,04/28,false
CRD921804022,60211841894840,DEBIT,Mastercard,5176 XXXX XXXX 6392,ACTIVE,2024-10-16,10/29,false
CRD797132326,60215302556744,DEBIT,RuPay,6522 XXXX XXXX 7215,ACTIVE,2026-07-21,07/31,false
CRD131225750,60214969260812,DEBIT,Mastercard,5241 XXXX XXXX 7349,ACTIVE,2023-11-17,11/28,false
CRD250653869,60218128886165,DEBIT,RuPay,6521 XXXX XXXX 6038,ACTIVE,2023-11-26,11/28,false
CRD872837630,60218128886165,CREDIT,Mastercard,5470 XXXX XXXX 9266,ACTIVE,2026-02-18,02/31,true
CRD671419162,60217473900852,DEBIT,RuPay,6081 XXXX XXXX 9777,ACTIVE,2022-02-11,02/27,false
CRD103543396,60215361413912,DEBIT,Visa,4390 XXXX XXXX 5677,ACTIVE,2026-01-30,01/31,false
CRD588888295,60211678697404,DEBIT,RuPay,6522 XXXX XXXX 2387,ACTIVE,2025-10-09,10/30,false
CRD336262027,60212902159928,DEBIT,RuPay,6070 XXXX XXXX 6688,ACTIVE,2022-08-12,08/27,false
CRD021032886,60211140731639,DEBIT,RuPay,6070 XXXX XXXX 6229,ACTIVE,2024-05-16,05/29,true
CRD691992847,60212326041534,DEBIT,Mastercard,5241 XXXX XXXX 0764,ACTIVE,2026-02-01,02/31,false
CRD329500441,60211417511975,DEBIT,RuPay,6081 XXXX XXXX 5076,ACTIVE,2023-08-16,08/28,false
CRD230457828,60211417511975,CREDIT,Visa,4214 XXXX XXXX 8314,ACTIVE,2025-04-19,04/30,false
CRD640302534,60217415910706,DEBIT,RuPay,6070 XXXX XXXX 6147,REISSUED,2013-10-26,10/18,false
CRD795997210,60217415910706,DEBIT,Visa,4591 XXXX XXXX 3070,ACTIVE,2024-09-15,09/29,false
CRD088345901,60219743989982,DEBIT,RuPay,6070 XXXX XXXX 4259,ACTIVE,2023-07-17,07/28,false
CRD575343686,60219710571446,DEBIT,Visa,4214 XXXX XXXX 9226,ACTIVE,2023-04-01,04/28,false
CRD940583773,60213819452152,DEBIT,RuPay,6522 XXXX XXXX 4092,ACTIVE,2024-01-16,01/29,false
CRD823397841,60210027418447,DEBIT,RuPay,6081 XXXX XXXX 9941,ACTIVE,2024-08-30,08/29,false
CRD588977723,60214048544696,DEBIT,RuPay,6070 XXXX XXXX 5754,ACTIVE,2025-10-31,10/30,false
CRD225398964,60217041307422,DEBIT,Visa,4166 XXXX XXXX 0736,EXPIRED,2019-01-30,01/24,false
CRD774805577,60217041307422,DEBIT,Mastercard,5241 XXXX XXXX 9289,ACTIVE,2024-09-19,09/29,false
CRD929992142,60211406526202,DEBIT,Mastercard,5470 XXXX XXXX 3237,ACTIVE,2023-02-28,02/28,false
CRD964670583,60217702717396,DEBIT,Visa,4214 XXXX XXXX 9468,REISSUED,2021-08-17,08/26,false
CRD931982267,60217702717396,DEBIT,RuPay,6522 XXXX XXXX 1994,ACTIVE,2024-04-29,04/29,false
CRD918036565,60211863164758,DEBIT,Mastercard,5176 XXXX XXXX 2725,REISSUED,2017-10-25,10/22,false
CRD661610904,60211863164758,DEBIT,RuPay,6521 XXXX XXXX 1995,ACTIVE,2022-02-12,02/27,false
CRD076807440,60210312314294,DEBIT,RuPay,6521 XXXX XXXX 2733,EXPIRED,2021-08-23,08/26,false
CRD199043036,60210312314294,DEBIT,RuPay,6522 XXXX XXXX 6829,ACTIVE,2026-02-08,02/31,false
CRD029923340,60210312314294,CREDIT,Mastercard,5470 XXXX XXXX 0159,ACTIVE,2024-02-07,02/29,false
CRD726241836,60213817827641,DEBIT,RuPay,6521 XXXX XXXX 5027,ACTIVE,2023-03-06,03/28,false
CRD158009124,60218635558939,DEBIT,Mastercard,5176 XXXX XXXX 8732,ACTIVE,2025-07-28,07/30,false
CRD862285708,60210290091642,DEBIT,Mastercard,5241 XXXX XXXX 4916,ACTIVE,2025-07-01,07/30,false
CRD962692672,60210290091642,CREDIT,RuPay,6070 XXXX XXXX 6346,ACTIVE,2025-01-12,01/30,false
CRD865342696,60217761608033,DEBIT,RuPay,6081 XXXX XXXX 0735,ACTIVE,2025-12-25,12/30,false
CRD664169389,60217761608033,CREDIT,RuPay,6522 XXXX XXXX 7586,ACTIVE,2024-08-06,08/29,true
CRD722275700,60217216474956,DEBIT,Visa,4390 XXXX XXXX 1731,ACTIVE,2024-04-09,04/29,false
CRD994770784,60219650739835,DEBIT,Visa,4591 XXXX XXXX 9331,ACTIVE,2025-01-19,01/30,false
CRD264453041,60219206632439,DEBIT,RuPay,6522 XXXX XXXX 0117,ACTIVE,2026-07-03,07/31,false
CRD333286406,60212827305379,DEBIT,RuPay,6070 XXXX XXXX 0157,ACTIVE,2024-06-29,06/29,false
CRD975586366,60219206632439,CREDIT,Visa,4214 XXXX XXXX 5529,ACTIVE,2022-06-23,06/27,false
CRD924361572,60214643012451,DEBIT,Visa,4591 XXXX XXXX 6660,ACTIVE,2022-11-01,11/27,true
CRD836449331,60213992361529,DEBIT,RuPay,6081 XXXX XXXX 3036,ACTIVE,2026-03-06,03/31,false
CRD624111268,60217754421726,DEBIT,Visa,4390 XXXX XXXX 9345,ACTIVE,2023-02-13,02/28,false
CRD570139806,60218846277500,DEBIT,RuPay,6081 XXXX XXXX 9261,ACTIVE,2023-05-26,05/28,true
CRD351478341,60219187394466,DEBIT,Visa,4591 XXXX XXXX 9373,ACTIVE,2025-12-22,12/30,false
CRD086684717,60213038085680,DEBIT,RuPay,6081 XXXX XXXX 0106,ACTIVE,2024-07-18,07/29,false
CRD176213579,60217028139038,DEBIT,RuPay,6522 XXXX XXXX 7042,ACTIVE,2026-08-10,08/31,false
CRD795929394,60217028139038,CREDIT,RuPay,6522 XXXX XXXX 8429,ACTIVE,2026-01-31,01/31,true
CRD467027636,60210220454174,DEBIT,RuPay,6081 XXXX XXXX 0258,ACTIVE,2026-06-04,06/31,false
CRD800271971,60211299302081,DEBIT,Visa,4591 XXXX XXXX 3913,ACTIVE,2023-09-05,09/28,true
CRD133400926,60211311010979,DEBIT,RuPay,6070 XXXX XXXX 6140,ACTIVE,2024-10-07,10/29,false
CRD357030730,60218317670321,DEBIT,Visa,4591 XXXX XXXX 2750,ACTIVE,2023-12-10,12/28,false
CRD434710298,60218932056735,DEBIT,RuPay,6081 XXXX XXXX 1612,ACTIVE,2026-07-19,07/31,false
CRD702537368,60216606598427,DEBIT,Visa,4591 XXXX XXXX 6473,ACTIVE,2022-02-02,02/27,false
CRD171191036,60217010768055,DEBIT,RuPay,6081 XXXX XXXX 7730,ACTIVE,2022-03-27,03/27,false
CRD308651064,60213828288092,DEBIT,RuPay,6081 XXXX XXXX 9546,ACTIVE,2026-01-26,01/31,false
CRD476423956,60210074323186,DEBIT,Mastercard,5318 XXXX XXXX 6493,REISSUED,2021-08-21,08/26,false
CRD976540234,60210074323186,DEBIT,RuPay,6522 XXXX XXXX 0296,ACTIVE,2025-09-01,09/30,false
CRD115320298,60211695589481,DEBIT,Mastercard,5470 XXXX XXXX 6913,ACTIVE,2025-04-06,04/30,false
CRD550576102,60213314134889,DEBIT,RuPay,6522 XXXX XXXX 8990,ACTIVE,2024-01-11,01/29,false
CRD327050925,60213314134889,CREDIT,Mastercard,5318 XXXX XXXX 4406,ACTIVE,2026-03-27,03/31,false
CRD225175425,60219753410471,DEBIT,Visa,4591 XXXX XXXX 9478,ACTIVE,2026-02-07,02/31,false
CRD927561648,60216127026516,DEBIT,RuPay,6081 XXXX XXXX 1066,REISSUED,2013-01-20,01/18,false
CRD982562608,60216127026516,DEBIT,Visa,4591 XXXX XXXX 4218,ACTIVE,2023-03-27,03/28,false
CRD948025965,60217877191328,DEBIT,RuPay,6522 XXXX XXXX 0730,ACTIVE,2026-03-07,03/31,false
CRD706248524,60211148351957,DEBIT,RuPay,6522 XXXX XXXX 3214,ACTIVE,2026-06-23,06/31,false
CRD359023407,60211148351957,CREDIT,Visa,4166 XXXX XXXX 7496,ACTIVE,2026-07-10,07/31,true
CRD109198063,60211085692279,DEBIT,Mastercard,5176 XXXX XXXX 6431,ACTIVE,2023-01-03,01/28,false
CRD360101005,60212216861736,DEBIT,Visa,4214 XXXX XXXX 7432,ACTIVE,2026-08-11,08/31,true
CRD813119301,60212190681067,DEBIT,RuPay,6522 XXXX XXXX 6814,ACTIVE,2024-11-02,11/29,false
CRD908211339,60216928479535,DEBIT,RuPay,6522 XXXX XXXX 9585,ACTIVE,2025-08-25,08/30,false
CRD437535920,60216928479535,CREDIT,Mastercard,5241 XXXX XXXX 4757,ACTIVE,2022-07-17,07/27,true
CRD979974031,60215997493281,DEBIT,RuPay,6521 XXXX XXXX 1413,ACTIVE,2025-10-25,10/30,false
CRD357083918,60212594237592,DEBIT,Mastercard,5470 XXXX XXXX 2402,ACTIVE,2026-04-25,04/31,false
CRD235084171,60214389061665,DEBIT,RuPay,6522 XXXX XXXX 2253,HOTLISTED,2025-01-30,01/30,false
CRD560248208,60212649886834,DEBIT,Mastercard,5470 XXXX XXXX 0676,ACTIVE,2023-06-12,06/28,false
CRD807112596,60219578383956,DEBIT,Visa,4591 XXXX XXXX 7673,ACTIVE,2022-12-01,12/27,false
CRD305167829,60217395022337,DEBIT,RuPay,6521 XXXX XXXX 9738,ACTIVE,2025-11-13,11/30,false
CRD276545422,60219980056405,DEBIT,RuPay,6081 XXXX XXXX 0410,ACTIVE,2022-02-25,02/27,false
CRD235918840,60219364869908,DEBIT,RuPay,6521 XXXX XXXX 9882,EXPIRED,2019-10-20,10/24,false
CRD148716633,60219364869908,DEBIT,RuPay,6521 XXXX XXXX 7909,ACTIVE,2025-11-25,11/30,false
CRD528734537,60214804861567,DEBIT,Mastercard,5241 XXXX XXXX 7313,ACTIVE,2025-06-09,06/30,false
CRD845766849,60214804861567,CREDIT,Visa,4390 XXXX XXXX 9197,ACTIVE,2025-11-07,11/30,false
CRD158201927,60211886660750,DEBIT,RuPay,6070 XXXX XXXX 6249,ACTIVE,2025-02-05,02/30,false
CRD849376990,60210609739491,DEBIT,RuPay,6081 XXXX XXXX 0166,ACTIVE,2025-08-19,08/30,false
CRD713178805,60219857281918,DEBIT,Visa,4390 XXXX XXXX 7158,EXPIRED,2019-08-16,08/24,false
CRD153690605,60219857281918,DEBIT,RuPay,6081 XXXX XXXX 8608,ACTIVE,2026-05-17,05/31,false
CRD661108542,60210456737153,DEBIT,RuPay,6522 XXXX XXXX 1177,EXPIRED,2020-03-09,03/25,false
CRD076507533,60210456737153,DEBIT,RuPay,6522 XXXX XXXX 7928,ACTIVE,2022-02-24,02/27,false
CRD930875243,60216785702529,DEBIT,Visa,4390 XXXX XXXX 7364,ACTIVE,2023-11-17,11/28,false
CRD357932473,60210108301333,DEBIT,RuPay,6070 XXXX XXXX 9743,ACTIVE,2025-11-13,11/30,false
CRD253278741,60210663906377,DEBIT,Mastercard,5241 XXXX XXXX 3692,EXPIRED,2021-07-06,07/26,false
CRD890228390,60210663906377,DEBIT,Visa,4166 XXXX XXXX 2564,ACTIVE,2022-09-10,09/27,false
CRD637356527,60210663906377,CREDIT,Mastercard,5241 XXXX XXXX 0848,ACTIVE,2024-06-14,06/29,false
CRD626272134,60213080528630,DEBIT,RuPay,6081 XXXX XXXX 5432,ACTIVE,2022-05-01,05/27,true
CRD282979371,60213080528630,CREDIT,Mastercard,5318 XXXX XXXX 4383,ACTIVE,2025-12-18,12/30,true
CRD946315610,60212046573942,DEBIT,RuPay,6081 XXXX XXXX 3000,REISSUED,2019-06-03,06/24,false
CRD360660009,60212046573942,DEBIT,Visa,4591 XXXX XXXX 8666,ACTIVE,2022-01-18,01/27,false
CRD508178748,60210199613750,DEBIT,Mastercard,5470 XXXX XXXX 8242,ACTIVE,2025-10-14,10/30,false
CRD399432875,60217554448373,DEBIT,RuPay,6521 XXXX XXXX 0649,ACTIVE,2026-01-08,01/31,false
CRD134611295,60214540149050,DEBIT,RuPay,6522 XXXX XXXX 9787,ACTIVE,2025-02-16,02/30,false
CRD958892114,60214291791708,DEBIT,Visa,4214 XXXX XXXX 4202,ACTIVE,2026-06-13,06/31,false
CRD258375001,60210115538457,DEBIT,Mastercard,5176 XXXX XXXX 4838,ACTIVE,2026-03-13,03/31,false
CRD064037253,60210889258649,DEBIT,RuPay,6081 XXXX XXXX 1076,ACTIVE,2024-07-05,07/29,true
CRD915030379,60216134665193,DEBIT,RuPay,6081 XXXX XXXX 5854,ACTIVE,2025-09-14,09/30,false
CRD402102422,60210362876594,DEBIT,RuPay,6081 XXXX XXXX 1643,ACTIVE,2026-04-09,04/31,true
CRD008007831,60214807470905,DEBIT,Visa,4166 XXXX XXXX 5215,ACTIVE,2026-07-18,07/31,false
CRD783155345,60212090012086,DEBIT,RuPay,6081 XXXX XXXX 0668,ACTIVE,2024-06-08,06/29,false
CRD922448410,60216078814331,DEBIT,RuPay,6522 XXXX XXXX 4800,ACTIVE,2025-07-15,07/30,false
CRD105768995,60211274165330,DEBIT,Mastercard,5318 XXXX XXXX 8582,EXPIRED,2018-04-05,04/23,false
CRD284245060,60211274165330,DEBIT,Visa,4214 XXXX XXXX 5605,ACTIVE,2023-08-29,08/28,true
CRD086993647,60212321878030,DEBIT,RuPay,6522 XXXX XXXX 6145,ACTIVE,2023-06-30,06/28,false
CRD003355812,60214235244410,DEBIT,Visa,4390 XXXX XXXX 4068,ACTIVE,2023-07-10,07/28,false
CRD725139595,60211201036616,DEBIT,RuPay,6070 XXXX XXXX 3854,ACTIVE,2025-08-10,08/30,false
CRD362087886,60210583230171,DEBIT,RuPay,6070 XXXX XXXX 4130,ACTIVE,2023-07-17,07/28,false
CRD375398455,60213725519116,DEBIT,Visa,4591 XXXX XXXX 9387,ACTIVE,2023-11-25,11/28,false
CRD650226342,60213777698584,DEBIT,Visa,4390 XXXX XXXX 7852,ACTIVE,2023-12-25,12/28,false
CRD693472296,60219994124236,DEBIT,RuPay,6081 XXXX XXXX 0733,ACTIVE,2023-07-06,07/28,false
CRD003047776,60210039009514,DEBIT,Visa,4166 XXXX XXXX 7396,REISSUED,2020-07-05,07/25,false
CRD739677401,60210039009514,DEBIT,RuPay,6081 XXXX XXXX 1606,ACTIVE,2026-05-18,05/31,false
CRD809465306,60217990100487,DEBIT,Visa,4390 XXXX XXXX 4376,EXPIRED,2018-09-19,09/23,false
CRD866002444,60217990100487,DEBIT,Mastercard,5241 XXXX XXXX 9643,ACTIVE,2023-09-24,09/28,false
CRD970774459,60216164355720,DEBIT,Mastercard,5318 XXXX XXXX 7208,ACTIVE,2022-04-30,04/27,false
CRD869393006,60214785222951,DEBIT,RuPay,6521 XXXX XXXX 3641,ACTIVE,2025-02-21,02/30,true
CRD882401481,60218723250925,DEBIT,RuPay,6522 XXXX XXXX 6456,ACTIVE,2024-03-18,03/29,false
CRD675704859,60212408212071,DEBIT,RuPay,6070 XXXX XXXX 1773,ACTIVE,2024-04-14,04/29,false
CRD353056138,60211726783442,DEBIT,RuPay,6522 XXXX XXXX 7238,EXPIRED,2020-02-21,02/25,false
CRD952692119,60211726783442,DEBIT,Visa,4591 XXXX XXXX 3057,ACTIVE,2025-02-25,02/30,false
CRD859430608,60216944607819,DEBIT,Visa,4390 XXXX XXXX 9807,ACTIVE,2024-12-15,12/29,false
CRD007675534,60213499272177,DEBIT,Mastercard,5318 XXXX XXXX 9554,ACTIVE,2022-12-06,12/27,false
CRD068170786,60211863747015,DEBIT,RuPay,6081 XXXX XXXX 3063,REISSUED,2020-11-08,11/25,false
CRD537715060,60211863747015,DEBIT,Mastercard,5470 XXXX XXXX 2911,ACTIVE,2023-09-04,09/28,true
CRD739775396,60219436384182,DEBIT,RuPay,6521 XXXX XXXX 1168,ACTIVE,2025-06-14,06/30,false
CRD903522603,60215461103373,DEBIT,RuPay,6070 XXXX XXXX 8879,ACTIVE,2024-09-22,09/29,false
CRD730118271,60210873629649,DEBIT,Mastercard,5176 XXXX XXXX 1426,ACTIVE,2023-05-28,05/28,false
CRD185571661,60218301136687,DEBIT,RuPay,6522 XXXX XXXX 9889,ACTIVE,2026-05-05,05/31,false
CRD768245022,60218301136687,CREDIT,Mastercard,5241 XXXX XXXX 9817,ACTIVE,2024-12-18,12/29,true
CRD913856096,60215955936796,DEBIT,RuPay,6521 XXXX XXXX 2363,ACTIVE,2022-08-22,08/27,false
CRD971080849,60211492270916,DEBIT,Mastercard,5318 XXXX XXXX 5503,ACTIVE,2024-03-09,03/29,false
CRD518849528,60213300054670,DEBIT,RuPay,6070 XXXX XXXX 3937,ACTIVE,2025-03-22,03/30,false
CRD148667599,60213261924420,DEBIT,RuPay,6522 XXXX XXXX 0301,ACTIVE,2025-08-16,08/30,false
CRD904832793,60213261924420,CREDIT,Visa,4166 XXXX XXXX 5692,ACTIVE,2025-12-11,12/30,true
CRD251582289,60210799659428,DEBIT,RuPay,6081 XXXX XXXX 3942,ACTIVE,2026-02-20,02/31,false
CRD287098848,60216907219794,DEBIT,Visa,4390 XXXX XXXX 5893,ACTIVE,2026-08-01,08/31,false
CRD314460656,60213170666218,DEBIT,Mastercard,5470 XXXX XXXX 3436,ACTIVE,2022-03-22,03/27,false
CRD898278534,60215977432182,DEBIT,Mastercard,5318 XXXX XXXX 4031,REISSUED,2017-02-14,02/22,false
CRD032557206,60215977432182,DEBIT,Mastercard,5241 XXXX XXXX 7425,ACTIVE,2024-11-04,11/29,false
CRD040954141,60214810031432,DEBIT,RuPay,6521 XXXX XXXX 5018,ACTIVE,2026-05-20,05/31,false
CRD903760059,60214810031432,CREDIT,Mastercard,5176 XXXX XXXX 5829,ACTIVE,2022-04-25,04/27,false
CRD966353366,60212133751434,DEBIT,RuPay,6070 XXXX XXXX 8798,ACTIVE,2022-07-01,07/27,false
CRD016184751,60213667065794,DEBIT,Mastercard,5318 XXXX XXXX 8136,ACTIVE,2025-08-06,08/30,false
CRD612304487,60210857921289,DEBIT,RuPay,6070 XXXX XXXX 6701,ACTIVE,2025-10-17,10/30,false
CRD102654565,60217603645663,DEBIT,RuPay,6521 XXXX XXXX 9911,ACTIVE,2025-06-08,06/30,false
CRD029295287,60216911483045,DEBIT,RuPay,6522 XXXX XXXX 7085,EXPIRED,2021-02-17,02/26,false
CRD602748530,60216911483045,DEBIT,Visa,4166 XXXX XXXX 8761,ACTIVE,2024-10-10,10/29,false
CRD965371796,60213226980811,DEBIT,RuPay,6522 XXXX XXXX 2060,ACTIVE,2026-01-03,01/31,true
CRD745452369,60210019952064,DEBIT,RuPay,6522 XXXX XXXX 1065,ACTIVE,2024-05-01,05/29,false
CRD107929665,60210019952064,CREDIT,Visa,4591 XXXX XXXX 6820,ACTIVE,2026-01-29,01/31,true
CRD492123481,60214803533376,DEBIT,Mastercard,5176 XXXX XXXX 9351,ACTIVE,2026-03-15,03/31,false
CRD644891358,60213893221358,DEBIT,RuPay,6081 XXXX XXXX 9593,ACTIVE,2025-02-04,02/30,false
CRD883830804,60213312262854,DEBIT,Visa,4591 XXXX XXXX 1311,ACTIVE,2023-09-28,09/28,true
CRD651535117,60211813233869,DEBIT,Visa,4390 XXXX XXXX 8652,ACTIVE,2022-10-31,10/27,false
CRD680381893,60212008810981,DEBIT,Visa,4390 XXXX XXXX 3809,ACTIVE,2022-10-05,10/27,false
CRD473314861,60214725762104,DEBIT,RuPay,6070 XXXX XXXX 7134,ACTIVE,2022-07-29,07/27,false
CRD634944139,60217374588902,DEBIT,RuPay,6521 XXXX XXXX 4614,ACTIVE,2024-01-07,01/29,false
CRD837337039,60215904471023,DEBIT,RuPay,6081 XXXX XXXX 1020,ACTIVE,2026-05-05,05/31,false
CRD215055791,60214555584440,DEBIT,RuPay,6521 XXXX XXXX 0598,ACTIVE,2025-03-26,03/30,false
CRD105709371,60216578987880,DEBIT,RuPay,6522 XXXX XXXX 0056,ACTIVE,2023-12-25,12/28,false
CRD161234696,60213926360308,DEBIT,Visa,4390 XXXX XXXX 0886,REISSUED,2018-01-09,01/23,false
CRD792656706,60213926360308,DEBIT,RuPay,6070 XXXX XXXX 7972,ACTIVE,2026-04-30,04/31,false
CRD089368699,60211546988009,DEBIT,RuPay,6521 XXXX XXXX 7304,ACTIVE,2025-10-03,10/30,false
CRD594474185,60219775809618,DEBIT,Mastercard,5176 XXXX XXXX 9172,ACTIVE,2025-08-20,08/30,true
CRD322756123,60217778588135,DEBIT,Mastercard,5318 XXXX XXXX 7898,REISSUED,2014-03-12,03/19,false
CRD318568047,60217778588135,DEBIT,Visa,4591 XXXX XXXX 2630,ACTIVE,2022-06-15,06/27,false
CRD311809899,60212275593184,DEBIT,Mastercard,5318 XXXX XXXX 0748,ACTIVE,2026-02-15,02/31,false
CRD836618220,60211042716755,DEBIT,RuPay,6521 XXXX XXXX 8139,ACTIVE,2022-07-23,07/27,false
CRD267482102,60219022980788,DEBIT,RuPay,6521 XXXX XXXX 6375,ACTIVE,2026-02-05,02/31,false
CRD556726012,60210471504376,DEBIT,RuPay,6522 XXXX XXXX 8698,ACTIVE,2026-03-24,03/31,false
CRD856321101,60214288848970,DEBIT,RuPay,6522 XXXX XXXX 4111,ACTIVE,2025-09-15,09/30,false
CRD466170453,60210652242734,DEBIT,Mastercard,5176 XXXX XXXX 1413,ACTIVE,2025-01-08,01/30,false
CRD373971431,60215101874190,DEBIT,RuPay,6070 XXXX XXXX 1237,ACTIVE,2025-11-08,11/30,false
CRD106356142,60215336059714,DEBIT,RuPay,6081 XXXX XXXX 2849,ACTIVE,2023-12-09,12/28,false
CRD502480394,60214878614539,DEBIT,Visa,4591 XXXX XXXX 5054,ACTIVE,2024-01-23,01/29,false
CRD362379142,60219794997142,DEBIT,Visa,4591 XXXX XXXX 9492,ACTIVE,2026-01-16,01/31,false
CRD789146628,60218715325141,DEBIT,RuPay,6522 XXXX XXXX 4566,ACTIVE,2025-07-29,07/30,false
CRD137253695,60216766941136,DEBIT,Visa,4166 XXXX XXXX 1805,ACTIVE,2022-06-26,06/27,true
CRD415753215,60214359075018,DEBIT,Visa,4214 XXXX XXXX 9957,ACTIVE,2024-10-07,10/29,false
CRD474726524,60214359075018,CREDIT,RuPay,6522 XXXX XXXX 7045,ACTIVE,2026-02-13,02/31,false
CRD064778291,60210511958745,DEBIT,Mastercard,5470 XXXX XXXX 5410,REISSUED,2020-02-21,02/25,false
CRD728747399,60210511958745,DEBIT,Visa,4166 XXXX XXXX 1997,ACTIVE,2022-06-21,06/27,false
CRD197351652,60219205639730,DEBIT,RuPay,6521 XXXX XXXX 8043,EXPIRED,2020-08-16,08/25,false
CRD345964516,60219205639730,DEBIT,Visa,4591 XXXX XXXX 8637,ACTIVE,2023-12-25,12/28,true
CRD081691193,60212621035114,DEBIT,RuPay,6070 XXXX XXXX 5798,REISSUED,2015-12-17,12/20,false
CRD083484033,60212621035114,DEBIT,Mastercard,5241 XXXX XXXX 1677,ACTIVE,2024-09-25,09/29,false
CRD120235197,60217560606140,DEBIT,RuPay,6081 XXXX XXXX 1126,EXPIRED,2013-12-05,12/18,false
CRD742479391,60217560606140,DEBIT,Visa,4166 XXXX XXXX 7879,ACTIVE,2022-12-10,12/27,false
CRD469925507,60212909802351,DEBIT,RuPay,6522 XXXX XXXX 5733,ACTIVE,2026-07-07,07/31,false
CRD403490080,60211559453685,DEBIT,RuPay,6081 XXXX XXXX 1073,ACTIVE,2025-08-21,08/30,false
CRD606541941,60210497694298,DEBIT,RuPay,6521 XXXX XXXX 9310,ACTIVE,2026-05-09,05/31,false
CRD339756830,60210497694298,CREDIT,Mastercard,5176 XXXX XXXX 2710,ACTIVE,2026-07-14,07/31,false
CRD928219602,60213737109089,DEBIT,Visa,4166 XXXX XXXX 6497,REISSUED,2020-01-22,01/25,false
CRD934859245,60213737109089,DEBIT,Visa,4390 XXXX XXXX 3622,ACTIVE,2023-12-30,12/28,false
CRD041493442,60216554545639,DEBIT,RuPay,6522 XXXX XXXX 9366,ACTIVE,2024-08-30,08/29,true
CRD042463884,60218628857417,DEBIT,RuPay,6522 XXXX XXXX 4768,ACTIVE,2024-08-11,08/29,false
CRD620925194,60211807399057,DEBIT,RuPay,6522 XXXX XXXX 5358,ACTIVE,2023-04-05,04/28,false
CRD008379853,60219695305946,DEBIT,Mastercard,5241 XXXX XXXX 2385,EXPIRED,2021-08-15,08/26,false
CRD605954042,60219695305946,DEBIT,RuPay,6070 XXXX XXXX 0308,ACTIVE,2022-01-04,01/27,false
CRD734520383,60219604051368,DEBIT,RuPay,6521 XXXX XXXX 4841,ACTIVE,2025-06-30,06/30,false
CRD845190566,60215759410595,DEBIT,RuPay,6070 XXXX XXXX 2448,ACTIVE,2023-10-03,10/28,true
CRD985487264,60211349177471,DEBIT,Visa,4390 XXXX XXXX 9171,ACTIVE,2026-06-17,06/31,false
CRD115767267,60214307562099,DEBIT,RuPay,6081 XXXX XXXX 7315,ACTIVE,2022-06-17,06/27,false
CRD409464596,60218303156281,DEBIT,RuPay,6070 XXXX XXXX 6247,ACTIVE,2025-01-18,01/30,false
CRD429425923,60217648510457,DEBIT,Mastercard,5241 XXXX XXXX 0512,ACTIVE,2025-06-22,06/30,true
CRD491588328,60211028023179,DEBIT,RuPay,6522 XXXX XXXX 3777,ACTIVE,2025-02-07,02/30,false
CRD210290402,60216304615292,DEBIT,RuPay,6522 XXXX XXXX 7784,ACTIVE,2023-09-20,09/28,false
CRD398034146,60214917208248,DEBIT,RuPay,6070 XXXX XXXX 0939,ACTIVE,2026-07-10,07/31,false
CRD936902883,60214574513861,DEBIT,Mastercard,5176 XXXX XXXX 4963,ACTIVE,2026-04-20,04/31,false
CRD108939702,60214917208248,CREDIT,RuPay,6070 XXXX XXXX 0784,ACTIVE,2026-03-27,03/31,true
CRD268607061,60217743202189,DEBIT,RuPay,6521 XXXX XXXX 3055,ACTIVE,2026-07-02,07/31,false
CRD177492053,60212621000812,DEBIT,Visa,4166 XXXX XXXX 2885,ACTIVE,2026-07-06,07/31,false
CRD096683211,60210358519556,DEBIT,RuPay,6070 XXXX XXXX 7327,ACTIVE,2026-06-02,06/31,false
CRD611521644,60219839557816,DEBIT,RuPay,6522 XXXX XXXX 0081,ACTIVE,2023-10-05,10/28,false
CRD315217157,60211967195958,DEBIT,Visa,4591 XXXX XXXX 2696,ACTIVE,2022-03-09,03/27,true
CRD239752790,60216937526932,DEBIT,Visa,4214 XXXX XXXX 9923,ACTIVE,2023-07-24,07/28,false
CRD329163200,60216055443460,DEBIT,RuPay,6081 XXXX XXXX 1302,ACTIVE,2026-01-14,01/31,false
CRD650349655,60219431808336,DEBIT,RuPay,6081 XXXX XXXX 5436,ACTIVE,2024-11-02,11/29,false
CRD631106399,60218815293883,DEBIT,RuPay,6522 XXXX XXXX 6352,ACTIVE,2022-05-10,05/27,true
CRD155556851,60211242992737,DEBIT,RuPay,6522 XXXX XXXX 3085,ACTIVE,2026-07-07,07/31,false
CRD572410615,60210552372731,DEBIT,RuPay,6521 XXXX XXXX 1347,ACTIVE,2025-07-19,07/30,false
CRD823631786,60219332082143,DEBIT,Visa,4591 XXXX XXXX 0980,EXPIRED,2021-06-04,06/26,false
CRD181763995,60219332082143,DEBIT,Visa,4591 XXXX XXXX 3066,ACTIVE,2024-01-02,01/29,false
CRD613088907,60212267426271,DEBIT,RuPay,6070 XXXX XXXX 7985,ACTIVE,2026-05-31,05/31,false
CRD764883181,60217973489922,DEBIT,RuPay,6081 XXXX XXXX 3500,ACTIVE,2025-05-12,05/30,false
CRD892814068,60216114513284,DEBIT,RuPay,6081 XXXX XXXX 0758,ACTIVE,2023-06-17,06/28,false
CRD505555649,60215243903334,DEBIT,Visa,4591 XXXX XXXX 3598,REISSUED,2018-08-05,08/23,false
CRD307657433,60215243903334,DEBIT,RuPay,6522 XXXX XXXX 8794,ACTIVE,2023-04-12,04/28,false
CRD799764513,60219222019572,DEBIT,RuPay,6070 XXXX XXXX 5505,ACTIVE,2022-05-23,05/27,false
CRD264609776,60214584901094,DEBIT,Mastercard,5470 XXXX XXXX 0058,ACTIVE,2026-05-28,05/31,false
CRD356006174,60218919237413,DEBIT,RuPay,6522 XXXX XXXX 7726,ACTIVE,2024-07-14,07/29,false
CRD994829096,60211058184884,DEBIT,RuPay,6522 XXXX XXXX 4842,ACTIVE,2026-07-22,07/31,false
CRD160836151,60210396713309,DEBIT,Visa,4214 XXXX XXXX 0302,ACTIVE,2026-05-03,05/31,false
CRD667031171,60218424431594,DEBIT,Visa,4214 XXXX XXXX 7719,ACTIVE,2026-04-29,04/31,false
CRD170297438,60213937179605,DEBIT,Visa,4166 XXXX XXXX 6046,ACTIVE,2025-09-04,09/30,false
CRD624341057,60211981008877,DEBIT,Visa,4166 XXXX XXXX 2644,ACTIVE,2023-09-14,09/28,false
CRD642305295,60217203737916,DEBIT,Visa,4390 XXXX XXXX 0720,ACTIVE,2026-03-14,03/31,false
CRD914827371,60213131281239,DEBIT,Visa,4166 XXXX XXXX 9181,ACTIVE,2024-03-09,03/29,false
CRD633762058,60212789225796,DEBIT,RuPay,6521 XXXX XXXX 0091,ACTIVE,2022-09-17,09/27,false
CRD376366279,60213024248901,DEBIT,RuPay,6521 XXXX XXXX 3789,REISSUED,2019-12-12,12/24,false
CRD575910607,60213024248901,DEBIT,Visa,4214 XXXX XXXX 4526,ACTIVE,2025-10-15,10/30,false
CRD768938333,60215989829782,DEBIT,RuPay,6081 XXXX XXXX 8105,ACTIVE,2024-03-28,03/29,true
CRD280309610,60218763136447,DEBIT,Visa,4591 XXXX XXXX 2283,EXPIRED,2015-05-06,05/20,false
CRD660097126,60218763136447,DEBIT,RuPay,6070 XXXX XXXX 8227,ACTIVE,2026-03-22,03/31,true
CRD975761662,60217888852831,DEBIT,Mastercard,5318 XXXX XXXX 4592,EXPIRED,2018-05-11,05/23,false
CRD712330833,60217888852831,DEBIT,RuPay,6070 XXXX XXXX 5647,ACTIVE,2026-03-03,03/31,true
CRD586099415,60219570724164,DEBIT,Mastercard,5318 XXXX XXXX 3787,ACTIVE,2023-01-01,01/28,false
CRD456040777,60212729938858,DEBIT,Mastercard,5470 XXXX XXXX 6956,ACTIVE,2026-06-27,06/31,false
CRD764351932,60213541988398,DEBIT,Mastercard,5176 XXXX XXXX 0885,ACTIVE,2023-07-29,07/28,false
CRD948321428,60214934642929,DEBIT,RuPay,6081 XXXX XXXX 6787,ACTIVE,2023-03-09,03/28,false
CRD570944644,60214893628217,DEBIT,RuPay,6522 XXXX XXXX 6258,ACTIVE,2026-02-19,02/31,false
CRD345140022,60219462861313,DEBIT,RuPay,6070 XXXX XXXX 2707,REISSUED,2019-02-07,02/24,false
CRD513536808,60219462861313,DEBIT,RuPay,6521 XXXX XXXX 3361,ACTIVE,2023-11-30,11/28,false
CRD750850617,60218340276101,DEBIT,Mastercard,5470 XXXX XXXX 4905,ACTIVE,2024-12-30,12/29,false
CRD802451460,60213360762888,DEBIT,Visa,4591 XXXX XXXX 3111,ACTIVE,2024-08-21,08/29,false
CRD740794816,60213189370083,DEBIT,RuPay,6081 XXXX XXXX 1082,ACTIVE,2023-06-05,06/28,false
CRD960099808,60213189370083,CREDIT,Visa,4390 XXXX XXXX 1090,ACTIVE,2025-09-24,09/30,true
CRD146288233,60219325218836,DEBIT,RuPay,6522 XXXX XXXX 4910,ACTIVE,2026-04-02,04/31,false
CRD647392972,60214183442907,DEBIT,RuPay,6521 XXXX XXXX 4400,ACTIVE,2025-06-10,06/30,false
CRD882812359,60214183442907,CREDIT,RuPay,6070 XXXX XXXX 7611,ACTIVE,2025-02-14,02/30,true
CRD063512431,60219225831059,DEBIT,RuPay,6522 XXXX XXXX 7358,ACTIVE,2026-08-05,08/31,false
CRD149200700,60211456675802,DEBIT,RuPay,6521 XXXX XXXX 8917,REISSUED,2019-03-16,03/24,false
CRD827547579,60211456675802,DEBIT,Visa,4390 XXXX XXXX 1068,ACTIVE,2023-06-27,06/28,false
CRD423055357,60211456675802,CREDIT,Visa,4166 XXXX XXXX 1091,ACTIVE,2023-11-27,11/28,false
CRD522596052,60217392190197,DEBIT,RuPay,6070 XXXX XXXX 4372,ACTIVE,2024-07-15,07/29,false
CRD081352057,60214557859193,DEBIT,Mastercard,5470 XXXX XXXX 7848,ACTIVE,2024-09-23,09/29,false
CRD497013112,60214982477003,DEBIT,RuPay,6522 XXXX XXXX 1289,ACTIVE,2025-04-17,04/30,false
CRD132924551,60210559456570,DEBIT,Mastercard,5318 XXXX XXXX 4264,ACTIVE,2025-09-13,09/30,false
CRD573569780,60211694498522,DEBIT,RuPay,6521 XXXX XXXX 9133,ACTIVE,2023-10-12,10/28,false
CRD682557651,60218459946004,DEBIT,RuPay,6081 XXXX XXXX 8906,ACTIVE,2022-10-05,10/27,false
CRD397501471,60215866685861,DEBIT,Visa,4390 XXXX XXXX 3339,ACTIVE,2025-05-24,05/30,false
CRD070789714,60214751686416,DEBIT,RuPay,6070 XXXX XXXX 4735,ACTIVE,2024-12-12,12/29,false
CRD139837600,60217519650137,DEBIT,RuPay,6521 XXXX XXXX 7669,ACTIVE,2025-07-21,07/30,false
CRD961614861,60216654384768,DEBIT,RuPay,6081 XXXX XXXX 8477,ACTIVE,2023-04-12,04/28,false
CRD047647580,60211462025021,DEBIT,Visa,4591 XXXX XXXX 9028,ACTIVE,2023-11-20,11/28,false
CRD606169032,60219497799258,DEBIT,Mastercard,5318 XXXX XXXX 9313,ACTIVE,2025-05-03,05/30,false
CRD064104900,60214093592902,DEBIT,RuPay,6081 XXXX XXXX 2467,ACTIVE,2026-06-16,06/31,true
CRD433383801,60211900372351,DEBIT,Visa,4390 XXXX XXXX 9613,ACTIVE,2025-01-06,01/30,false
CRD619011190,60211900372351,CREDIT,Visa,4591 XXXX XXXX 0062,ACTIVE,2023-09-12,09/28,false
CRD363876387,60217675107141,DEBIT,Visa,4166 XXXX XXXX 5287,ACTIVE,2026-02-16,02/31,false
CRD806896113,60215935271306,DEBIT,Visa,4166 XXXX XXXX 5492,ACTIVE,2026-06-08,06/31,false
CRD081348135,60210957429494,DEBIT,RuPay,6522 XXXX XXXX 4971,EXPIRED,2021-07-03,07/26,false
CRD516852511,60210957429494,DEBIT,RuPay,6522 XXXX XXXX 6566,ACTIVE,2025-10-19,10/30,false
CRD822368978,60217195427765,DEBIT,RuPay,6081 XXXX XXXX 6165,REISSUED,2016-05-09,05/21,false
CRD932162759,60217195427765,DEBIT,Visa,4390 XXXX XXXX 4036,ACTIVE,2023-04-21,04/28,false
CRD068421169,60219327613654,DEBIT,RuPay,6070 XXXX XXXX 5560,ACTIVE,2024-11-16,11/29,false
CRD821788142,60213277480639,DEBIT,RuPay,6522 XXXX XXXX 8835,HOTLISTED,2022-12-02,12/27,false
CRD657124032,60218754438743,DEBIT,RuPay,6521 XXXX XXXX 9504,ACTIVE,2023-10-11,10/28,false
CRD285999381,60218698445859,DEBIT,Visa,4591 XXXX XXXX 3014,ACTIVE,2025-07-28,07/30,false
CRD758569586,60215703023252,DEBIT,Mastercard,5241 XXXX XXXX 8924,ACTIVE,2025-10-06,10/30,false
CRD082209242,60212912758747,DEBIT,Visa,4591 XXXX XXXX 8157,ACTIVE,2022-03-22,03/27,false
CRD031528751,60214294825761,DEBIT,Visa,4214 XXXX XXXX 9016,REISSUED,2020-01-29,01/25,false
CRD071581497,60214294825761,DEBIT,Visa,4390 XXXX XXXX 9261,ACTIVE,2024-01-30,01/29,false
CRD441355089,60218733046981,DEBIT,RuPay,6522 XXXX XXXX 2268,ACTIVE,2024-07-28,07/29,false
CRD698048009,60218733046981,CREDIT,Mastercard,5176 XXXX XXXX 7161,ACTIVE,2022-04-26,04/27,true
CRD674493331,60218078528947,DEBIT,RuPay,6081 XXXX XXXX 6253,ACTIVE,2023-09-05,09/28,true
CRD419644970,60217993244195,DEBIT,Mastercard,5241 XXXX XXXX 0236,ACTIVE,2025-05-16,05/30,false
CRD632529088,60217993244195,CREDIT,Mastercard,5318 XXXX XXXX 6831,ACTIVE,2025-11-12,11/30,true
CRD696348480,60212931136101,DEBIT,RuPay,6081 XXXX XXXX 9637,ACTIVE,2022-07-28,07/27,true
CRD645669017,60216354739973,DEBIT,RuPay,6521 XXXX XXXX 6882,ACTIVE,2026-02-17,02/31,false
CRD787792158,60211146512177,DEBIT,Visa,4166 XXXX XXXX 6716,REISSUED,2020-10-14,10/25,false
CRD675853078,60211146512177,DEBIT,Visa,4166 XXXX XXXX 6132,ACTIVE,2025-04-21,04/30,true
CRD276125481,60219745296120,DEBIT,RuPay,6521 XXXX XXXX 6354,ACTIVE,2025-07-15,07/30,false
CRD672952365,60217202828887,DEBIT,RuPay,6081 XXXX XXXX 9803,ACTIVE,2025-01-28,01/30,false
CRD395713014,60219458844360,DEBIT,Visa,4214 XXXX XXXX 6993,ACTIVE,2026-04-08,04/31,false
CRD811323730,60214007756966,DEBIT,RuPay,6081 XXXX XXXX 9547,ACTIVE,2025-01-13,01/30,true
CRD643599522,60215874852611,DEBIT,Visa,4214 XXXX XXXX 1941,EXPIRED,2017-06-08,06/22,false
CRD697539821,60215874852611,DEBIT,RuPay,6522 XXXX XXXX 5796,ACTIVE,2025-11-13,11/30,false
CRD632565190,60211398259301,DEBIT,RuPay,6070 XXXX XXXX 4282,ACTIVE,2024-12-29,12/29,false
CRD364514263,60211398259301,CREDIT,RuPay,6070 XXXX XXXX 8604,ACTIVE,2023-12-05,12/28,true
CRD040955696,60214686203209,DEBIT,RuPay,6081 XXXX XXXX 7361,ACTIVE,2025-03-22,03/30,false
CRD993597925,60214997425754,DEBIT,Visa,4591 XXXX XXXX 4096,ACTIVE,2025-06-03,06/30,false
CRD742696070,60211784563556,DEBIT,Mastercard,5470 XXXX XXXX 0052,ACTIVE,2024-04-03,04/29,false
CRD840136599,60211460113093,DEBIT,RuPay,6070 XXXX XXXX 5510,EXPIRED,2020-08-07,08/25,false
CRD744322210,60211460113093,DEBIT,Visa,4591 XXXX XXXX 1910,ACTIVE,2024-12-05,12/29,false
CRD476035533,60211460113093,CREDIT,Visa,4591 XXXX XXXX 9781,ACTIVE,2024-12-21,12/29,true
CRD677979924,60218211913460,DEBIT,Mastercard,5318 XXXX XXXX 9167,ACTIVE,2025-12-24,12/30,true
CRD187653398,60210322959461,DEBIT,Mastercard,5318 XXXX XXXX 1836,ACTIVE,2024-12-28,12/29,false
CRD509639161,60210322959461,CREDIT,RuPay,6521 XXXX XXXX 1769,ACTIVE,2024-11-27,11/29,false
CRD876129073,60217551080335,DEBIT,Visa,4390 XXXX XXXX 5112,ACTIVE,2026-05-13,05/31,false
CRD202240184,60212309310830,DEBIT,RuPay,6081 XXXX XXXX 0872,REISSUED,2021-09-05,09/26,false
CRD378474088,60212309310830,DEBIT,RuPay,6070 XXXX XXXX 2352,ACTIVE,2023-04-18,04/28,false
CRD866723947,60214265637613,DEBIT,RuPay,6522 XXXX XXXX 7140,ACTIVE,2023-12-04,12/28,false
CRD604914301,60219062283915,DEBIT,RuPay,6070 XXXX XXXX 3711,ACTIVE,2025-11-29,11/30,false
CRD589611398,60213826224826,DEBIT,RuPay,6081 XXXX XXXX 8621,ACTIVE,2026-06-13,06/31,false
CRD901114569,60213826224826,CREDIT,RuPay,6521 XXXX XXXX 5722,ACTIVE,2025-08-01,08/30,false
CRD808345950,60219838520885,DEBIT,Mastercard,5318 XXXX XXXX 0129,EXPIRED,2018-12-09,12/23,false
CRD507506557,60219838520885,DEBIT,RuPay,6070 XXXX XXXX 1858,HOTLISTED,2022-09-27,09/27,false
CRD699947116,60216334676012,DEBIT,RuPay,6081 XXXX XXXX 1469,REISSUED,2020-07-29,07/25,false
CRD756618550,60216334676012,DEBIT,RuPay,6522 XXXX XXXX 9284,ACTIVE,2022-01-27,01/27,false
CRD708564340,60213356426110,DEBIT,Visa,4591 XXXX XXXX 6489,ACTIVE,2025-12-18,12/30,false
CRD855269044,60216334676012,CREDIT,Mastercard,5318 XXXX XXXX 3781,ACTIVE,2022-12-11,12/27,false
CRD358926954,60214233899948,DEBIT,RuPay,6070 XXXX XXXX 0665,ACTIVE,2024-04-10,04/29,false
CRD445295349,60214233899948,CREDIT,Visa,4214 XXXX XXXX 2675,ACTIVE,2024-01-29,01/29,false
CRD610073166,60212104477872,DEBIT,RuPay,6521 XXXX XXXX 4804,EXPIRED,2014-10-26,10/19,false
CRD379420278,60212104477872,DEBIT,Mastercard,5470 XXXX XXXX 5628,ACTIVE,2022-09-27,09/27,false
CRD487266325,60216850261520,DEBIT,RuPay,6081 XXXX XXXX 4281,ACTIVE,2022-09-29,09/27,false
CRD045085717,60213882914875,DEBIT,Visa,4214 XXXX XXXX 7042,ACTIVE,2024-08-19,08/29,false
CRD187735371,60210637264698,DEBIT,RuPay,6521 XXXX XXXX 4866,ACTIVE,2025-09-17,09/30,false
CRD045573322,60217059255201,DEBIT,Mastercard,5470 XXXX XXXX 7737,ACTIVE,2022-01-12,01/27,false
CRD105577940,60218939766596,DEBIT,Visa,4591 XXXX XXXX 2263,ACTIVE,2024-07-29,07/29,false
CRD160390277,60217593082738,DEBIT,Visa,4591 XXXX XXXX 0949,ACTIVE,2023-02-10,02/28,false
CRD651995901,60214579777503,DEBIT,RuPay,6522 XXXX XXXX 5198,ACTIVE,2024-01-18,01/29,false
CRD400388953,60214250664453,DEBIT,Mastercard,5470 XXXX XXXX 3358,EXPIRED,2020-07-12,07/25,false
CRD845469301,60214250664453,DEBIT,Visa,4166 XXXX XXXX 3114,ACTIVE,2022-03-12,03/27,false
CRD805266774,60211038419308,DEBIT,RuPay,6521 XXXX XXXX 9363,ACTIVE,2022-03-23,03/27,false
CRD913060051,60212697147551,DEBIT,RuPay,6070 XXXX XXXX 1216,ACTIVE,2025-05-04,05/30,false
CRD821733535,60213893313412,DEBIT,Visa,4166 XXXX XXXX 8075,ACTIVE,2025-11-22,11/30,false
CRD139532935,60210509267802,DEBIT,RuPay,6521 XXXX XXXX 3080,ACTIVE,2026-01-12,01/31,false
CRD765133797,60219650288240,DEBIT,RuPay,6081 XXXX XXXX 8436,ACTIVE,2022-05-14,05/27,false
CRD874462893,60214546523507,DEBIT,RuPay,6521 XXXX XXXX 8340,ACTIVE,2023-07-10,07/28,true
CRD995109020,60213744797725,DEBIT,Mastercard,5318 XXXX XXXX 5415,REISSUED,2019-07-21,07/24,false
CRD248598587,60213744797725,DEBIT,Visa,4214 XXXX XXXX 8148,ACTIVE,2022-08-13,08/27,false
CRD629069808,60213144048060,DEBIT,RuPay,6070 XXXX XXXX 5357,REISSUED,2017-04-23,04/22,false
CRD753867953,60213144048060,DEBIT,RuPay,6070 XXXX XXXX 9149,ACTIVE,2023-03-27,03/28,false
CRD908941476,60217433626307,DEBIT,Mastercard,5176 XXXX XXXX 7682,HOTLISTED,2023-03-15,03/28,false
CRD020269222,60216719693361,DEBIT,Mastercard,5470 XXXX XXXX 2003,ACTIVE,2022-12-14,12/27,false
CRD346700863,60213445856709,DEBIT,Visa,4166 XXXX XXXX 6940,ACTIVE,2025-12-28,12/30,false
CRD020205813,60211185912703,DEBIT,RuPay,6081 XXXX XXXX 5766,ACTIVE,2026-05-26,05/31,false
CRD782207428,60217908768028,DEBIT,RuPay,6070 XXXX XXXX 9824,ACTIVE,2024-12-18,12/29,false
CRD142971979,60217908768028,CREDIT,Mastercard,5176 XXXX XXXX 8684,ACTIVE,2022-06-26,06/27,true
CRD707945114,60215441505408,DEBIT,Mastercard,5470 XXXX XXXX 2825,ACTIVE,2024-12-02,12/29,false
CRD962174895,60215441505408,CREDIT,Visa,4214 XXXX XXXX 8644,ACTIVE,2026-08-09,08/31,true
CRD367100764,60210264998837,DEBIT,Mastercard,5176 XXXX XXXX 8805,ACTIVE,2026-01-01,01/31,false
CRD576713381,60211108288796,DEBIT,RuPay,6521 XXXX XXXX 2187,ACTIVE,2023-01-24,01/28,false
CRD390312769,60210757316359,DEBIT,RuPay,6521 XXXX XXXX 8228,ACTIVE,2023-07-19,07/28,false
CRD241900165,60213898638550,DEBIT,RuPay,6070 XXXX XXXX 8568,ACTIVE,2022-07-06,07/27,true
CRD205881432,60213898638550,CREDIT,Visa,4591 XXXX XXXX 8748,ACTIVE,2026-01-19,01/31,false
CRD386954275,60214762092124,DEBIT,Visa,4390 XXXX XXXX 9935,ACTIVE,2022-07-05,07/27,false
CRD402491440,60214762092124,CREDIT,Visa,4166 XXXX XXXX 6668,ACTIVE,2024-10-14,10/29,true
CRD534481430,60210858274525,DEBIT,Mastercard,5470 XXXX XXXX 9531,ACTIVE,2025-08-23,08/30,false
CRD853943524,60218404279994,DEBIT,Mastercard,5176 XXXX XXXX 2337,ACTIVE,2025-04-29,04/30,false
CRD719668076,60210217221834,DEBIT,RuPay,6521 XXXX XXXX 0486,ACTIVE,2026-04-20,04/31,true
CRD419773488,60212239007509,DEBIT,Visa,4214 XXXX XXXX 7655,ACTIVE,2026-01-26,01/31,false
CRD049287371,60217802470285,DEBIT,RuPay,6081 XXXX XXXX 7691,EXPIRED,2016-01-18,01/21,false
CRD166283922,60217802470285,DEBIT,RuPay,6522 XXXX XXXX 4232,ACTIVE,2023-11-16,11/28,false
CRD817143371,60219161351513,DEBIT,RuPay,6081 XXXX XXXX 5992,ACTIVE,2024-04-05,04/29,false
CRD870145999,60211478901722,DEBIT,Mastercard,5176 XXXX XXXX 2416,ACTIVE,2023-09-04,09/28,false
CRD429786951,60212573028521,DEBIT,RuPay,6081 XXXX XXXX 6465,ACTIVE,2025-09-10,09/30,false
CRD294081249,60219591261807,DEBIT,Mastercard,5176 XXXX XXXX 8534,ACTIVE,2023-04-26,04/28,false
CRD892112614,60218447873219,DEBIT,Mastercard,5470 XXXX XXXX 8554,ACTIVE,2026-07-11,07/31,false
CRD092691241,60215753415898,DEBIT,RuPay,6522 XXXX XXXX 1603,ACTIVE,2022-07-13,07/27,false
CRD973814135,60211564007767,DEBIT,Visa,4390 XXXX XXXX 6599,EXPIRED,2019-12-18,12/24,false
CRD817848210,60211564007767,DEBIT,Mastercard,5318 XXXX XXXX 1827,ACTIVE,2023-02-16,02/28,false
CRD444577344,60213237459556,DEBIT,Visa,4390 XXXX XXXX 5838,ACTIVE,2022-08-30,08/27,false
CRD584477669,60212699670941,DEBIT,Visa,4591 XXXX XXXX 0503,REISSUED,2018-09-30,09/23,false
CRD976592215,60212699670941,DEBIT,Visa,4390 XXXX XXXX 3278,ACTIVE,2024-03-31,03/29,false
CRD345858830,60219653886183,DEBIT,Mastercard,5318 XXXX XXXX 3008,REISSUED,2021-06-12,06/26,false
CRD763480234,60219653886183,DEBIT,RuPay,6522 XXXX XXXX 4199,ACTIVE,2025-04-23,04/30,false
CRD397804640,60219653886183,CREDIT,Visa,4390 XXXX XXXX 3825,ACTIVE,2024-04-21,04/29,true
CRD299613482,60211402917984,DEBIT,Mastercard,5318 XXXX XXXX 1453,ACTIVE,2026-05-07,05/31,false
CRD029445546,60219789683814,DEBIT,Visa,4166 XXXX XXXX 5112,ACTIVE,2025-08-20,08/30,false
CRD177841818,60212256702540,DEBIT,RuPay,6081 XXXX XXXX 8518,EXPIRED,2021-04-22,04/26,false
CRD261666565,60212256702540,DEBIT,RuPay,6070 XXXX XXXX 5369,ACTIVE,2025-08-08,08/30,false
CRD515498381,60217025346253,DEBIT,RuPay,6522 XXXX XXXX 0827,REISSUED,2021-05-08,05/26,false
CRD254235612,60217025346253,DEBIT,Visa,4591 XXXX XXXX 8076,ACTIVE,2025-03-18,03/30,false
CRD965128868,60211380621310,DEBIT,Mastercard,5318 XXXX XXXX 2155,ACTIVE,2024-10-01,10/29,false
CRD163359370,60211380621310,CREDIT,Mastercard,5241 XXXX XXXX 1525,ACTIVE,2022-07-19,07/27,false
CRD436537423,60216949061664,DEBIT,Visa,4214 XXXX XXXX 8865,HOTLISTED,2022-09-09,09/27,false
CRD787708376,60217817658673,DEBIT,RuPay,6081 XXXX XXXX 9485,ACTIVE,2025-12-16,12/30,false
CRD470947434,60216132358510,DEBIT,Mastercard,5318 XXXX XXXX 1781,EXPIRED,2017-10-13,10/22,false
CRD982203720,60216132358510,DEBIT,Visa,4166 XXXX XXXX 5283,ACTIVE,2023-01-19,01/28,false
CRD811913727,60211090456498,DEBIT,Mastercard,5241 XXXX XXXX 1205,EXPIRED,2018-08-15,08/23,false
CRD271147465,60211090456498,DEBIT,Visa,4214 XXXX XXXX 1401,ACTIVE,2024-10-12,10/29,false
CRD020525991,60219604542103,DEBIT,Visa,4591 XXXX XXXX 6823,ACTIVE,2025-10-17,10/30,false
CRD329657573,60210576466615,DEBIT,RuPay,6522 XXXX XXXX 6394,ACTIVE,2023-04-12,04/28,false
CRD490290526,60214864451107,DEBIT,RuPay,6081 XXXX XXXX 7709,ACTIVE,2025-12-11,12/30,false
CRD321593653,60219637495465,DEBIT,RuPay,6522 XXXX XXXX 0938,ACTIVE,2025-02-02,02/30,false
CRD615384760,60215684094028,DEBIT,RuPay,6070 XXXX XXXX 7517,ACTIVE,2026-02-25,02/31,false
CRD998216251,60215956406854,DEBIT,RuPay,6522 XXXX XXXX 9016,ACTIVE,2022-04-03,04/27,false
CRD241402319,60216749177623,DEBIT,RuPay,6522 XXXX XXXX 3554,ACTIVE,2023-10-11,10/28,false
CRD780628670,60214354828619,DEBIT,RuPay,6522 XXXX XXXX 8723,ACTIVE,2024-03-14,03/29,false
CRD367453867,60218771687864,DEBIT,RuPay,6521 XXXX XXXX 3943,REISSUED,2018-04-12,04/23,false
CRD850836313,60218771687864,DEBIT,RuPay,6070 XXXX XXXX 3697,ACTIVE,2024-08-09,08/29,false
CRD887046980,60218952631061,DEBIT,RuPay,6081 XXXX XXXX 6391,ACTIVE,2025-05-31,05/30,false
CRD134719188,60217503689581,DEBIT,Visa,4591 XXXX XXXX 2432,ACTIVE,2023-12-10,12/28,false
CRD684849156,60212590854886,DEBIT,Visa,4214 XXXX XXXX 1148,ACTIVE,2026-07-25,07/31,true
CRD454138006,60219120999028,DEBIT,RuPay,6070 XXXX XXXX 5463,ACTIVE,2025-12-15,12/30,false
CRD424208439,60213428859248,DEBIT,RuPay,6521 XXXX XXXX 8466,ACTIVE,2024-02-04,02/29,false
CRD150602453,60212273727916,DEBIT,Visa,4214 XXXX XXXX 2364,ACTIVE,2026-04-27,04/31,false
CRD131615481,60215400952356,DEBIT,Visa,4214 XXXX XXXX 3945,HOTLISTED,2025-10-05,10/30,false
CRD848698540,60215400952356,DEBIT,Visa,4591 XXXX XXXX 6765,ACTIVE,2026-09-05,09/31,false
CRD366066607,60219800793528,DEBIT,RuPay,6522 XXXX XXXX 2806,REISSUED,2019-11-23,11/24,false
CRD700512856,60219800793528,DEBIT,RuPay,6070 XXXX XXXX 8356,ACTIVE,2025-08-06,08/30,false
CRD394507082,60219002636351,DEBIT,RuPay,6522 XXXX XXXX 7130,ACTIVE,2024-01-17,01/29,false
CRD760611647,60211823271877,DEBIT,RuPay,6081 XXXX XXXX 9520,ACTIVE,2024-11-14,11/29,false
CRD422865817,60219339049403,DEBIT,Visa,4390 XXXX XXXX 2494,REISSUED,2021-06-02,06/26,true
CRD987588913,60219339049403,DEBIT,Visa,4166 XXXX XXXX 1336,ACTIVE,2026-01-16,01/31,false
CRD108969196,60219339049403,CREDIT,Mastercard,5241 XXXX XXXX 3862,ACTIVE,2023-07-04,07/28,true
CRD193288227,60213940087221,DEBIT,RuPay,6070 XXXX XXXX 8132,ACTIVE,2022-08-11,08/27,false
CRD446933795,60216369964493,DEBIT,RuPay,6070 XXXX XXXX 3214,ACTIVE,2024-02-10,02/29,false
CRD717091891,60212067592194,DEBIT,RuPay,6081 XXXX XXXX 8878,REISSUED,2021-08-20,08/26,true
CRD539280909,60212067592194,DEBIT,RuPay,6081 XXXX XXXX 5047,ACTIVE,2023-07-20,07/28,false
CRD759680622,60214635847071,DEBIT,RuPay,6521 XXXX XXXX 4619,ACTIVE,2026-07-02,07/31,false
CRD660106733,60217396739365,DEBIT,RuPay,6081 XXXX XXXX 3768,ACTIVE,2022-03-18,03/27,false
CRD097259235,60214686954393,DEBIT,Visa,4214 XXXX XXXX 1867,REISSUED,2020-08-26,08/25,false
CRD728888503,60214686954393,DEBIT,RuPay,6081 XXXX XXXX 6464,ACTIVE,2026-02-03,02/31,false
CRD487785320,60216969491715,DEBIT,RuPay,6070 XXXX XXXX 9320,ACTIVE,2026-04-17,04/31,false
CRD044528671,60218411703552,DEBIT,Mastercard,5176 XXXX XXXX 6507,EXPIRED,2016-09-04,09/21,false
CRD506562265,60218411703552,DEBIT,Visa,4591 XXXX XXXX 6471,ACTIVE,2026-04-10,04/31,false
CRD191677113,60213320250559,DEBIT,Visa,4390 XXXX XXXX 4248,ACTIVE,2026-03-19,03/31,false
CRD540830468,60212315901095,DEBIT,RuPay,6081 XXXX XXXX 8441,ACTIVE,2025-03-28,03/30,false
CRD396279560,60213401956333,DEBIT,RuPay,6522 XXXX XXXX 6662,ACTIVE,2024-12-20,12/29,false
CRD410550923,60216630213569,DEBIT,RuPay,6521 XXXX XXXX 8272,ACTIVE,2022-12-06,12/27,false
CRD584971520,60212333757103,DEBIT,RuPay,6521 XXXX XXXX 4433,ACTIVE,2026-08-04,08/31,false
CRD580792676,60213332908136,DEBIT,Mastercard,5241 XXXX XXXX 9810,EXPIRED,2021-03-22,03/26,false
CRD853592332,60213332908136,DEBIT,RuPay,6070 XXXX XXXX 9887,ACTIVE,2023-12-14,12/28,false
CRD980792157,60218036225623,DEBIT,RuPay,6522 XXXX XXXX 3715,ACTIVE,2023-07-21,07/28,false
CRD648956238,60211347359796,DEBIT,RuPay,6070 XXXX XXXX 1552,ACTIVE,2025-08-15,08/30,false
CRD566363898,60215610777541,DEBIT,Visa,4166 XXXX XXXX 1332,ACTIVE,2023-04-30,04/28,true
CRD101302833,60212735248881,DEBIT,Visa,4390 XXXX XXXX 9101,ACTIVE,2026-05-20,05/31,false
CRD642853491,60213547819193,DEBIT,RuPay,6521 XXXX XXXX 9773,ACTIVE,2022-06-05,06/27,false
CRD587186887,60211674936893,DEBIT,Visa,4390 XXXX XXXX 2076,ACTIVE,2024-03-26,03/29,false
CRD606947549,60216476434069,DEBIT,Mastercard,5241 XXXX XXXX 8172,ACTIVE,2023-03-23,03/28,false
CRD035562492,60216476434069,CREDIT,RuPay,6521 XXXX XXXX 1074,ACTIVE,2022-09-13,09/27,true
CRD296444833,60210877363086,DEBIT,RuPay,6522 XXXX XXXX 9141,ACTIVE,2023-10-19,10/28,false
CRD643447706,60216025756048,DEBIT,Mastercard,5241 XXXX XXXX 7060,ACTIVE,2025-10-05,10/30,false
CRD432829159,60216945697236,DEBIT,RuPay,6521 XXXX XXXX 4905,REISSUED,2014-09-19,09/19,false
CRD054957230,60216945697236,DEBIT,RuPay,6070 XXXX XXXX 1657,ACTIVE,2024-07-15,07/29,false
CRD508368735,60210607308250,DEBIT,Mastercard,5318 XXXX XXXX 4506,EXPIRED,2017-05-16,05/22,false
CRD149023344,60210607308250,DEBIT,RuPay,6521 XXXX XXXX 5785,ACTIVE,2025-09-24,09/30,false
CRD365523600,60210607308250,CREDIT,RuPay,6081 XXXX XXXX 9283,ACTIVE,2023-08-22,08/28,false
CRD030928991,60211540604181,DEBIT,Mastercard,5241 XXXX XXXX 2869,ACTIVE,2025-01-28,01/30,false
CRD407115921,60218159158891,DEBIT,RuPay,6081 XXXX XXXX 0653,ACTIVE,2025-03-05,03/30,false
CRD015779736,60218774254331,DEBIT,Visa,4214 XXXX XXXX 1844,EXPIRED,2018-03-31,03/23,false
CRD790222825,60218774254331,DEBIT,RuPay,6070 XXXX XXXX 4622,ACTIVE,2026-07-07,07/31,false
CRD101331767,60218082277686,DEBIT,RuPay,6070 XXXX XXXX 3517,ACTIVE,2026-08-04,08/31,false
CRD554532077,60213444749437,DEBIT,RuPay,6522 XXXX XXXX 6288,ACTIVE,2025-09-01,09/30,false
CRD076161935,60214785727995,DEBIT,RuPay,6081 XXXX XXXX 5167,ACTIVE,2022-11-05,11/27,false
CRD783901908,60210177264735,DEBIT,RuPay,6070 XXXX XXXX 6072,EXPIRED,2018-07-24,07/23,false
CRD108434620,60210177264735,DEBIT,RuPay,6522 XXXX XXXX 8114,ACTIVE,2026-02-23,02/31,false
CRD711189719,60211044161324,DEBIT,Visa,4166 XXXX XXXX 3967,EXPIRED,2020-06-28,06/25,false
CRD934473982,60211044161324,DEBIT,RuPay,6522 XXXX XXXX 5350,ACTIVE,2022-09-24,09/27,false
CRD779609549,60214785393295,DEBIT,RuPay,6081 XXXX XXXX 9731,ACTIVE,2026-02-23,02/31,false
CRD736362403,60214609625957,DEBIT,RuPay,6081 XXXX XXXX 7698,ACTIVE,2022-12-13,12/27,false
CRD350457708,60214106196197,DEBIT,Visa,4214 XXXX XXXX 2896,ACTIVE,2022-02-18,02/27,false
CRD714289235,60210534596617,DEBIT,RuPay,6070 XXXX XXXX 0779,EXPIRED,2020-12-26,12/25,false
CRD987293937,60210534596617,DEBIT,RuPay,6521 XXXX XXXX 6502,ACTIVE,2022-07-24,07/27,false
CRD957443519,60210534596617,CREDIT,Mastercard,5241 XXXX XXXX 9204,ACTIVE,2025-11-09,11/30,false
CRD440888533,60217652454394,DEBIT,RuPay,6081 XXXX XXXX 7246,ACTIVE,2025-11-15,11/30,false
CRD132113683,60214113665900,DEBIT,RuPay,6521 XXXX XXXX 4185,ACTIVE,2024-11-30,11/29,false
CRD956965020,60214113665900,CREDIT,RuPay,6521 XXXX XXXX 9901,ACTIVE,2023-05-25,05/28,true
CRD498664458,60218795069708,DEBIT,Visa,4591 XXXX XXXX 2207,ACTIVE,2025-09-11,09/30,false
CRD073496056,60211458002202,DEBIT,Mastercard,5241 XXXX XXXX 3415,ACTIVE,2026-07-29,07/31,true
CRD222766016,60214119374580,DEBIT,RuPay,6081 XXXX XXXX 8214,ACTIVE,2026-08-02,08/31,false
CRD336465670,60212630148723,DEBIT,RuPay,6070 XXXX XXXX 4968,ACTIVE,2025-02-02,02/30,false
CRD388123121,60215897718510,DEBIT,Visa,4214 XXXX XXXX 4491,EXPIRED,2020-08-06,08/25,false
CRD951942202,60215897718510,DEBIT,Visa,4214 XXXX XXXX 8772,ACTIVE,2023-05-05,05/28,false
CRD164555640,60212873113662,DEBIT,RuPay,6070 XXXX XXXX 2896,ACTIVE,2025-03-02,03/30,false
CRD589851288,60219084019067,DEBIT,RuPay,6070 XXXX XXXX 5211,ACTIVE,2022-09-22,09/27,false
CRD361399478,60217273662116,DEBIT,RuPay,6070 XXXX XXXX 2550,REISSUED,2018-11-12,11/23,true
CRD399842573,60217273662116,DEBIT,RuPay,6521 XXXX XXXX 6490,ACTIVE,2023-10-30,10/28,false
CRD183938972,60216879146765,DEBIT,RuPay,6522 XXXX XXXX 1227,ACTIVE,2026-03-12,03/31,false
CRD685400664,60214591886047,DEBIT,RuPay,6522 XXXX XXXX 4573,ACTIVE,2025-02-23,02/30,false
CRD934666224,60213424054885,DEBIT,Visa,4166 XXXX XXXX 6161,ACTIVE,2023-02-07,02/28,false
CRD669683179,60214482352033,DEBIT,RuPay,6522 XXXX XXXX 3013,ACTIVE,2026-08-01,08/31,false
CRD112915152,60217635038656,DEBIT,Mastercard,5470 XXXX XXXX 5246,REISSUED,2016-12-30,12/21,false
CRD632330191,60217635038656,DEBIT,Mastercard,5176 XXXX XXXX 6352,ACTIVE,2025-02-18,02/30,false
CRD386813463,60218801458196,DEBIT,Mastercard,5470 XXXX XXXX 0470,ACTIVE,2023-08-14,08/28,false
CRD625744387,60217870306604,DEBIT,RuPay,6070 XXXX XXXX 8354,ACTIVE,2022-11-20,11/27,false
CRD022407377,60219052122402,DEBIT,Visa,4390 XXXX XXXX 3409,ACTIVE,2025-12-09,12/30,false
CRD603551476,60211424268723,DEBIT,RuPay,6070 XXXX XXXX 8544,ACTIVE,2026-04-16,04/31,false
CRD195764922,60219386544171,DEBIT,RuPay,6070 XXXX XXXX 7844,ACTIVE,2024-11-07,11/29,false
CRD824414555,60213412382629,DEBIT,RuPay,6521 XXXX XXXX 7514,ACTIVE,2026-05-23,05/31,false
CRD443863822,60213412382629,CREDIT,Visa,4166 XXXX XXXX 0136,ACTIVE,2022-05-02,05/27,false
CRD032074833,60215706819433,DEBIT,Visa,4214 XXXX XXXX 3363,ACTIVE,2024-04-02,04/29,false
CRD433821962,60215706819433,CREDIT,Visa,4214 XXXX XXXX 7553,ACTIVE,2023-06-19,06/28,true
CRD983355094,60210717834279,DEBIT,RuPay,6070 XXXX XXXX 5703,ACTIVE,2025-10-29,10/30,false
CRD517603342,60216626366397,DEBIT,Visa,4166 XXXX XXXX 9678,ACTIVE,2025-12-20,12/30,true
CRD992317687,60216311776778,DEBIT,RuPay,6522 XXXX XXXX 1773,ACTIVE,2022-02-03,02/27,false
CRD859517938,60217878353430,DEBIT,Visa,4390 XXXX XXXX 9428,ACTIVE,2022-10-06,10/27,false
CRD423732923,60217034538771,DEBIT,Visa,4166 XXXX XXXX 4308,ACTIVE,2025-12-28,12/30,false
CRD030278882,60217034538771,CREDIT,RuPay,6081 XXXX XXXX 1122,ACTIVE,2025-03-13,03/30,false
CRD110423933,60211509567260,DEBIT,RuPay,6081 XXXX XXXX 7830,REISSUED,2018-05-02,05/23,true
CRD001986769,60211509567260,DEBIT,RuPay,6070 XXXX XXXX 9035,ACTIVE,2022-12-13,12/27,false
CRD144247972,60213243566121,DEBIT,Visa,4390 XXXX XXXX 3405,REISSUED,2018-12-07,12/23,false
CRD461573082,60213243566121,DEBIT,Visa,4591 XXXX XXXX 6083,ACTIVE,2023-03-24,03/28,false
CRD848107862,60216445774600,DEBIT,Mastercard,5318 XXXX XXXX 5170,ACTIVE,2025-08-06,08/30,true
CRD643245751,60215185512524,DEBIT,Mastercard,5241 XXXX XXXX 0092,REISSUED,2017-11-02,11/22,false
CRD593730417,60215185512524,DEBIT,Mastercard,5176 XXXX XXXX 6826,ACTIVE,2023-04-10,04/28,false
CRD451020753,60214804383802,DEBIT,RuPay,6070 XXXX XXXX 3275,ACTIVE,2022-06-14,06/27,false
CRD874705240,60218450975377,DEBIT,Visa,4390 XXXX XXXX 5844,REISSUED,2021-06-06,06/26,false
CRD747165070,60218450975377,DEBIT,Visa,4166 XXXX XXXX 4153,ACTIVE,2026-05-03,05/31,false
CRD846012383,60213101826071,DEBIT,Mastercard,5318 XXXX XXXX 2581,ACTIVE,2026-08-09,08/31,false
CRD537784303,60214751615524,DEBIT,RuPay,6081 XXXX XXXX 3905,ACTIVE,2025-03-31,03/30,true
CRD431136510,60214751615524,CREDIT,RuPay,6521 XXXX XXXX 7146,ACTIVE,2024-08-27,08/29,false
CRD434367371,60212329281857,DEBIT,RuPay,6522 XXXX XXXX 4393,ACTIVE,2026-02-07,02/31,false
CRD470293336,60212329281857,CREDIT,Visa,4390 XXXX XXXX 3666,ACTIVE,2026-07-26,07/31,true
CRD037172324,60213696289071,DEBIT,Mastercard,5176 XXXX XXXX 1680,ACTIVE,2025-02-18,02/30,false
CRD602407598,60213100061425,DEBIT,Visa,4591 XXXX XXXX 2678,ACTIVE,2023-07-24,07/28,false
CRD854370969,60215971225649,DEBIT,RuPay,6522 XXXX XXXX 5031,EXPIRED,2021-05-02,05/26,false
CRD091776693,60215971225649,DEBIT,RuPay,6521 XXXX XXXX 9648,ACTIVE,2025-10-10,10/30,false
CRD504076792,60219175250614,DEBIT,Mastercard,5176 XXXX XXXX 6130,ACTIVE,2025-05-26,05/30,false
CRD072032375,60218596241973,DEBIT,RuPay,6521 XXXX XXXX 6549,ACTIVE,2022-11-19,11/27,false
CRD990513149,60218596241973,CREDIT,Mastercard,5241 XXXX XXXX 5031,ACTIVE,2025-07-27,07/30,true
CRD808949407,60210956078752,DEBIT,Visa,4166 XXXX XXXX 7551,ACTIVE,2025-02-07,02/30,true
CRD931747031,60218773470161,DEBIT,RuPay,6081 XXXX XXXX 5127,ACTIVE,2023-01-21,01/28,false
CRD550066043,60216484922282,DEBIT,RuPay,6521 XXXX XXXX 2860,ACTIVE,2026-06-03,06/31,false
CRD150150440,60210332065865,DEBIT,RuPay,6081 XXXX XXXX 2484,ACTIVE,2025-11-05,11/30,false
CRD418121403,60210515580832,DEBIT,RuPay,6521 XXXX XXXX 2017,ACTIVE,2025-11-05,11/30,false
CRD899032142,60210515580832,CREDIT,Visa,4591 XXXX XXXX 9973,ACTIVE,2022-12-02,12/27,true
CRD214886402,60212378211305,DEBIT,RuPay,6521 XXXX XXXX 3643,ACTIVE,2026-05-14,05/31,false
CRD805956064,60219085280800,DEBIT,Mastercard,5318 XXXX XXXX 1323,ACTIVE,2026-03-27,03/31,false
CRD540725747,60211880082286,DEBIT,Visa,4390 XXXX XXXX 1546,ACTIVE,2026-08-10,08/31,false
CRD196631907,60210559348967,DEBIT,RuPay,6521 XXXX XXXX 6931,ACTIVE,2025-03-17,03/30,true
CRD105693872,60216297106960,DEBIT,RuPay,6522 XXXX XXXX 9657,EXPIRED,2019-05-22,05/24,false
CRD693402651,60216297106960,DEBIT,RuPay,6521 XXXX XXXX 6914,ACTIVE,2022-06-25,06/27,false
CRD514274643,60212097068901,DEBIT,RuPay,6081 XXXX XXXX 2263,ACTIVE,2026-08-05,08/31,false
CRD993598682,60212050839743,DEBIT,RuPay,6521 XXXX XXXX 8564,ACTIVE,2022-07-09,07/27,false
CRD034015061,60212050839743,CREDIT,Visa,4591 XXXX XXXX 7009,ACTIVE,2025-06-05,06/30,false
CRD036942046,60219022979600,DEBIT,Visa,4390 XXXX XXXX 1108,ACTIVE,2026-07-25,07/31,false
CRD012292348,60214868905534,DEBIT,RuPay,6070 XXXX XXXX 5642,ACTIVE,2024-02-25,02/29,false
CRD178333336,60213358722591,DEBIT,Mastercard,5176 XXXX XXXX 2984,ACTIVE,2024-10-24,10/29,false
CRD900750915,60215101322967,DEBIT,Visa,4591 XXXX XXXX 6467,ACTIVE,2026-05-28,05/31,false
CRD863835616,60210189716163,DEBIT,Mastercard,5318 XXXX XXXX 7274,ACTIVE,2022-08-08,08/27,false
CRD224549053,60219073159945,DEBIT,RuPay,6522 XXXX XXXX 3201,ACTIVE,2026-04-01,04/31,false
CRD886497116,60215534213790,DEBIT,Visa,4166 XXXX XXXX 9135,ACTIVE,2025-01-31,01/30,false
CRD199627962,60217971871861,DEBIT,RuPay,6522 XXXX XXXX 2252,EXPIRED,2020-05-16,05/25,false
CRD350564480,60217971871861,DEBIT,Visa,4166 XXXX XXXX 0178,ACTIVE,2024-02-04,02/29,false
CRD264830429,60219404719978,DEBIT,RuPay,6070 XXXX XXXX 3602,ACTIVE,2024-10-15,10/29,false
CRD894628461,60217761353420,DEBIT,RuPay,6081 XXXX XXXX 7471,ACTIVE,2026-06-16,06/31,false
CRD121490424,60218438126737,DEBIT,RuPay,6081 XXXX XXXX 9131,REISSUED,2015-12-01,12/20,false
CRD464346653,60218438126737,DEBIT,RuPay,6081 XXXX XXXX 3370,ACTIVE,2022-09-01,09/27,false
CRD357062696,60218438126737,CREDIT,Mastercard,5241 XXXX XXXX 0202,ACTIVE,2026-03-07,03/31,true
CRD119107831,60213258079972,DEBIT,Mastercard,5470 XXXX XXXX 3353,ACTIVE,2024-08-20,08/29,false
CRD677155473,60213258079972,CREDIT,Visa,4166 XXXX XXXX 4021,ACTIVE,2024-03-15,03/29,true
CRD143150228,60216865126962,DEBIT,Mastercard,5318 XXXX XXXX 3166,REISSUED,2013-05-19,05/18,false
CRD688397662,60216865126962,DEBIT,Visa,4166 XXXX XXXX 3817,ACTIVE,2023-08-31,08/28,true
CRD619549788,60212210321839,DEBIT,Mastercard,5241 XXXX XXXX 9979,REISSUED,2020-02-02,02/25,false
CRD920322648,60212210321839,DEBIT,Visa,4166 XXXX XXXX 4163,ACTIVE,2025-10-20,10/30,false
CRD229277554,60210286099282,DEBIT,Visa,4214 XXXX XXXX 8747,REISSUED,2017-07-08,07/22,false
CRD861027950,60210286099282,DEBIT,RuPay,6522 XXXX XXXX 0155,ACTIVE,2025-02-17,02/30,false
CRD732752627,60210286099282,CREDIT,Mastercard,5318 XXXX XXXX 4710,ACTIVE,2024-02-24,02/29,false
CRD854850203,60217477232065,DEBIT,Mastercard,5318 XXXX XXXX 4960,ACTIVE,2024-07-17,07/29,false
CRD462635444,60214605742751,DEBIT,RuPay,6521 XXXX XXXX 2212,ACTIVE,2024-01-26,01/29,false
CRD742095884,60218562411568,DEBIT,RuPay,6522 XXXX XXXX 8313,ACTIVE,2023-05-20,05/28,true
CRD342425816,60215924961224,DEBIT,Mastercard,5318 XXXX XXXX 0141,ACTIVE,2026-06-12,06/31,false
CRD904378699,60212341779301,DEBIT,RuPay,6522 XXXX XXXX 0457,ACTIVE,2026-05-11,05/31,false
CRD984030828,60214279436268,DEBIT,RuPay,6070 XXXX XXXX 8574,EXPIRED,2020-07-14,07/25,false
CRD613667013,60214279436268,DEBIT,Visa,4214 XXXX XXXX 0050,ACTIVE,2024-08-21,08/29,false
CRD899984667,60214279436268,CREDIT,Visa,4166 XXXX XXXX 8405,ACTIVE,2025-01-02,01/30,true
CRD255297477,60218938094646,DEBIT,Visa,4390 XXXX XXXX 6279,ACTIVE,2026-01-28,01/31,false
CRD315383217,60217068359983,DEBIT,Mastercard,5318 XXXX XXXX 4894,ACTIVE,2025-09-25,09/30,false
CRD313784626,60213900059453,DEBIT,Mastercard,5318 XXXX XXXX 0572,ACTIVE,2023-12-02,12/28,false
CRD324317361,60215700565985,DEBIT,Visa,4390 XXXX XXXX 9939,ACTIVE,2023-08-18,08/28,false
CRD453364266,60217000840161,DEBIT,Visa,4591 XXXX XXXX 7647,ACTIVE,2022-01-18,01/27,false
CRD738018591,60211084486592,DEBIT,RuPay,6521 XXXX XXXX 3406,ACTIVE,2023-07-15,07/28,true
CRD899973915,60211782101255,DEBIT,RuPay,6070 XXXX XXXX 4607,ACTIVE,2025-10-09,10/30,false
CRD438795469,60216205685216,DEBIT,RuPay,6521 XXXX XXXX 5138,ACTIVE,2025-08-04,08/30,false
CRD019546316,60217193923399,DEBIT,RuPay,6522 XXXX XXXX 0043,ACTIVE,2024-12-16,12/29,false
CRD502664376,60212049678000,DEBIT,RuPay,6070 XXXX XXXX 7492,ACTIVE,2022-08-07,08/27,false
CRD841920739,60212590733647,DEBIT,Mastercard,5470 XXXX XXXX 7258,EXPIRED,2013-11-10,11/18,false
CRD548867258,60212590733647,DEBIT,RuPay,6521 XXXX XXXX 3736,ACTIVE,2023-09-10,09/28,true
CRD603367652,60212845600585,DEBIT,RuPay,6070 XXXX XXXX 8745,ACTIVE,2023-01-04,01/28,false
CRD218916304,60212845600585,CREDIT,Mastercard,5176 XXXX XXXX 9053,ACTIVE,2026-04-12,04/31,true
CRD570121574,60219552125886,DEBIT,RuPay,6521 XXXX XXXX 8054,REISSUED,2017-01-30,01/22,false
CRD275956969,60219552125886,DEBIT,Visa,4214 XXXX XXXX 1750,ACTIVE,2026-07-28,07/31,false
CRD577737245,60219552125886,CREDIT,Mastercard,5318 XXXX XXXX 7672,ACTIVE,2025-12-09,12/30,false
CRD530937862,60218727779216,DEBIT,Visa,4166 XXXX XXXX 0887,REISSUED,2017-04-23,04/22,false
CRD639037135,60218727779216,DEBIT,RuPay,6081 XXXX XXXX 2072,ACTIVE,2024-01-29,01/29,false
CRD243324492,60218310297354,DEBIT,Mastercard,5241 XXXX XXXX 7179,HOTLISTED,2025-10-31,10/30,false
CRD315285287,60213825392252,DEBIT,Mastercard,5318 XXXX XXXX 7546,EXPIRED,2019-11-19,11/24,false
CRD420864946,60213825392252,DEBIT,Visa,4390 XXXX XXXX 6097,ACTIVE,2022-03-08,03/27,false
CRD673233544,60213825392252,CREDIT,Visa,4390 XXXX XXXX 6602,ACTIVE,2024-12-02,12/29,false
CRD005529140,60216778219537,DEBIT,RuPay,6081 XXXX XXXX 0118,ACTIVE,2023-05-15,05/28,false
CRD786028247,60211039344131,DEBIT,RuPay,6522 XXXX XXXX 4036,ACTIVE,2026-01-04,01/31,false
CRD378791654,60216332820788,DEBIT,Visa,4390 XXXX XXXX 7919,ACTIVE,2024-10-15,10/29,false
CRD207390687,60217181570574,DEBIT,RuPay,6522 XXXX XXXX 2181,EXPIRED,2019-09-24,09/24,false
CRD337257115,60217181570574,DEBIT,RuPay,6081 XXXX XXXX 1449,ACTIVE,2023-09-25,09/28,false
CRD493297170,60210906744086,DEBIT,Mastercard,5470 XXXX XXXX 8782,ACTIVE,2025-05-25,05/30,false
CRD534740371,60212406713386,DEBIT,RuPay,6522 XXXX XXXX 6230,ACTIVE,2026-06-29,06/31,true
CRD233263411,60219939113254,DEBIT,Mastercard,5318 XXXX XXXX 8897,EXPIRED,2013-03-14,03/18,false
CRD027716926,60219939113254,DEBIT,Mastercard,5470 XXXX XXXX 9650,ACTIVE,2024-08-05,08/29,false
CRD516827821,60219939113254,CREDIT,Visa,4214 XXXX XXXX 2221,ACTIVE,2024-07-17,07/29,true
CRD421100198,60213193208411,DEBIT,RuPay,6521 XXXX XXXX 1948,ACTIVE,2024-05-10,05/29,false
CRD600759027,60218073343908,DEBIT,Visa,4214 XXXX XXXX 0457,ACTIVE,2025-06-21,06/30,false
CRD605975209,60215519888476,DEBIT,Visa,4591 XXXX XXXX 5130,ACTIVE,2024-12-02,12/29,false
CRD311013918,60215519888476,CREDIT,RuPay,6522 XXXX XXXX 3800,ACTIVE,2023-12-11,12/28,true
CRD644719383,60210091725342,DEBIT,Visa,4591 XXXX XXXX 0552,ACTIVE,2026-04-23,04/31,false
CRD445824422,60216477363060,DEBIT,Visa,4214 XXXX XXXX 8485,ACTIVE,2026-07-15,07/31,false
CRD103163090,60216477363060,CREDIT,Visa,4390 XXXX XXXX 5747,ACTIVE,2024-04-15,04/29,false
CRD284661523,60215645751042,DEBIT,RuPay,6521 XXXX XXXX 6369,ACTIVE,2024-12-01,12/29,false
CRD789409040,60215645751042,CREDIT,Visa,4591 XXXX XXXX 5070,ACTIVE,2022-06-25,06/27,true
CRD361555677,60212462554470,DEBIT,Visa,4591 XXXX XXXX 7227,ACTIVE,2026-06-21,06/31,false
CRD044135374,60218332246137,DEBIT,RuPay,6070 XXXX XXXX 9531,ACTIVE,2022-11-21,11/27,false
CRD970715126,60217728453240,DEBIT,RuPay,6081 XXXX XXXX 6066,ACTIVE,2024-04-05,04/29,false
CRD412967487,60216096213162,DEBIT,RuPay,6070 XXXX XXXX 3013,ACTIVE,2026-03-15,03/31,false
CRD022669093,60210067499825,DEBIT,Mastercard,5241 XXXX XXXX 1861,ACTIVE,2024-12-15,12/29,false
CRD238811502,60216682640089,DEBIT,RuPay,6081 XXXX XXXX 1895,ACTIVE,2025-10-01,10/30,false
CRD716412975,60213517970586,DEBIT,RuPay,6522 XXXX XXXX 0575,ACTIVE,2026-05-08,05/31,false
CRD846875105,60212072953289,DEBIT,RuPay,6522 XXXX XXXX 2732,ACTIVE,2025-11-25,11/30,false
CRD125852523,60212383549967,DEBIT,RuPay,6081 XXXX XXXX 3494,ACTIVE,2024-04-29,04/29,false
CRD199408748,60212383549967,CREDIT,Visa,4591 XXXX XXXX 0167,ACTIVE,2024-07-15,07/29,true
CRD899856076,60215938131931,DEBIT,Visa,4390 XXXX XXXX 4615,ACTIVE,2022-03-05,03/27,false
CRD758042582,60213536154956,DEBIT,RuPay,6521 XXXX XXXX 8472,ACTIVE,2023-12-09,12/28,true
CRD007725841,60213536154956,CREDIT,Visa,4390 XXXX XXXX 7810,ACTIVE,2023-04-16,04/28,false
CRD650579023,60217338849999,DEBIT,RuPay,6081 XXXX XXXX 2985,ACTIVE,2024-03-29,03/29,false
CRD034372809,60216544896720,DEBIT,Visa,4166 XXXX XXXX 4638,ACTIVE,2022-08-04,08/27,false
CRD299764238,60211207727634,DEBIT,Visa,4214 XXXX XXXX 8168,ACTIVE,2025-04-13,04/30,false
CRD354098585,60211207727634,CREDIT,RuPay,6522 XXXX XXXX 4814,ACTIVE,2025-07-17,07/30,true
CRD794016175,60216659827962,DEBIT,RuPay,6521 XXXX XXXX 2827,ACTIVE,2025-07-25,07/30,false
CRD294777546,60211059988626,DEBIT,RuPay,6070 XXXX XXXX 8013,ACTIVE,2023-08-18,08/28,false
CRD336442998,60219823032023,DEBIT,RuPay,6081 XXXX XXXX 6790,REISSUED,2018-10-30,10/23,false
CRD415585883,60219823032023,DEBIT,RuPay,6081 XXXX XXXX 6058,ACTIVE,2022-12-11,12/27,true
CRD657421686,60210113688741,DEBIT,Visa,4214 XXXX XXXX 0219,EXPIRED,2021-08-23,08/26,false
CRD274723135,60210113688741,DEBIT,Visa,4214 XXXX XXXX 6811,ACTIVE,2023-05-29,05/28,false
CRD722220286,60211398143807,DEBIT,RuPay,6522 XXXX XXXX 1112,ACTIVE,2022-08-15,08/27,true
CRD199632446,60214670544359,DEBIT,RuPay,6522 XXXX XXXX 0475,ACTIVE,2025-08-03,08/30,false
CRD224966512,60211293103541,DEBIT,Visa,4166 XXXX XXXX 8335,ACTIVE,2023-05-16,05/28,false
CRD344088400,60218090871248,DEBIT,RuPay,6522 XXXX XXXX 4213,EXPIRED,2021-02-19,02/26,false
CRD157326089,60218090871248,DEBIT,RuPay,6521 XXXX XXXX 4633,ACTIVE,2022-05-01,05/27,true
CRD323352111,60215022662764,DEBIT,RuPay,6522 XXXX XXXX 5989,ACTIVE,2025-02-03,02/30,false
CRD614246030,60214236688655,DEBIT,Mastercard,5176 XXXX XXXX 4193,EXPIRED,2016-03-04,03/21,false
CRD045157653,60214236688655,DEBIT,RuPay,6522 XXXX XXXX 3944,ACTIVE,2022-03-06,03/27,false
CRD309320237,60213550125936,DEBIT,RuPay,6522 XXXX XXXX 6117,REISSUED,2019-05-24,05/24,false
CRD843439506,60213550125936,DEBIT,RuPay,6081 XXXX XXXX 8712,ACTIVE,2024-07-18,07/29,false
CRD333730849,60212478633739,DEBIT,RuPay,6521 XXXX XXXX 5995,REISSUED,2020-08-17,08/25,false
CRD768882512,60212478633739,DEBIT,RuPay,6081 XXXX XXXX 5672,ACTIVE,2026-04-16,04/31,false
CRD513605182,60214936908051,DEBIT,RuPay,6522 XXXX XXXX 1622,ACTIVE,2024-03-23,03/29,false
CRD341422736,60214936908051,CREDIT,Mastercard,5470 XXXX XXXX 0019,ACTIVE,2025-08-04,08/30,true
CRD532683670,60217191076749,DEBIT,RuPay,6081 XXXX XXXX 8727,ACTIVE,2022-07-14,07/27,false
CRD727895698,60212097967198,DEBIT,Mastercard,5470 XXXX XXXX 9466,ACTIVE,2026-02-15,02/31,false
CRD911951805,60216888662507,DEBIT,Visa,4166 XXXX XXXX 4692,ACTIVE,2026-07-27,07/31,false
CRD699862957,60218886425204,DEBIT,Visa,4214 XXXX XXXX 0527,ACTIVE,2025-05-21,05/30,false
CRD037014614,60216290996948,DEBIT,Visa,4390 XXXX XXXX 1583,ACTIVE,2024-02-19,02/29,false
CRD672295966,60215964470586,DEBIT,RuPay,6521 XXXX XXXX 6262,ACTIVE,2026-07-25,07/31,false
CRD480130690,60218532257205,DEBIT,RuPay,6081 XXXX XXXX 2817,ACTIVE,2026-07-05,07/31,false
CRD621774926,60216486643263,DEBIT,Mastercard,5241 XXXX XXXX 3546,ACTIVE,2025-10-16,10/30,false
CRD822026415,60218648704506,DEBIT,Visa,4166 XXXX XXXX 4223,ACTIVE,2023-11-24,11/28,false
CRD748286424,60219932766408,DEBIT,Visa,4214 XXXX XXXX 7689,ACTIVE,2025-10-27,10/30,true
CRD364605795,60215509884369,DEBIT,RuPay,6081 XXXX XXXX 5851,ACTIVE,2025-02-22,02/30,false
CRD135716765,60213994527908,DEBIT,Visa,4390 XXXX XXXX 2622,EXPIRED,2019-09-03,09/24,false
CRD408459702,60213994527908,DEBIT,RuPay,6081 XXXX XXXX 6688,ACTIVE,2024-11-22,11/29,false
CRD322381321,60218313250719,DEBIT,RuPay,6522 XXXX XXXX 9969,ACTIVE,2026-08-12,08/31,false
CRD611136229,60213402665854,DEBIT,RuPay,6081 XXXX XXXX 4728,ACTIVE,2025-02-04,02/30,false
CRD242555218,60212463719242,DEBIT,Visa,4214 XXXX XXXX 0787,ACTIVE,2025-12-03,12/30,false
CRD341888672,60211846247144,DEBIT,Visa,4390 XXXX XXXX 0458,ACTIVE,2022-09-29,09/27,false
CRD380411663,60216144654067,DEBIT,RuPay,6522 XXXX XXXX 5165,ACTIVE,2023-09-22,09/28,false
CRD630780926,60218494730582,DEBIT,RuPay,6521 XXXX XXXX 5018,ACTIVE,2025-02-17,02/30,false
CRD689990254,60212500322017,DEBIT,Mastercard,5318 XXXX XXXX 2753,ACTIVE,2024-09-23,09/29,false
CRD165740533,60219005945177,DEBIT,Visa,4166 XXXX XXXX 5992,ACTIVE,2022-07-08,07/27,false
CRD623276894,60219816011490,DEBIT,Visa,4390 XXXX XXXX 9204,ACTIVE,2025-06-09,06/30,false
CRD821229597,60219816011490,CREDIT,Visa,4591 XXXX XXXX 9558,ACTIVE,2024-04-05,04/29,false
CRD522669760,60213313566953,DEBIT,RuPay,6521 XXXX XXXX 2184,HOTLISTED,2025-11-02,11/30,false
CRD834079010,60213313566953,DEBIT,RuPay,6081 XXXX XXXX 4940,ACTIVE,2026-08-03,08/31,false
CRD984101303,60217108790331,DEBIT,RuPay,6522 XXXX XXXX 1090,ACTIVE,2025-10-18,10/30,false
CRD693994836,60213548603613,DEBIT,RuPay,6521 XXXX XXXX 8743,ACTIVE,2025-05-01,05/30,false
CRD015062393,60219978185634,DEBIT,Mastercard,5176 XXXX XXXX 3230,ACTIVE,2024-01-30,01/29,false
CRD429807679,60214558562807,DEBIT,Mastercard,5470 XXXX XXXX 9450,ACTIVE,2022-09-10,09/27,false
CRD352882701,60214444411766,DEBIT,RuPay,6522 XXXX XXXX 8586,ACTIVE,2026-03-04,03/31,false
CRD897952111,60210086291657,DEBIT,RuPay,6522 XXXX XXXX 0843,ACTIVE,2026-08-05,08/31,false
CRD583503403,60218140055342,DEBIT,Mastercard,5176 XXXX XXXX 6804,REISSUED,2019-05-15,05/24,false
CRD848704065,60218140055342,DEBIT,RuPay,6521 XXXX XXXX 1487,ACTIVE,2026-06-03,06/31,false
CRD101141490,60219698382441,DEBIT,Mastercard,5318 XXXX XXXX 1871,ACTIVE,2022-10-09,10/27,false
CRD706757654,60211129809456,DEBIT,RuPay,6522 XXXX XXXX 5990,ACTIVE,2024-04-10,04/29,false
CRD812147048,60211129809456,CREDIT,Mastercard,5470 XXXX XXXX 2736,ACTIVE,2025-12-31,12/30,false
CRD317042301,60214408587370,DEBIT,Visa,4591 XXXX XXXX 9164,ACTIVE,2024-04-08,04/29,false
CRD696754584,60216101366406,DEBIT,Visa,4166 XXXX XXXX 0202,ACTIVE,2023-04-09,04/28,false
CRD952182910,60211649113531,DEBIT,RuPay,6081 XXXX XXXX 7204,ACTIVE,2024-12-10,12/29,true
CRD859184839,60211384422787,DEBIT,RuPay,6070 XXXX XXXX 4937,ACTIVE,2022-05-20,05/27,false
CRD701595697,60210450997240,DEBIT,Visa,4166 XXXX XXXX 1784,ACTIVE,2026-04-27,04/31,true
CRD721992879,60210440712648,DEBIT,RuPay,6081 XXXX XXXX 2555,ACTIVE,2023-05-19,05/28,false
CRD503869050,60210440712648,CREDIT,Mastercard,5470 XXXX XXXX 2981,ACTIVE,2023-06-05,06/28,false
CRD548760174,60216989199703,DEBIT,RuPay,6070 XXXX XXXX 3991,ACTIVE,2026-03-04,03/31,true
CRD234976726,60214078997339,DEBIT,RuPay,6521 XXXX XXXX 1051,ACTIVE,2022-08-24,08/27,false
CRD296196720,60214307893152,DEBIT,Visa,4166 XXXX XXXX 1190,REISSUED,2020-10-09,10/25,false
CRD072222857,60214307893152,DEBIT,Visa,4214 XXXX XXXX 3426,ACTIVE,2024-06-23,06/29,false
CRD676134770,60214257414714,DEBIT,Visa,4214 XXXX XXXX 4305,REISSUED,2020-05-31,05/25,false
CRD509333072,60214257414714,DEBIT,RuPay,6521 XXXX XXXX 5436,ACTIVE,2023-02-26,02/28,false
CRD817028379,60219690563929,DEBIT,RuPay,6521 XXXX XXXX 9281,ACTIVE,2023-06-01,06/28,false
CRD086370019,60216870521620,DEBIT,Visa,4214 XXXX XXXX 8962,ACTIVE,2023-11-15,11/28,false
CRD375571236,60213259900304,DEBIT,Visa,4214 XXXX XXXX 7663,REISSUED,2019-05-10,05/24,false
CRD459833845,60213259900304,DEBIT,Visa,4591 XXXX XXXX 5423,ACTIVE,2025-05-07,05/30,false
CRD131149441,60218768652872,DEBIT,Mastercard,5241 XXXX XXXX 9294,ACTIVE,2025-10-12,10/30,false
CRD564170099,60210672688725,DEBIT,Mastercard,5470 XXXX XXXX 3263,ACTIVE,2023-01-09,01/28,false
CRD421766438,60218091538788,DEBIT,Visa,4591 XXXX XXXX 3477,EXPIRED,2018-01-16,01/23,true
CRD749576156,60218091538788,DEBIT,RuPay,6521 XXXX XXXX 5517,ACTIVE,2025-02-06,02/30,false
CRD630677704,60218091538788,CREDIT,Visa,4591 XXXX XXXX 9587,ACTIVE,2025-01-04,01/30,true
CRD826290051,60211232382794,DEBIT,RuPay,6070 XXXX XXXX 9587,ACTIVE,2024-08-08,08/29,false
CRD230702856,60214175988070,DEBIT,RuPay,6070 XXXX XXXX 1846,ACTIVE,2025-05-13,05/30,false
CRD760235523,60216525426673,DEBIT,RuPay,6070 XXXX XXXX 2576,EXPIRED,2020-11-09,11/25,false
CRD475790989,60216525426673,DEBIT,Visa,4390 XXXX XXXX 6584,ACTIVE,2023-12-25,12/28,false
CRD174942949,60212533932414,DEBIT,RuPay,6521 XXXX XXXX 7742,REISSUED,2020-01-16,01/25,false
CRD030179821,60212533932414,DEBIT,Visa,4390 XXXX XXXX 1744,ACTIVE,2026-03-12,03/31,false
CRD310967883,60211414808810,DEBIT,Visa,4214 XXXX XXXX 5194,ACTIVE,2025-09-26,09/30,false
CRD071462409,60219705696710,DEBIT,Mastercard,5176 XXXX XXXX 4778,EXPIRED,2017-08-17,08/22,false
CRD187985667,60219705696710,DEBIT,Visa,4390 XXXX XXXX 3035,ACTIVE,2022-10-25,10/27,true
CRD623488049,60217493380129,DEBIT,Mastercard,5470 XXXX XXXX 8449,ACTIVE,2023-12-14,12/28,false
CRD339255061,60215875511793,DEBIT,RuPay,6070 XXXX XXXX 5806,ACTIVE,2026-03-10,03/31,false
CRD271505216,60213207695025,DEBIT,RuPay,6081 XXXX XXXX 0846,ACTIVE,2025-03-15,03/30,false
CRD303991151,60212738739200,DEBIT,RuPay,6081 XXXX XXXX 7229,ACTIVE,2022-01-24,01/27,false
CRD715367697,60215790434846,DEBIT,RuPay,6070 XXXX XXXX 3935,ACTIVE,2025-07-12,07/30,false
CRD825074226,60216448982079,DEBIT,RuPay,6522 XXXX XXXX 6017,REISSUED,2021-08-24,08/26,false
CRD059201097,60216448982079,DEBIT,Visa,4591 XXXX XXXX 9718,ACTIVE,2026-01-03,01/31,true
CRD195685723,60213161570551,DEBIT,Mastercard,5318 XXXX XXXX 5297,ACTIVE,2023-11-26,11/28,false
CRD472906564,60219127260101,DEBIT,Mastercard,5176 XXXX XXXX 0820,EXPIRED,2019-07-08,07/24,true
CRD466505003,60219127260101,DEBIT,Visa,4591 XXXX XXXX 7668,ACTIVE,2025-01-01,01/30,false
CRD859068622,60217844011759,DEBIT,RuPay,6070 XXXX XXXX 7073,EXPIRED,2018-09-30,09/23,false
CRD300755836,60217844011759,DEBIT,RuPay,6081 XXXX XXXX 2191,ACTIVE,2023-01-08,01/28,false
CRD453036311,60212612987117,DEBIT,Mastercard,5470 XXXX XXXX 3887,EXPIRED,2021-06-14,06/26,false
CRD861147837,60212612987117,DEBIT,Mastercard,5176 XXXX XXXX 7521,ACTIVE,2026-07-02,07/31,false
CRD550259877,60219608156959,DEBIT,RuPay,6522 XXXX XXXX 2434,ACTIVE,2024-05-25,05/29,false
CRD248161949,60213975387118,DEBIT,Mastercard,5470 XXXX XXXX 3500,ACTIVE,2022-01-23,01/27,false
CRD590983877,60212048393580,DEBIT,Visa,4214 XXXX XXXX 5594,EXPIRED,2020-11-20,11/25,false
CRD597911830,60212048393580,DEBIT,RuPay,6070 XXXX XXXX 8164,ACTIVE,2024-12-07,12/29,false
CRD551808992,60214967185574,DEBIT,RuPay,6521 XXXX XXXX 8322,EXPIRED,2020-02-24,02/25,false
CRD737123415,60214967185574,DEBIT,Visa,4390 XXXX XXXX 5805,ACTIVE,2025-02-02,02/30,false
CRD144556483,60212665988935,DEBIT,Mastercard,5241 XXXX XXXX 0305,ACTIVE,2026-06-08,06/31,false
CRD116651799,60212211491780,DEBIT,Mastercard,5470 XXXX XXXX 0187,ACTIVE,2025-09-25,09/30,false
CRD890985567,60216781082542,DEBIT,RuPay,6521 XXXX XXXX 3283,ACTIVE,2025-04-15,04/30,true
CRD320999908,60217813778915,DEBIT,RuPay,6522 XXXX XXXX 7942,ACTIVE,2023-01-21,01/28,false
CRD494295837,60216234819611,DEBIT,RuPay,6081 XXXX XXXX 6678,ACTIVE,2022-10-01,10/27,false
CRD747846022,60211950503282,DEBIT,Mastercard,5176 XXXX XXXX 8698,ACTIVE,2025-02-07,02/30,false
CRD404992027,60211950503282,CREDIT,Visa,4166 XXXX XXXX 9250,ACTIVE,2025-02-06,02/30,true
CRD610119007,60213837248444,DEBIT,RuPay,6070 XXXX XXXX 3950,ACTIVE,2026-01-18,01/31,false
CRD269717651,60212339331775,DEBIT,RuPay,6522 XXXX XXXX 3543,EXPIRED,2021-08-12,08/26,false
CRD840407258,60212339331775,DEBIT,RuPay,6070 XXXX XXXX 2301,ACTIVE,2022-09-16,09/27,false
CRD874334675,60215923091931,DEBIT,RuPay,6521 XXXX XXXX 9762,ACTIVE,2024-02-26,02/29,false
CRD680241096,60219226036302,DEBIT,Mastercard,5470 XXXX XXXX 4359,ACTIVE,2025-01-11,01/30,false
CRD630725625,60219226036302,CREDIT,Visa,4166 XXXX XXXX 2874,ACTIVE,2024-06-21,06/29,true
CRD605583604,60214546233782,DEBIT,Visa,4166 XXXX XXXX 4038,ACTIVE,2022-12-10,12/27,false
CRD327420912,60213160413249,DEBIT,RuPay,6081 XXXX XXXX 1735,ACTIVE,2024-04-09,04/29,false
CRD929865166,60216839725939,DEBIT,RuPay,6070 XXXX XXXX 6764,ACTIVE,2026-03-27,03/31,false
CRD344404088,60219012240796,DEBIT,Mastercard,5241 XXXX XXXX 2822,REISSUED,2018-08-01,08/23,false
CRD800506238,60219012240796,DEBIT,Mastercard,5318 XXXX XXXX 3078,ACTIVE,2022-02-05,02/27,false
CRD667343856,60219948241838,DEBIT,RuPay,6521 XXXX XXXX 0754,ACTIVE,2025-09-05,09/30,false
CRD467996066,60212519203501,DEBIT,Visa,4390 XXXX XXXX 8269,ACTIVE,2023-04-11,04/28,true
CRD767243163,60214920857742,DEBIT,Mastercard,5241 XXXX XXXX 9707,ACTIVE,2022-06-07,06/27,false
CRD718025652,60218331051097,DEBIT,Visa,4166 XXXX XXXX 5787,ACTIVE,2023-03-13,03/28,false
CRD007085616,60216779178298,DEBIT,RuPay,6522 XXXX XXXX 7737,ACTIVE,2023-12-27,12/28,true
CRD487070523,60216779178298,CREDIT,Mastercard,5318 XXXX XXXX 5574,ACTIVE,2025-07-07,07/30,true
CRD124326080,60212226753667,DEBIT,RuPay,6070 XXXX XXXX 5413,ACTIVE,2024-07-02,07/29,false
CRD644555851,60218246202347,DEBIT,RuPay,6081 XXXX XXXX 3719,ACTIVE,2024-04-19,04/29,false
CRD008810550,60210872570657,DEBIT,Mastercard,5318 XXXX XXXX 3920,ACTIVE,2024-11-27,11/29,false
CRD083989979,60210872570657,CREDIT,Visa,4214 XXXX XXXX 2795,ACTIVE,2024-10-08,10/29,false
CRD166770373,60210874827982,DEBIT,Visa,4390 XXXX XXXX 2041,ACTIVE,2023-05-07,05/28,false
CRD282339421,60219706123127,DEBIT,RuPay,6070 XXXX XXXX 1807,ACTIVE,2024-04-10,04/29,false
CRD702897239,60211344214549,DEBIT,RuPay,6081 XXXX XXXX 6162,ACTIVE,2025-08-02,08/30,false
CRD414556002,60211706427974,DEBIT,RuPay,6070 XXXX XXXX 5560,ACTIVE,2026-03-17,03/31,false
CRD688935621,60210799665886,DEBIT,RuPay,6070 XXXX XXXX 4265,ACTIVE,2023-05-17,05/28,true
CRD620172550,60210349002094,DEBIT,RuPay,6081 XXXX XXXX 3271,ACTIVE,2024-11-09,11/29,false
CRD532024442,60210349002094,CREDIT,RuPay,6522 XXXX XXXX 0281,ACTIVE,2023-09-04,09/28,false
CRD769312698,60213902136138,DEBIT,RuPay,6522 XXXX XXXX 6654,EXPIRED,2020-11-22,11/25,false
CRD487716506,60213902136138,DEBIT,Visa,4390 XXXX XXXX 7222,ACTIVE,2022-07-04,07/27,false
CRD644869670,60210497649420,DEBIT,RuPay,6070 XXXX XXXX 3623,ACTIVE,2025-10-23,10/30,false
CRD734687692,60214349351997,DEBIT,RuPay,6521 XXXX XXXX 5911,ACTIVE,2024-01-17,01/29,false
CRD779236182,60217685089457,DEBIT,Visa,4214 XXXX XXXX 5506,ACTIVE,2025-12-31,12/30,true
CRD202332230,60218965460716,DEBIT,RuPay,6081 XXXX XXXX 9074,ACTIVE,2025-09-15,09/30,false
CRD433400959,60210558259164,DEBIT,RuPay,6081 XXXX XXXX 6672,ACTIVE,2025-09-30,09/30,false
CRD577167362,60213099098563,DEBIT,Visa,4214 XXXX XXXX 6218,ACTIVE,2023-01-12,01/28,false
CRD869502119,60210946443993,DEBIT,Visa,4591 XXXX XXXX 5207,ACTIVE,2024-01-16,01/29,false
CRD187289044,60214450850758,DEBIT,Visa,4214 XXXX XXXX 8324,EXPIRED,2018-12-12,12/23,false
CRD075207901,60214450850758,DEBIT,Visa,4591 XXXX XXXX 0318,ACTIVE,2023-01-07,01/28,true
CRD310754089,60211244871641,DEBIT,RuPay,6070 XXXX XXXX 5684,ACTIVE,2026-05-30,05/31,false
CRD339203831,60216122124981,DEBIT,RuPay,6070 XXXX XXXX 3750,EXPIRED,2019-09-27,09/24,false
CRD721792304,60216122124981,DEBIT,Mastercard,5318 XXXX XXXX 1823,ACTIVE,2025-11-08,11/30,false
CRD693129449,60217237675689,DEBIT,RuPay,6081 XXXX XXXX 2219,ACTIVE,2024-09-21,09/29,false
CRD930808822,60219297684342,DEBIT,Mastercard,5470 XXXX XXXX 0916,ACTIVE,2025-09-30,09/30,false
CRD141477065,60217237675689,CREDIT,Visa,4166 XXXX XXXX 1298,ACTIVE,2025-06-03,06/30,true
CRD350958622,60210773413319,DEBIT,RuPay,6522 XXXX XXXX 8500,REISSUED,2020-09-30,09/25,false
CRD338840882,60210773413319,DEBIT,Mastercard,5318 XXXX XXXX 3026,ACTIVE,2024-01-10,01/29,false
CRD285382787,60210773413319,CREDIT,Visa,4591 XXXX XXXX 3321,ACTIVE,2023-02-18,02/28,false
CRD296845624,60217084045417,DEBIT,RuPay,6522 XXXX XXXX 9848,REISSUED,2019-02-13,02/24,false
CRD490655913,60217084045417,DEBIT,Visa,4214 XXXX XXXX 9361,ACTIVE,2023-05-07,05/28,false
CRD409541956,60213603040808,DEBIT,RuPay,6522 XXXX XXXX 7440,ACTIVE,2022-09-02,09/27,false
CRD992858741,60216681318553,DEBIT,Mastercard,5318 XXXX XXXX 8029,EXPIRED,2020-01-30,01/25,true
CRD402730789,60216681318553,DEBIT,Mastercard,5241 XXXX XXXX 9324,ACTIVE,2025-08-26,08/30,true
CRD242884546,60212024486924,DEBIT,Visa,4390 XXXX XXXX 3907,ACTIVE,2024-07-19,07/29,false
CRD773981351,60217540699056,DEBIT,RuPay,6522 XXXX XXXX 8587,ACTIVE,2026-06-20,06/31,false
CRD418801530,60212197459211,DEBIT,RuPay,6081 XXXX XXXX 8634,EXPIRED,2018-06-14,06/23,true
CRD520518853,60212197459211,DEBIT,Visa,4214 XXXX XXXX 1516,ACTIVE,2025-05-24,05/30,false
CRD830743436,60214575793416,DEBIT,Visa,4166 XXXX XXXX 1586,ACTIVE,2025-12-13,12/30,false
CRD411867161,60215801272564,DEBIT,RuPay,6081 XXXX XXXX 7683,ACTIVE,2025-08-12,08/30,false
CRD918119910,60218501644916,DEBIT,RuPay,6081 XXXX XXXX 0749,ACTIVE,2026-03-08,03/31,false
CRD159889476,60218725038904,DEBIT,RuPay,6521 XXXX XXXX 5648,ACTIVE,2023-02-01,02/28,false
CRD288317362,60210662990918,DEBIT,RuPay,6081 XXXX XXXX 7188,ACTIVE,2024-12-06,12/29,false
CRD462180666,60210662990918,CREDIT,Visa,4390 XXXX XXXX 2560,ACTIVE,2026-04-10,04/31,true
CRD694844439,60213789677992,DEBIT,Visa,4166 XXXX XXXX 8124,ACTIVE,2024-03-15,03/29,false
CRD782255070,60213791760574,DEBIT,RuPay,6521 XXXX XXXX 8612,ACTIVE,2023-07-11,07/28,false
CRD375187421,60213800771361,DEBIT,Mastercard,5241 XXXX XXXX 3534,ACTIVE,2024-03-26,03/29,false
CRD215003914,60212553105393,DEBIT,RuPay,6521 XXXX XXXX 6305,ACTIVE,2025-02-18,02/30,false
CRD830911119,60210462737027,DEBIT,RuPay,6522 XXXX XXXX 2032,ACTIVE,2026-01-08,01/31,false
CRD867376944,60214081181721,DEBIT,Mastercard,5241 XXXX XXXX 8667,EXPIRED,2021-07-16,07/26,false
CRD340195915,60214081181721,DEBIT,RuPay,6070 XXXX XXXX 9181,ACTIVE,2022-08-28,08/27,false
CRD371913034,60215229465293,DEBIT,RuPay,6081 XXXX XXXX 6159,ACTIVE,2025-03-11,03/30,false
CRD148629469,60217474136689,DEBIT,RuPay,6070 XXXX XXXX 7632,ACTIVE,2022-03-09,03/27,false
