customer_id,full_name,gender,dob,age,phone,email,city,state,pincode,preferred_language,segment,customer_since,kyc_status,risk_rating
C000001,Asha Choudhary,F,1953-09-17,73,+91 57467 32116,asha.choud11@example.com,Bengaluru,Karnataka,560354,en,senior_citizen,2020-02-08,FULL,LOW
C000002,Suresh Kulkarni,M,2008-09-26,18,+91 53866 81895,suresh_kulk54@example.com,Nashik,Maharashtra,422605,mr,salaried,2026-05-20,FULL,LOW
C000003,Rekha Deshmukh,F,1980-10-30,45,+91 52719 77844,rekha_desh30@example.com,Thane,Maharashtra,400184,hinglish,salaried,2021-04-04,FULL,LOW
C000004,Sneha Thakur,F,1991-02-04,35,+91 57216 20912,snehathakur169@example.com,Thane,Maharashtra,400698,mr,salaried,2025-08-31,FULL,LOW
C000005,Ramesh Yadav,M,1970-05-13,56,+91 57273 52488,ramesh_yada62@example.com,Mumbai,Maharashtra,400790,hinglish,salaried,2019-09-02,FULL,MEDIUM
C000006,Mrunal Gokhale,F,1966-10-12,59,+91 59329 63870,mgokhale6150@example.com,Nagpur,Maharashtra,440301,en,salaried,2017-02-13,FULL,HIGH
C000007,Mrunal Verma,F,1984-04-28,42,+91 54930 67026,mrunalverma812@example.com,Jaipur,Rajasthan,302570,hi,salaried,2015-10-18,RE_KYC_DUE,LOW
C000008,Manoj Pawar,M,1995-04-04,31,+91 50593 73331,manoj.pawar70@example.com,Pune,Maharashtra,411261,hi,salaried,2024-05-08,FULL,LOW
C000009,Sana More,F,1960-06-15,66,+91 59706 42247,sanamore831@example.com,Nashik,Maharashtra,422788,hi,senior_citizen,2018-04-07,FULL,LOW
C000010,Gurdeep Thakur,M,1996-06-10,30,+91 55556 30633,gthakur1937@example.com,Thane,Maharashtra,400637,en,business,2023-09-16,FULL,MEDIUM
C000011,Geeta Kadam,F,1975-12-22,50,+91 58253 28232,geeta_kada61@example.com,Ahmedabad,Gujarat,380860,en,salaried,2023-08-23,FULL,LOW
C000012,Vandana Thakur,F,1955-04-28,71,+91 58927 28447,vandana.thakur56@example.com,Indore,Madhya Pradesh,452038,hinglish,senior_citizen,2012-03-01,FULL,LOW
C000013,Keerthi Agarwal,F,1959-04-24,67,+91 51604 03239,kagarwal4823@example.com,Nashik,Maharashtra,422085,mr,senior_citizen,2021-09-26,FULL,LOW
C000014,Imran Khan,M,1989-02-28,37,+91 51469 83298,ikhan5594@example.com,Mumbai,Maharashtra,400031,hi,salaried,2012-03-17,RE_KYC_DUE,LOW
C000015,Pooja Pillai,F,1990-05-20,36,+91 51970 45630,ppillai8203@example.com,Nashik,Maharashtra,422371,mr,salaried,2018-01-25,FULL,LOW
C000016,Vandana Agarwal,F,1955-03-29,71,+91 53809 17108,vandana.agarw15@example.com,Delhi,Delhi,110325,en,senior_citizen,2016-06-26,FULL,LOW
C000017,Jyoti Jadhav,F,1995-01-28,31,+91 54164 20841,jyotijadhav873@example.com,Thane,Maharashtra,400938,en,salaried,2018-05-16,FULL,LOW
C000018,Nitin Choudhary,M,1971-12-07,54,+91 52297 65721,nitin.choudhary98@example.com,Bengaluru,Karnataka,560517,hinglish,salaried,2013-11-29,FULL,LOW
C000019,Parag Salunkhe,M,1987-05-20,39,+91 59355 51774,parag.salunkhe30@example.com,Thane,Maharashtra,400718,en,salaried,2025-06-12,FULL,LOW
C000020,Zoya Gaikwad,F,2001-03-13,25,+91 55678 49885,zoya.gaikwad97@example.com,Hyderabad,Telangana,500629,en,business,2024-07-19,FULL,MEDIUM
C000021,Vijay Sharma,M,1958-11-11,67,+91 55290 16855,vsharma1513@example.com,Mumbai,Maharashtra,400996,en,senior_citizen,2023-11-18,FULL,MEDIUM
C000022,Rajesh Chavan,M,1978-03-25,48,+91 55815 63703,rajesh.chavan29@example.com,Mumbai,Maharashtra,400437,mr,self_employed,2019-09-28,FULL,MEDIUM
C000023,Harish Dixit,M,1951-11-23,74,+91 56999 10409,harish_dixi28@example.com,Hyderabad,Telangana,500763,hinglish,senior_citizen,2012-11-20,RE_KYC_DUE,MEDIUM
C000024,Pooja Rao,F,1990-10-23,35,+91 51391 39617,pooja.rao82@example.com,Mumbai,Maharashtra,400539,hi,salaried,2014-10-01,FULL,MEDIUM
C000025,Manisha Mane,F,1973-05-12,53,+91 51834 30545,manisha.mane90@example.com,Nagpur,Maharashtra,440499,mr,self_employed,2019-09-29,FULL,LOW
C000026,Ramesh Naik,M,1942-03-12,84,+91 53479 66953,rnaik4473@example.com,Thane,Maharashtra,400302,mr,senior_citizen,2017-08-05,FULL,LOW
C000027,Manoj Bhatt,M,1946-01-10,80,+91 51578 23818,manoj.bhatt32@example.com,Pune,Maharashtra,411110,en,senior_citizen,2016-08-30,FULL,MEDIUM
C000028,Pooja Kamat,F,1955-04-06,71,+91 53581 28636,pooja.kamat27@example.com,Pune,Maharashtra,411252,hinglish,senior_citizen,2012-09-02,FULL,LOW
C000029,Abhijit Banerjee,M,1969-09-16,57,+91 55280 24184,abhijit.banerjee33@example.com,Nagpur,Maharashtra,440514,mr,salaried,2022-06-28,FULL,LOW
C000030,Rohit Singh,M,1995-02-02,31,+91 58744 52179,rsingh3256@example.com,Mumbai,Maharashtra,400041,mr,salaried,2014-09-14,FULL,LOW
C000031,Tushar Sharma,M,1992-12-09,33,+91 53549 87947,tushar.sharma63@example.com,Jaipur,Rajasthan,302554,hinglish,business,2015-06-28,FULL,HIGH
C000032,Imran Rao,M,1990-02-14,36,+91 58210 08625,imranrao263@example.com,Nagpur,Maharashtra,440831,hi,salaried,2016-03-24,FULL,LOW
C000033,Yogesh Mishra,M,1950-02-01,76,+91 56526 03584,yogesh.mishr71@example.com,Bengaluru,Karnataka,560279,hinglish,senior_citizen,2024-09-10,FULL,MEDIUM
C000034,Sunita Naik,F,1992-02-25,34,+91 55013 14083,sunita.naik57@example.com,Pune,Maharashtra,411820,mr,salaried,2021-10-16,RE_KYC_DUE,LOW
C000035,Pranav Apte,M,1963-03-12,63,+91 57986 56292,pranav_apte49@example.com,Pune,Maharashtra,411814,mr,senior_citizen,2016-10-02,FULL,MEDIUM
C000036,Swati Naidu,F,1971-06-30,55,+91 58480 23695,swatinaidu307@example.com,Pune,Maharashtra,411288,hi,homemaker,2011-10-21,FULL,MEDIUM
C000037,Shalini Mane,F,1941-11-25,84,+91 53949 70627,shalinimane187@example.com,Indore,Madhya Pradesh,452473,hinglish,senior_citizen,2026-01-06,FULL,LOW
C000038,Zoya Reddy,F,1947-07-29,79,+91 55253 06455,zoyareddy910@example.com,Mumbai,Maharashtra,400256,hinglish,senior_citizen,2016-10-20,FULL,LOW
C000039,Zoya Mishra,F,1972-06-20,54,+91 52129 37823,zoya_mish61@example.com,Ahmedabad,Gujarat,380717,en,self_employed,2018-01-18,FULL,LOW
C000040,Aarti Chavan,F,1987-07-21,39,+91 59458 62108,achavan8698@example.com,Mumbai,Maharashtra,400001,en,business,2015-02-19,RE_KYC_DUE,LOW
C000041,Sachin Patil,M,1978-05-19,48,+91 51256 21023,sachin_pati73@example.com,Hyderabad,Telangana,500933,en,salaried,2017-08-13,FULL,LOW
C000042,Anil Das,M,1996-11-07,29,+91 50073 08731,anil.das18@example.com,Nashik,Maharashtra,422716,mr,salaried,2019-05-05,FULL,LOW
C000043,Parag Joshi,M,1993-09-14,33,+91 56070 36738,parag.joshi72@example.com,Delhi,Delhi,110702,hinglish,salaried,2025-11-07,FULL,LOW
C000044,Manisha Das,F,1982-04-23,44,+91 58867 34111,manisha.das65@example.com,Bengaluru,Karnataka,560026,hinglish,homemaker,2014-08-31,FULL,MEDIUM
C000045,Shalini Apte,F,1978-05-13,48,+91 55878 34530,shalini_apte33@example.com,Indore,Madhya Pradesh,452488,hi,homemaker,2021-12-01,FULL,LOW
C000046,Aditya Bhosale,M,1978-03-29,48,+91 51231 29175,aditya.bhosale11@example.com,Mumbai,Maharashtra,400131,mr,salaried,2025-05-20,MIN_KYC,HIGH
C000047,Hemant Apte,M,1990-09-22,36,+91 51436 08961,hemant.apte82@example.com,Mumbai,Maharashtra,400662,en,salaried,2025-01-13,RE_KYC_DUE,LOW
C000048,Ishita Agarwal,F,1981-05-29,45,+91 51711 74718,iagarwal3058@example.com,Delhi,Delhi,110662,hinglish,business,2015-03-20,FULL,MEDIUM
C000049,Anjali Thakur,F,1974-01-18,52,+91 56337 91991,athakur5522@example.com,Delhi,Delhi,110003,hi,self_employed,2018-12-02,FULL,LOW
C000050,Rohit Menon,M,2001-05-25,25,+91 56319 40841,rohit.menon13@example.com,Mumbai,Maharashtra,400438,mr,homemaker,2017-11-20,FULL,LOW
C000051,Venkat Choudhary,M,1986-05-26,40,+91 54546 93772,venkat.choudhary94@example.com,Pune,Maharashtra,411003,hinglish,salaried,2022-08-04,FULL,LOW
C000052,Lakshmi Dixit,F,2006-01-17,20,+91 58830 89969,lakshmi.dixit35@example.com,Indore,Madhya Pradesh,452301,hi,student,2024-09-07,FULL,LOW
C000053,Pooja Naidu,F,1950-02-22,76,+91 54837 79473,pnaidu3541@example.com,Delhi,Delhi,110490,hi,senior_citizen,2016-04-17,FULL,LOW
C000054,Usha Thakur,F,1995-09-05,31,+91 52210 25273,usha.thaku53@example.com,Pune,Maharashtra,411348,hinglish,self_employed,2022-10-06,FULL,LOW
C000055,Mahesh Dixit,M,1984-07-20,42,+91 51542 81359,mahesh_dixi53@example.com,Mumbai,Maharashtra,400250,hi,salaried,2021-06-18,FULL,LOW
C000056,Archana Naidu,F,1995-10-02,30,+91 52321 50373,archana.naidu57@example.com,Bengaluru,Karnataka,560193,en,salaried,2017-09-21,FULL,LOW
C000057,Kunal Khan,M,1945-02-05,81,+91 58754 21904,kunal.khan35@example.com,Bengaluru,Karnataka,560802,en,senior_citizen,2017-02-03,RE_KYC_DUE,HIGH
C000058,Lakshmi Singh,F,1950-08-28,76,+91 54634 42027,lakshmi_sing17@example.com,Pune,Maharashtra,411708,mr,senior_citizen,2024-09-21,FULL,MEDIUM
C000059,Dinesh Pawar,M,1998-12-17,27,+91 57260 41507,dinesh.pawar61@example.com,Hyderabad,Telangana,500609,hinglish,homemaker,2023-05-19,FULL,LOW
C000060,Harpreet Banerjee,M,1975-11-08,50,+91 59687 05216,harpreet_bane95@example.com,Pune,Maharashtra,411133,mr,salaried,2025-12-19,FULL,LOW
C000061,Pooja Pandey,F,1971-04-19,55,+91 55366 94047,pooja.pandey97@example.com,Pune,Maharashtra,411082,hi,salaried,2018-03-21,FULL,HIGH
C000062,Mrunal Mishra,F,1985-11-07,40,+91 57888 36875,mrunal.mishra42@example.com,Mumbai,Maharashtra,400595,en,salaried,2017-07-05,FULL,LOW
C000063,Rahul Deshmukh,M,1992-03-28,34,+91 54343 72466,rahuldeshmukh847@example.com,Indore,Madhya Pradesh,452558,hinglish,self_employed,2019-04-03,FULL,HIGH
C000064,Venkat Deshmukh,M,1954-05-30,72,+91 56564 60678,venkatdeshmukh754@example.com,Pune,Maharashtra,411515,hinglish,senior_citizen,2019-06-07,FULL,LOW
C000065,Suresh Shah,M,1959-03-04,67,+91 50330 35666,suresh.shah65@example.com,Nagpur,Maharashtra,440642,en,senior_citizen,2011-12-01,RE_KYC_DUE,LOW
C000066,Ajay Khan,M,1988-12-04,37,+91 58935 03056,ajay.khan31@example.com,Mumbai,Maharashtra,400974,hinglish,business,2012-03-10,FULL,MEDIUM
C000067,Usha Verma,F,2006-04-28,20,+91 57007 29785,ushaverma972@example.com,Mumbai,Maharashtra,400674,hinglish,salaried,2024-08-11,FULL,LOW
C000068,Tejaswini Nair,F,1966-09-29,59,+91 56263 66426,tejaswini.nair20@example.com,Pune,Maharashtra,411197,en,homemaker,2018-07-04,FULL,LOW
C000069,Nandini Mane,F,1948-02-27,78,+91 54511 50569,nmane1884@example.com,Thane,Maharashtra,400334,en,senior_citizen,2023-12-29,FULL,MEDIUM
C000070,Tejaswini Das,F,1987-01-20,39,+91 55465 92708,tejaswini_das71@example.com,Indore,Madhya Pradesh,452024,hinglish,homemaker,2015-02-25,RE_KYC_DUE,MEDIUM
C000071,Nandini Patil,F,1984-04-18,42,+91 54855 76910,nandini.patil58@example.com,Jaipur,Rajasthan,302762,hinglish,salaried,2016-09-10,FULL,HIGH
C000072,Rupali Shah,F,1997-03-28,29,+91 50830 79675,rupali.shah52@example.com,Nashik,Maharashtra,422713,mr,salaried,2016-01-09,FULL,MEDIUM
C000073,Sneha Pillai,F,2006-03-10,20,+91 53046 98140,snehapillai391@example.com,Pune,Maharashtra,411651,hinglish,student,2025-06-23,FULL,LOW
C000074,Neha Das,F,1960-08-01,66,+91 52462 92116,neha.das41@example.com,Pune,Maharashtra,411431,hi,senior_citizen,2020-01-02,FULL,MEDIUM
C000075,Archana Shinde,F,2005-10-12,20,+91 56920 25458,archanashinde749@example.com,Nashik,Maharashtra,422528,hi,student,2024-03-30,FULL,LOW
C000076,Arun Agarwal,M,1978-08-03,48,+91 59246 19949,arun_agar46@example.com,Hyderabad,Telangana,500262,hinglish,salaried,2025-06-16,FULL,MEDIUM
C000077,Smita Joshi,F,1998-04-20,28,+91 50617 09900,smita.joshi50@example.com,Mumbai,Maharashtra,400601,hinglish,salaried,2019-02-22,FULL,LOW
C000078,Suresh Gupta,M,1968-02-04,58,+91 56862 53559,suresh.gupta38@example.com,Mumbai,Maharashtra,400669,en,salaried,2012-01-12,FULL,LOW
C000079,Madhuri Gokhale,F,1988-04-28,38,+91 51744 61366,madhuri_gokh59@example.com,Thane,Maharashtra,400889,hinglish,salaried,2025-10-11,FULL,LOW
C000080,Harleen Jadhav,F,1994-10-01,32,+91 59250 83619,harleen.jadha78@example.com,Pune,Maharashtra,411489,hinglish,homemaker,2025-03-18,FULL,LOW
C000081,Geeta Saxena,F,1969-03-11,57,+91 52840 28318,geetasaxena768@example.com,Pune,Maharashtra,411828,hinglish,self_employed,2014-04-07,FULL,LOW
C000082,Swati Rao,F,1982-01-12,44,+91 54182 63198,swati.rao82@example.com,Nagpur,Maharashtra,440988,en,salaried,2012-11-23,FULL,MEDIUM
C000083,Sagar Verma,M,1970-05-14,56,+91 50308 37972,sagarverma488@example.com,Pune,Maharashtra,411417,en,salaried,2017-09-08,FULL,HIGH
C000084,Kunal Joshi,M,1979-03-06,47,+91 54432 93002,kunal.joshi97@example.com,Bengaluru,Karnataka,560823,hinglish,salaried,2020-03-31,RE_KYC_DUE,MEDIUM
C000085,Radha Chavan,F,1982-07-07,44,+91 58877 26440,radha.chava43@example.com,Nashik,Maharashtra,422525,mr,homemaker,2025-06-26,FULL,MEDIUM
C000086,Anil Jadhav,M,1982-11-12,43,+91 57775 03519,anil.jadhav15@example.com,Lucknow,Uttar Pradesh,226703,hinglish,salaried,2017-11-23,RE_KYC_DUE,LOW
C000087,Vikram More,M,1989-08-07,37,+91 51068 93518,vikram.more77@example.com,Pune,Maharashtra,411646,en,self_employed,2017-04-21,FULL,LOW
C000088,Sayali Wagh,F,1995-11-07,30,+91 53406 58159,sayaliwagh719@example.com,Pune,Maharashtra,411760,en,business,2018-11-28,FULL,LOW
C000089,Seema Reddy,F,1989-02-28,37,+91 54531 57766,seema.reddy73@example.com,Pune,Maharashtra,411582,hinglish,salaried,2015-06-25,FULL,LOW
C000090,Yogesh Kulkarni,M,1964-02-14,62,+91 50460 65945,yogesh.kulka16@example.com,Pune,Maharashtra,411012,mr,senior_citizen,2012-09-03,FULL,LOW
C000091,Sagar Das,M,1965-08-30,61,+91 50634 75730,sdas2349@example.com,Pune,Maharashtra,411596,hinglish,senior_citizen,2015-01-02,FULL,LOW
C000092,Kavita Gaikwad,F,1988-10-12,37,+91 56760 90536,kavitagaikwad166@example.com,Pune,Maharashtra,411244,mr,salaried,2025-12-29,FULL,LOW
C000093,Arun Gupta,M,1990-05-24,36,+91 59632 41380,arungupta708@example.com,Jaipur,Rajasthan,302261,hi,self_employed,2013-08-02,RE_KYC_DUE,MEDIUM
C000094,Vinayak Naik,M,1997-07-08,29,+91 57963 74060,vinayak.naik10@example.com,Pune,Maharashtra,411406,mr,self_employed,2022-02-21,FULL,LOW
C000095,Tejaswini Verma,F,1952-09-15,74,+91 55965 93412,tejaswini.verma53@example.com,Ahmedabad,Gujarat,380440,en,senior_citizen,2023-04-29,RE_KYC_DUE,LOW
C000096,Ajay Wagh,M,1958-08-13,68,+91 52816 93083,ajay.wagh86@example.com,Hyderabad,Telangana,500903,hinglish,senior_citizen,2014-01-24,FULL,LOW
C000097,Sayali Agarwal,F,1964-06-26,62,+91 53661 43549,sayali.agarw39@example.com,Bengaluru,Karnataka,560440,hinglish,senior_citizen,2024-11-27,FULL,LOW
C000098,Nisha Jadhav,F,1994-12-25,31,+91 55830 89045,njadhav3627@example.com,Pune,Maharashtra,411433,hi,salaried,2015-06-08,FULL,LOW
C000099,Venkat Naidu,M,1996-05-04,30,+91 53366 58961,venkat.naidu75@example.com,Nagpur,Maharashtra,440729,hi,salaried,2021-08-12,FULL,LOW
C000100,Anthony Kamat,M,2006-07-29,20,+91 51560 99577,anthony.kamat74@example.com,Pune,Maharashtra,411459,mr,salaried,2025-05-10,FULL,LOW
C000101,Vaishali Sheikh,F,1979-01-28,47,+91 56709 92545,vaishali_shei46@example.com,Mumbai,Maharashtra,400201,en,salaried,2022-07-23,FULL,LOW
C000102,Archana Kamat,F,1994-08-31,32,+91 55249 04009,akamat6870@example.com,Hyderabad,Telangana,500842,hinglish,homemaker,2023-04-19,FULL,LOW
C000103,Ajay Desai,M,1990-03-13,36,+91 56321 70318,adesai135@example.com,Thane,Maharashtra,400749,hinglish,salaried,2020-01-01,FULL,LOW
C000104,Ganesh Mehta,M,1997-11-26,28,+91 55112 98458,gmehta9635@example.com,Lucknow,Uttar Pradesh,226731,hinglish,self_employed,2024-07-27,FULL,MEDIUM
C000105,Nisha Sharma,F,1998-10-28,27,+91 58211 30536,nisha.sharm12@example.com,Hyderabad,Telangana,500739,hinglish,salaried,2022-10-13,FULL,LOW
C000106,Lata Patil,F,1995-03-04,31,+91 54833 93655,lpatil3417@example.com,Delhi,Delhi,110108,hi,business,2021-10-11,FULL,LOW
C000107,Revati Mehta,F,1951-02-08,75,+91 54996 01029,rmehta1449@example.com,Pune,Maharashtra,411975,mr,senior_citizen,2017-05-28,FULL,LOW
C000108,Sunil More,M,1970-10-20,55,+91 57705 37541,sunil.more70@example.com,Mumbai,Maharashtra,400618,hinglish,self_employed,2020-05-08,RE_KYC_DUE,LOW
C000109,Vikram Apte,M,1987-04-07,39,+91 59300 25043,vikram.apte97@example.com,Ahmedabad,Gujarat,380568,hinglish,salaried,2019-08-15,FULL,LOW
C000110,Ashok Sawant,M,2000-03-29,26,+91 50437 78381,ashoksawant983@example.com,Nagpur,Maharashtra,440825,en,salaried,2019-02-08,RE_KYC_DUE,LOW
C000111,Deepa Shinde,F,1994-11-08,31,+91 55795 61128,deepashinde971@example.com,Thane,Maharashtra,400953,mr,business,2015-07-27,FULL,MEDIUM
C000112,Imran Bhosale,M,2007-08-20,19,+91 58510 26528,imranbhosale172@example.com,Thane,Maharashtra,400200,hinglish,student,2025-10-31,FULL,LOW
C000113,Siddharth Kale,M,1945-02-25,81,+91 58353 61549,siddharth.kale59@example.com,Bengaluru,Karnataka,560827,hinglish,senior_citizen,2020-01-23,FULL,LOW
C000114,Madhuri Salunkhe,F,2002-11-13,23,+91 59227 96019,madhurisalunkhe38@example.com,Thane,Maharashtra,400411,hinglish,student,2025-07-25,FULL,LOW
C000115,Mrunal Gokhale,F,1994-06-09,32,+91 51398 80564,mrunal_gokh21@example.com,Mumbai,Maharashtra,400475,en,salaried,2014-07-24,FULL,MEDIUM
C000116,Nitin Yadav,M,1951-04-14,75,+91 50215 76545,nitin.yadav84@example.com,Mumbai,Maharashtra,400889,en,senior_citizen,2025-06-03,FULL,MEDIUM
C000117,Lakshmi Kulkarni,F,2006-11-09,19,+91 52527 46282,lakshmi.kulkarni16@example.com,Mumbai,Maharashtra,400725,en,salaried,2025-08-18,FULL,LOW
C000118,Harleen Iyer,F,1973-05-28,53,+91 53700 53315,hiyer7470@example.com,Pune,Maharashtra,411085,hi,self_employed,2012-02-12,RE_KYC_DUE,LOW
C000119,Chinmay Sheikh,M,1990-01-24,36,+91 58258 21361,csheikh4501@example.com,Lucknow,Uttar Pradesh,226935,hi,salaried,2019-09-20,FULL,HIGH
C000120,Usha Bhosale,F,1976-12-17,49,+91 59357 31727,ushabhosale118@example.com,Pune,Maharashtra,411373,en,salaried,2013-12-30,FULL,LOW
C000121,Amit Kulkarni,M,2000-12-19,25,+91 51161 05653,akulkarni3691@example.com,Mumbai,Maharashtra,400200,hinglish,salaried,2025-03-05,FULL,MEDIUM
C000122,Ishita Gaikwad,F,1972-02-03,54,+91 56995 15380,ishita.gaikw35@example.com,Mumbai,Maharashtra,400661,en,homemaker,2017-04-22,FULL,LOW
C000123,Ishita Gupta,F,1982-05-27,44,+91 55054 00952,ishita_gupt97@example.com,Mumbai,Maharashtra,400235,mr,salaried,2015-05-21,FULL,MEDIUM
C000124,Sanjay Mishra,M,1963-03-12,63,+91 53809 56352,sanjay.mishra98@example.com,Thane,Maharashtra,400947,en,senior_citizen,2012-02-24,FULL,LOW
C000125,Gurpreet Thakur,F,1952-09-26,74,+91 50636 10922,gurpreet.thaku86@example.com,Pune,Maharashtra,411698,hi,senior_citizen,2016-05-08,FULL,LOW
C000126,Suresh Kulkarni,M,1990-07-28,36,+91 53647 54419,sureshkulkarni609@example.com,Ahmedabad,Gujarat,380501,hinglish,business,2022-03-17,FULL,MEDIUM
C000127,Siddharth Khan,M,1977-04-29,49,+91 51994 33872,siddharth_khan59@example.com,Mumbai,Maharashtra,400073,hinglish,salaried,2021-04-30,FULL,LOW
C000128,Chinmay Singh,M,1969-04-29,57,+91 56360 21307,csingh7681@example.com,Jaipur,Rajasthan,302118,hinglish,self_employed,2013-04-30,FULL,LOW
C000129,Dinesh Mehta,M,1997-10-05,28,+91 51023 21116,dinesh.mehta31@example.com,Pune,Maharashtra,411673,en,salaried,2025-11-08,FULL,LOW
C000130,Vijay Shah,M,1968-05-17,58,+91 52831 62830,vijay.shah42@example.com,Pune,Maharashtra,411489,hinglish,salaried,2019-08-08,FULL,LOW
C000131,Sachin Jadhav,M,2003-06-18,23,+91 55314 92195,sjadhav3440@example.com,Bengaluru,Karnataka,560101,en,salaried,2026-02-15,FULL,MEDIUM
C000132,Kavita Dixit,F,1992-04-05,34,+91 55262 02323,kavita.dixit69@example.com,Nashik,Maharashtra,422478,mr,homemaker,2025-07-18,FULL,LOW
C000133,Sunita Bhatt,F,1975-10-21,50,+91 50061 19875,sunita.bhatt64@example.com,Hyderabad,Telangana,500853,en,salaried,2020-02-07,FULL,LOW
C000134,Ishita Sharma,F,1971-02-08,55,+91 54620 04311,ishita_shar28@example.com,Mumbai,Maharashtra,400254,hinglish,salaried,2017-12-10,FULL,MEDIUM
C000135,Mahesh Pawar,M,1955-06-07,71,+91 54735 34758,mahesh_pawa39@example.com,Ahmedabad,Gujarat,380586,en,senior_citizen,2014-03-29,FULL,LOW
C000136,Sneha Sharma,F,1961-11-27,64,+91 52652 82644,ssharma1688@example.com,Bengaluru,Karnataka,560094,hinglish,senior_citizen,2022-05-13,FULL,MEDIUM
C000137,Archana Kulkarni,F,1974-06-19,52,+91 54745 11936,archana.kulka79@example.com,Hyderabad,Telangana,500302,hinglish,business,2012-04-25,RE_KYC_DUE,MEDIUM
C000138,Manisha Dixit,F,1987-10-19,38,+91 58885 58991,manisha.dixit87@example.com,Pune,Maharashtra,411150,mr,salaried,2022-05-17,FULL,LOW
C000139,Omkar Agarwal,M,2001-07-16,25,+91 56334 35594,omkar.agarwal65@example.com,Thane,Maharashtra,400750,mr,self_employed,2025-06-12,FULL,LOW
C000140,Mangesh Bhatt,M,1966-10-28,59,+91 59471 08147,mangeshbhatt963@example.com,Pune,Maharashtra,411212,mr,salaried,2021-11-27,FULL,LOW
C000141,Vandana Thakur,F,1999-06-12,27,+91 54931 04279,vandanathakur81@example.com,Hyderabad,Telangana,500006,en,salaried,2017-09-23,RE_KYC_DUE,HIGH
C000142,Gurdeep Wagh,M,1999-01-06,27,+91 56689 71895,gurdeep.wagh82@example.com,Pune,Maharashtra,411106,en,salaried,2021-01-10,FULL,LOW
C000143,Ishita Bhatt,F,1967-08-19,59,+91 51654 81404,ishita.bhatt21@example.com,Pune,Maharashtra,411882,hi,salaried,2023-05-19,FULL,LOW
C000144,Ishita Agarwal,F,1984-02-04,42,+91 57262 35332,iagarwal3943@example.com,Pune,Maharashtra,411149,mr,salaried,2024-07-15,FULL,LOW
C000145,Vaishali Nair,F,1943-12-08,82,+91 55870 05653,vnair1615@example.com,Mumbai,Maharashtra,400800,hi,senior_citizen,2022-02-25,FULL,LOW
C000146,Girish Shinde,M,1952-03-24,74,+91 58585 43721,girish_shin91@example.com,Ahmedabad,Gujarat,380584,hinglish,senior_citizen,2018-04-20,FULL,MEDIUM
C000147,Nandini Deshmukh,F,1997-07-01,29,+91 50665 35851,nandini_desh87@example.com,Bengaluru,Karnataka,560901,en,homemaker,2020-02-28,FULL,LOW
C000148,Rohit Yadav,M,1944-12-18,81,+91 59419 34809,rohityadav822@example.com,Bengaluru,Karnataka,560482,hinglish,senior_citizen,2019-03-29,FULL,LOW
C000149,Arun Pandey,M,1985-07-07,41,+91 51450 34749,arun.pande46@example.com,Delhi,Delhi,110964,en,salaried,2021-12-19,FULL,LOW
C000150,Anita Deshpande,F,1965-05-21,61,+91 51179 92684,anita.deshpande61@example.com,Pune,Maharashtra,411038,hi,senior_citizen,2015-02-22,FULL,LOW
C000151,Lata Yadav,F,1994-03-14,32,+91 59958 45167,lata.yadav58@example.com,Delhi,Delhi,110517,hi,self_employed,2016-01-30,FULL,LOW
C000152,Lata Sharma,F,2002-04-30,24,+91 57066 03622,lata.sharm46@example.com,Ahmedabad,Gujarat,380395,en,salaried,2021-09-29,FULL,LOW
C000153,Mahesh Bhatt,M,1972-07-10,54,+91 54477 10969,mahesh.bhatt44@example.com,Bengaluru,Karnataka,560401,hinglish,salaried,2018-03-23,FULL,LOW
C000154,Ashok Gupta,M,1976-10-24,49,+91 58380 77781,ashokgupta991@example.com,Jaipur,Rajasthan,302991,hi,salaried,2025-11-21,FULL,LOW
C000155,Sanjay Shah,M,1984-01-13,42,+91 57931 38977,sanjay.shah73@example.com,Delhi,Delhi,110582,hi,salaried,2022-11-05,FULL,LOW
C000156,Revati Wagh,F,1988-11-25,37,+91 59131 43395,revati.wagh70@example.com,Nashik,Maharashtra,422062,hi,salaried,2017-08-13,FULL,LOW
C000157,Anthony Banerjee,M,1977-08-09,49,+91 58013 71951,anthonybanerjee473@example.com,Jaipur,Rajasthan,302695,hinglish,self_employed,2014-07-14,FULL,LOW
C000158,Anjali Shinde,F,1962-01-30,64,+91 56445 41026,anjali_shin88@example.com,Hyderabad,Telangana,500625,hinglish,senior_citizen,2019-01-12,FULL,LOW
C000159,Sachin Dixit,M,2001-08-14,25,+91 58900 46839,sachin.dixit56@example.com,Pune,Maharashtra,411931,hinglish,salaried,2023-01-30,FULL,LOW
C000160,Aditya Chavan,M,1954-11-30,71,+91 59355 96514,aditya.chavan22@example.com,Mumbai,Maharashtra,400401,hinglish,senior_citizen,2021-02-17,FULL,LOW
C000161,Asha Gokhale,F,1990-03-08,36,+91 52893 12917,asha.gokhale45@example.com,Bengaluru,Karnataka,560779,hinglish,salaried,2023-08-21,FULL,LOW
C000162,Ramesh Reddy,M,1999-09-01,27,+91 57379 41569,ramesh.reddy50@example.com,Pune,Maharashtra,411224,mr,salaried,2021-06-06,FULL,LOW
C000163,Deepa Mane,F,1993-12-11,32,+91 57420 67878,deepa_mane82@example.com,Ahmedabad,Gujarat,380020,en,self_employed,2020-10-22,FULL,LOW
C000164,Chinmay Deshpande,M,1990-08-03,36,+91 51425 97110,chinmaydeshpande378@example.com,Pune,Maharashtra,411199,hinglish,salaried,2017-02-16,FULL,MEDIUM
C000165,Lakshmi Jadhav,F,2005-11-21,20,+91 52015 78663,lakshmi_jadh89@example.com,Hyderabad,Telangana,500016,en,salaried,2025-01-14,FULL,LOW
C000166,Omkar Apte,M,1996-02-01,30,+91 59291 92116,omkar.apte56@example.com,Mumbai,Maharashtra,400316,hi,salaried,2016-03-29,FULL,LOW
C000167,Venkat Naik,M,1990-02-18,36,+91 53185 34957,venkat.naik32@example.com,Pune,Maharashtra,411053,mr,salaried,2022-05-08,FULL,MEDIUM
C000168,Ramesh Naidu,M,1986-08-24,40,+91 53727 55547,rnaidu9440@example.com,Nashik,Maharashtra,422386,mr,salaried,2015-08-24,FULL,LOW
C000169,Gurpreet Gaikwad,F,2008-06-17,18,+91 54108 17900,gurpreet_gaik65@example.com,Pune,Maharashtra,411241,mr,salaried,2026-05-28,FULL,LOW
C000170,Sagar Kamat,M,1955-03-10,71,+91 56793 21375,sagar.kamat54@example.com,Pune,Maharashtra,411258,hinglish,senior_citizen,2018-12-02,FULL,MEDIUM
C000171,Gurpreet Apte,F,1986-06-09,40,+91 59929 08017,gurpreet.apte55@example.com,Nagpur,Maharashtra,440538,en,salaried,2025-04-30,FULL,LOW
C000172,Tushar Gupta,M,2003-01-17,23,+91 58570 95212,tushar_gupt34@example.com,Nashik,Maharashtra,422590,hi,salaried,2023-11-20,FULL,LOW
C000173,Swati Choudhary,F,1967-01-14,59,+91 59354 66512,schoudhary793@example.com,Pune,Maharashtra,411677,mr,self_employed,2020-07-12,FULL,LOW
C000174,Nandini Salunkhe,F,1962-04-05,64,+91 56245 17360,nandini.salun97@example.com,Jaipur,Rajasthan,302594,hinglish,senior_citizen,2015-07-28,FULL,LOW
C000175,Vikram Pawar,M,2008-03-14,18,+91 52308 34083,vpawar1020@example.com,Bengaluru,Karnataka,560766,en,salaried,2026-04-15,FULL,LOW
C000176,Vinayak Chavan,M,1944-08-12,82,+91 53028 37054,vchavan6012@example.com,Nagpur,Maharashtra,440901,en,senior_citizen,2014-10-15,FULL,MEDIUM
C000177,Ashok Bhatt,M,1997-08-29,29,+91 56855 36018,ashok_bhat53@example.com,Mumbai,Maharashtra,400484,mr,salaried,2018-02-18,FULL,LOW
C000178,Seema Sharma,F,1968-04-27,58,+91 56440 55311,seemasharma499@example.com,Pune,Maharashtra,411595,hi,self_employed,2015-11-26,FULL,LOW
C000179,Ramesh Desai,M,1980-03-13,46,+91 56887 19335,ramesh_desa68@example.com,Hyderabad,Telangana,500861,en,salaried,2015-02-20,FULL,LOW
C000180,Yogesh Sawant,M,1999-03-04,27,+91 55241 57195,yogeshsawant376@example.com,Jaipur,Rajasthan,302155,hi,self_employed,2018-07-16,FULL,MEDIUM
C000181,Pallavi Mane,F,1976-01-19,50,+91 55127 87441,pallavi_mane96@example.com,Pune,Maharashtra,411212,en,salaried,2024-06-29,FULL,LOW
C000182,Sneha Agarwal,F,1967-08-17,59,+91 58087 49307,sneha.agarw68@example.com,Pune,Maharashtra,411446,mr,salaried,2016-10-21,FULL,LOW
C000183,Manisha Choudhary,F,2003-12-22,22,+91 52083 82820,manisha.choud38@example.com,Thane,Maharashtra,400122,en,salaried,2017-06-30,FULL,LOW
C000184,Joseph Shah,M,1993-11-21,32,+91 51019 44011,josephshah657@example.com,Pune,Maharashtra,411507,en,salaried,2015-01-24,FULL,LOW
C000185,Priya Kulkarni,F,1995-11-20,30,+91 54567 33512,priya_kulk79@example.com,Nagpur,Maharashtra,440935,hi,business,2022-08-14,FULL,LOW
C000186,Ajay Pawar,M,2008-03-22,18,+91 58836 37459,ajay_pawa67@example.com,Thane,Maharashtra,400941,en,salaried,2026-04-17,FULL,LOW
C000187,Mrunal Menon,F,1976-03-25,50,+91 54992 03977,mrunalmenon589@example.com,Pune,Maharashtra,411078,hinglish,homemaker,2012-12-16,RE_KYC_DUE,LOW
C000188,Meena Apte,F,1994-11-29,31,+91 57470 25139,meena.apte25@example.com,Lucknow,Uttar Pradesh,226230,hinglish,salaried,2017-07-16,RE_KYC_DUE,LOW
C000189,Rekha Yadav,F,1949-03-20,77,+91 59845 95361,rekha_yada39@example.com,Ahmedabad,Gujarat,380302,en,senior_citizen,2024-11-15,FULL,MEDIUM
C000190,Rekha Iyer,F,1952-04-21,74,+91 53622 89898,rekha.iyer18@example.com,Mumbai,Maharashtra,400186,hi,senior_citizen,2017-05-20,FULL,LOW
C000191,Radha Tiwari,F,1982-10-06,43,+91 55477 47354,radha.tiwar31@example.com,Pune,Maharashtra,411976,hi,salaried,2022-03-03,FULL,MEDIUM
C000192,Komal Naidu,F,1973-11-04,52,+91 56436 08748,komalnaidu260@example.com,Pune,Maharashtra,411756,hi,salaried,2012-03-11,FULL,LOW
C000193,Mangesh Shinde,M,1988-05-26,38,+91 54914 66625,mangesh.shind74@example.com,Mumbai,Maharashtra,400121,hi,salaried,2015-11-13,RE_KYC_DUE,LOW
C000194,Sunil Iyer,M,1991-07-03,35,+91 59758 74429,suniliyer490@example.com,Indore,Madhya Pradesh,452748,hinglish,salaried,2013-03-10,FULL,LOW
C000195,Ishita Agarwal,F,1957-05-18,69,+91 53209 26035,ishitaagarwal953@example.com,Pune,Maharashtra,411561,hi,senior_citizen,2022-09-07,FULL,LOW
C000196,Madhuri Khan,F,2006-12-21,19,+91 56021 15206,madhuri.khan75@example.com,Thane,Maharashtra,400123,hinglish,student,2025-03-12,FULL,MEDIUM
C000197,Jyoti Sharma,F,1992-03-08,34,+91 55747 58424,jyotisharma842@example.com,Nagpur,Maharashtra,440013,en,salaried,2015-10-09,RE_KYC_DUE,MEDIUM
C000198,Chinmay Apte,M,1975-07-15,51,+91 58978 13426,chinmay.apte76@example.com,Mumbai,Maharashtra,400452,hi,self_employed,2014-10-03,FULL,HIGH
C000199,Zoya Wagh,F,1967-10-30,58,+91 51011 72085,zoya_wagh58@example.com,Delhi,Delhi,110618,hi,business,2024-02-02,FULL,MEDIUM
C000200,Abhijit Kadam,M,1988-01-17,38,+91 51679 93088,abhijitkadam241@example.com,Mumbai,Maharashtra,400063,hinglish,homemaker,2021-03-11,FULL,LOW
C000201,Farah More,F,1960-12-27,65,+91 58933 70859,farahmore939@example.com,Mumbai,Maharashtra,400755,en,senior_citizen,2012-03-03,FULL,LOW
C000202,Shweta Reddy,F,1960-10-12,65,+91 51335 74772,shweta_redd79@example.com,Nashik,Maharashtra,422192,mr,senior_citizen,2021-12-02,RE_KYC_DUE,LOW
C000203,Anil Gaikwad,M,1975-11-19,50,+91 50841 89107,anil.gaikw78@example.com,Pune,Maharashtra,411783,en,salaried,2024-06-24,FULL,MEDIUM
C000204,Ashok Dixit,M,1969-08-16,57,+91 52036 85253,ashok_dixi54@example.com,Mumbai,Maharashtra,400387,hinglish,salaried,2020-12-05,FULL,LOW
C000205,Pallavi Tiwari,F,1983-01-25,43,+91 50452 02056,pallavi_tiwa24@example.com,Mumbai,Maharashtra,400932,mr,salaried,2023-11-07,FULL,LOW
C000206,Lakshmi Shah,F,1990-06-30,36,+91 51618 58676,lakshmi.shah50@example.com,Indore,Madhya Pradesh,452275,hi,salaried,2015-08-28,FULL,MEDIUM
C000207,Sneha Mishra,F,1967-08-03,59,+91 58413 09835,snehamishra508@example.com,Lucknow,Uttar Pradesh,226393,hinglish,salaried,2023-06-23,FULL,LOW
C000208,Venkat Kamat,M,1999-01-01,27,+91 54586 88292,venkatkamat444@example.com,Pune,Maharashtra,411630,hi,salaried,2021-04-12,FULL,MEDIUM
C000209,Harleen Naik,F,1964-09-12,62,+91 52134 60904,hnaik7576@example.com,Pune,Maharashtra,411270,hinglish,senior_citizen,2015-10-27,FULL,LOW
C000210,Rohini Sawant,F,1996-10-27,29,+91 51239 65490,rohini.sawant37@example.com,Nashik,Maharashtra,422939,hi,salaried,2016-02-13,FULL,LOW
C000211,Sunil Naidu,M,1961-08-29,65,+91 59364 96223,sunil.naidu51@example.com,Nagpur,Maharashtra,440120,en,senior_citizen,2012-03-20,FULL,LOW
C000212,Rekha Mane,F,1959-11-16,66,+91 57405 21303,rmane6274@example.com,Bengaluru,Karnataka,560184,en,senior_citizen,2021-11-18,FULL,LOW
C000213,Pooja Choudhary,F,1978-10-16,47,+91 58019 55631,pchoudhary4843@example.com,Nashik,Maharashtra,422123,mr,salaried,2021-06-28,FULL,LOW
C000214,Amit Chavan,M,1991-12-12,34,+91 53727 67233,achavan9336@example.com,Pune,Maharashtra,411607,en,salaried,2013-10-28,FULL,MEDIUM
C000215,Jyoti Agarwal,F,2001-01-28,25,+91 59567 65772,jyoti.agarwal68@example.com,Jaipur,Rajasthan,302441,hinglish,salaried,2024-07-21,FULL,LOW
C000216,Omkar Sheikh,M,1996-06-16,30,+91 51742 41773,omkar.sheikh48@example.com,Pune,Maharashtra,411328,en,self_employed,2022-01-24,FULL,LOW
C000217,Sarita Joshi,F,1974-12-01,51,+91 55858 06981,saritajoshi687@example.com,Mumbai,Maharashtra,400828,en,homemaker,2015-10-16,RE_KYC_DUE,LOW
C000218,Usha Das,F,1983-05-31,43,+91 56967 04758,usha.das90@example.com,Mumbai,Maharashtra,400706,mr,homemaker,2014-12-18,FULL,LOW
C000219,Gurdeep Kadam,M,1990-08-08,36,+91 53754 84419,gurdeepkadam983@example.com,Mumbai,Maharashtra,400764,mr,self_employed,2021-10-13,FULL,LOW
C000220,Pranav Patil,M,1969-10-05,57,+91 51350 94785,pranav.patil49@example.com,Mumbai,Maharashtra,400703,mr,salaried,2020-08-05,FULL,LOW
C000221,Nandini Pawar,F,1996-06-26,30,+91 52687 03533,nandinipawar208@example.com,Indore,Madhya Pradesh,452804,hinglish,homemaker,2017-03-30,FULL,LOW
C000222,Karthik Pandey,M,1989-04-12,37,+91 57084 83838,karthik.pandey70@example.com,Thane,Maharashtra,400100,en,salaried,2025-11-27,MIN_KYC,LOW
C000223,Nisha Rao,F,1987-08-19,39,+91 52396 65284,nisha.rao93@example.com,Lucknow,Uttar Pradesh,226246,hinglish,salaried,2015-07-10,FULL,LOW
C000224,Siddharth Joshi,M,1984-08-31,42,+91 58361 15475,siddharth.joshi82@example.com,Pune,Maharashtra,411555,hi,self_employed,2025-06-09,FULL,LOW
C000225,Harish Bhatt,M,1973-06-18,53,+91 51207 61808,harish.bhatt22@example.com,Indore,Madhya Pradesh,452571,hi,salaried,2023-08-27,FULL,LOW
C000226,Mangesh Gokhale,M,1976-04-25,50,+91 57215 22642,mgokhale4466@example.com,Delhi,Delhi,110919,hinglish,salaried,2017-02-15,RE_KYC_DUE,LOW
C000227,Amit Wagh,M,1988-09-14,38,+91 55225 15774,amitwagh248@example.com,Pune,Maharashtra,411520,en,salaried,2018-10-18,FULL,LOW
C000228,Geeta Bhosale,F,1990-06-27,36,+91 54975 32008,geetabhosale935@example.com,Delhi,Delhi,110698,hinglish,self_employed,2016-05-21,RE_KYC_DUE,LOW
C000229,Anil Joshi,M,1990-01-16,36,+91 53174 09452,anil_josh60@example.com,Bengaluru,Karnataka,560675,en,salaried,2025-02-11,FULL,MEDIUM
C000230,Prakash Singh,M,1974-07-01,52,+91 55147 21425,prakash.singh54@example.com,Nagpur,Maharashtra,440383,hi,salaried,2017-07-30,FULL,LOW
C000231,Tejaswini Jadhav,F,1942-02-03,84,+91 59231 53885,tjadhav5470@example.com,Thane,Maharashtra,400960,hinglish,senior_citizen,2021-05-15,FULL,LOW
C000232,Aarti Desai,F,1991-07-20,35,+91 52255 43300,aartidesai854@example.com,Delhi,Delhi,110283,en,business,2018-10-19,FULL,LOW
C000233,Meena Shah,F,1996-04-23,30,+91 51168 04390,meenashah39@example.com,Mumbai,Maharashtra,400705,en,salaried,2020-06-05,FULL,MEDIUM
C000234,Manoj Dixit,M,1946-01-18,80,+91 51689 08782,manoj_dixi19@example.com,Nagpur,Maharashtra,440692,en,senior_citizen,2019-10-26,FULL,LOW
C000235,Mrunal Iyer,F,2003-08-06,23,+91 56344 35206,miyer463@example.com,Bengaluru,Karnataka,560776,en,student,2021-10-12,FULL,LOW
C000236,Kavita Khan,F,1950-06-14,76,+91 55208 69074,kavita.khan18@example.com,Mumbai,Maharashtra,400302,hinglish,senior_citizen,2021-10-19,FULL,LOW
C000237,Radha Apte,F,1999-03-16,27,+91 59162 19306,radha_apte44@example.com,Pune,Maharashtra,411901,hi,salaried,2025-06-24,MIN_KYC,LOW
C000238,Shalini Gaikwad,F,1954-10-30,71,+91 57561 06829,shalinigaikwad406@example.com,Hyderabad,Telangana,500698,en,senior_citizen,2024-03-07,FULL,LOW
C000239,Anthony Jadhav,M,1969-12-04,56,+91 57271 53900,anthonyjadhav155@example.com,Mumbai,Maharashtra,400182,hi,self_employed,2020-12-26,FULL,LOW
C000240,Girish Kale,M,2008-06-01,18,+91 57999 16516,girish_kale83@example.com,Delhi,Delhi,110460,hi,student,2026-05-24,FULL,LOW
C000241,Rohit Desai,M,1968-12-05,57,+91 51150 44605,rohit.desai23@example.com,Bengaluru,Karnataka,560517,en,salaried,2022-09-24,RE_KYC_DUE,LOW
C000242,Girish Desai,M,1966-11-01,59,+91 59074 03315,girish.desai12@example.com,Bengaluru,Karnataka,560711,en,salaried,2012-11-09,FULL,LOW
C000243,Lakshmi Naik,F,1952-06-02,74,+91 51241 42861,lakshmi.naik95@example.com,Hyderabad,Telangana,500011,hinglish,senior_citizen,2017-07-12,FULL,LOW
C000244,Rajesh Kulkarni,M,1995-07-15,31,+91 51100 22683,rajesh.kulkarni12@example.com,Nagpur,Maharashtra,440454,en,salaried,2020-12-07,FULL,LOW
C000245,Anthony Bhatt,M,1975-06-09,51,+91 59242 18338,anthonybhatt97@example.com,Nagpur,Maharashtra,440127,en,business,2019-03-07,FULL,LOW
C000246,Yogesh Bhosale,M,1964-09-08,62,+91 55500 55469,yogesh.bhosa68@example.com,Pune,Maharashtra,411598,en,senior_citizen,2021-08-11,FULL,MEDIUM
C000247,Anthony Bhosale,M,1994-12-30,31,+91 51529 85846,anthony.bhosale72@example.com,Hyderabad,Telangana,500875,hinglish,business,2019-03-16,FULL,LOW
C000248,Rohit Pillai,M,2000-02-02,26,+91 51346 31537,rohitpillai296@example.com,Pune,Maharashtra,411703,en,salaried,2018-09-13,RE_KYC_DUE,MEDIUM
C000249,Srinivas Sawant,M,1987-02-27,39,+91 56794 69514,srinivassawant347@example.com,Mumbai,Maharashtra,400067,hi,self_employed,2018-04-03,FULL,LOW
C000250,Deepak Jadhav,M,1951-11-11,74,+91 53226 14779,djadhav2332@example.com,Nashik,Maharashtra,422355,hi,senior_citizen,2016-04-06,FULL,MEDIUM
C000251,Shweta Deshmukh,F,1995-04-16,31,+91 57955 51396,shweta.deshm99@example.com,Pune,Maharashtra,411964,en,self_employed,2014-11-29,RE_KYC_DUE,LOW
C000252,Girish Das,M,1986-09-09,40,+91 50880 56798,gdas5318@example.com,Pune,Maharashtra,411543,hinglish,self_employed,2024-10-09,FULL,LOW
C000253,Lata Iyer,F,1978-11-14,47,+91 51561 33682,liyer9154@example.com,Delhi,Delhi,110846,hinglish,salaried,2020-01-20,FULL,LOW
C000254,Jyoti Gupta,F,1988-10-10,37,+91 54353 05422,jgupta8245@example.com,Delhi,Delhi,110037,hi,self_employed,2014-04-27,FULL,LOW
C000255,Asha Pawar,F,1972-05-26,54,+91 57540 06576,apawar6790@example.com,Pune,Maharashtra,411232,en,business,2013-05-08,FULL,MEDIUM
C000256,Rahul Verma,M,1985-11-10,40,+91 58740 43679,rahul.verma73@example.com,Bengaluru,Karnataka,560773,en,salaried,2020-07-05,FULL,LOW
C000257,Sayali Das,F,1997-09-16,29,+91 58919 49661,sayali.das19@example.com,Mumbai,Maharashtra,400094,hi,salaried,2017-07-21,RE_KYC_DUE,LOW
C000258,Lakshmi Salunkhe,F,1946-07-11,80,+91 56030 57474,lakshmi.salun69@example.com,Pune,Maharashtra,411769,mr,senior_citizen,2014-11-11,FULL,LOW
C000259,Ajay Kadam,M,1992-10-09,33,+91 59738 46917,akadam8363@example.com,Indore,Madhya Pradesh,452894,hi,salaried,2023-09-03,FULL,MEDIUM
C000260,Aarti Gaikwad,F,1957-01-12,69,+91 58627 35132,agaikwad8538@example.com,Pune,Maharashtra,411142,en,senior_citizen,2021-06-26,FULL,LOW
C000261,Zoya Singh,F,2000-10-05,25,+91 52855 46200,zoya.singh45@example.com,Ahmedabad,Gujarat,380365,en,homemaker,2019-04-13,FULL,LOW
C000262,Sneha Nair,F,2008-03-11,18,+91 58227 36130,sneha_nair34@example.com,Pune,Maharashtra,411166,hi,student,2026-04-26,FULL,LOW
C000263,Manisha Choudhary,F,1985-09-10,41,+91 53790 15820,mchoudhary3490@example.com,Nagpur,Maharashtra,440528,hi,homemaker,2016-05-29,FULL,LOW
C000264,Ashok Shah,M,1994-04-30,32,+91 59916 44245,ashok.shah72@example.com,Delhi,Delhi,110388,en,salaried,2026-02-19,FULL,LOW
C000265,Suresh Desai,M,1974-10-18,51,+91 51647 24013,suresh_desa33@example.com,Bengaluru,Karnataka,560745,en,salaried,2012-04-19,FULL,LOW
C000266,Pranav Reddy,M,1997-02-21,29,+91 55624 26615,pranavreddy423@example.com,Pune,Maharashtra,411246,hinglish,salaried,2017-09-28,FULL,MEDIUM
C000267,Sanjay Bhatt,M,1986-09-26,40,+91 52741 42527,sanjay_bhat21@example.com,Pune,Maharashtra,411359,en,salaried,2026-03-05,MIN_KYC,LOW
C000268,Neha Joshi,F,1953-03-29,73,+91 59776 54627,njoshi8936@example.com,Thane,Maharashtra,400349,en,senior_citizen,2023-04-30,FULL,MEDIUM
C000269,Zoya Agarwal,F,1978-04-10,48,+91 58330 67968,zoya_agar82@example.com,Pune,Maharashtra,411802,hi,salaried,2020-03-24,FULL,LOW
C000270,Sayali Bhatt,F,1978-02-12,48,+91 51509 34882,sayali.bhatt89@example.com,Pune,Maharashtra,411071,en,salaried,2025-12-01,MIN_KYC,HIGH
C000271,Kavita Wagh,F,1981-12-18,44,+91 56758 72744,kwagh6180@example.com,Nashik,Maharashtra,422709,mr,self_employed,2015-03-28,FULL,LOW
C000272,Neha Mishra,F,1978-02-15,48,+91 57874 16598,neha.mishra49@example.com,Lucknow,Uttar Pradesh,226765,hinglish,self_employed,2011-12-17,FULL,LOW
C000273,Lata Shinde,F,1972-06-12,54,+91 57548 54890,lata.shinde62@example.com,Hyderabad,Telangana,500893,en,salaried,2014-07-31,FULL,MEDIUM
C000274,Ganesh Sharma,M,1998-11-25,27,+91 50838 69999,ganesh_shar51@example.com,Thane,Maharashtra,400983,mr,salaried,2021-06-13,FULL,LOW
C000275,Vinayak Desai,M,1981-10-16,44,+91 51597 10208,vinayak.desai92@example.com,Nagpur,Maharashtra,440274,mr,salaried,2013-09-29,FULL,LOW
C000276,Ashok Gupta,M,1993-05-05,33,+91 57550 70194,ashok_gupt28@example.com,Pune,Maharashtra,411040,mr,self_employed,2021-01-20,FULL,LOW
C000277,Sana Khan,F,1977-01-25,49,+91 51341 89809,sana.khan97@example.com,Pune,Maharashtra,411004,en,homemaker,2024-02-20,FULL,LOW
C000278,Rohit Dixit,M,1958-01-08,68,+91 59469 32738,rohitdixit644@example.com,Pune,Maharashtra,411299,hi,senior_citizen,2015-04-27,FULL,LOW
C000279,Kavita Kale,F,1969-01-14,57,+91 58676 97687,kavitakale811@example.com,Nagpur,Maharashtra,440809,mr,salaried,2012-03-02,RE_KYC_DUE,LOW
C000280,Girish Rao,M,1998-01-31,28,+91 55117 96036,girish_rao85@example.com,Ahmedabad,Gujarat,380423,hinglish,business,2016-07-05,FULL,LOW
C000281,Farah Menon,F,1994-10-17,31,+91 54778 16935,farah_meno98@example.com,Lucknow,Uttar Pradesh,226049,hi,salaried,2021-05-19,RE_KYC_DUE,MEDIUM
C000282,Anil Patil,M,1987-09-28,38,+91 59837 50955,anilpatil70@example.com,Pune,Maharashtra,411122,en,self_employed,2024-05-06,FULL,LOW
C000283,Harleen More,F,1980-02-28,46,+91 58315 61655,harleen.more34@example.com,Mumbai,Maharashtra,400865,hinglish,self_employed,2019-01-21,FULL,LOW
C000284,Abhijit Salunkhe,M,1988-07-02,38,+91 51504 06243,abhijitsalunkhe740@example.com,Mumbai,Maharashtra,400443,hi,salaried,2015-02-25,FULL,MEDIUM
C000285,Sunita Dixit,F,1983-02-22,43,+91 58020 39570,sunitadixit866@example.com,Pune,Maharashtra,411882,hinglish,salaried,2013-07-09,FULL,LOW
C000286,Mahesh Das,M,1960-09-25,66,+91 52117 45703,mahesh.das24@example.com,Pune,Maharashtra,411832,mr,senior_citizen,2024-10-03,FULL,LOW
C000287,Lakshmi Gaikwad,F,1954-12-17,71,+91 55324 39207,lgaikwad4934@example.com,Pune,Maharashtra,411815,en,senior_citizen,2026-01-16,FULL,LOW
C000288,Anita Wagh,F,1979-12-11,46,+91 59217 10646,anita.wagh36@example.com,Indore,Madhya Pradesh,452711,hi,salaried,2013-03-25,FULL,LOW
C000289,Amit Iyer,M,1983-02-12,43,+91 53960 84196,amitiyer423@example.com,Ahmedabad,Gujarat,380733,hinglish,self_employed,2014-10-10,FULL,LOW
C000290,Rekha Mishra,F,1987-02-10,39,+91 58929 89373,rekhamishra142@example.com,Ahmedabad,Gujarat,380950,en,salaried,2015-05-01,FULL,LOW
C000291,Madhuri Bhosale,F,1992-08-09,34,+91 57290 47859,mbhosale9752@example.com,Pune,Maharashtra,411019,hinglish,salaried,2022-01-22,FULL,LOW
C000292,Girish Reddy,M,1984-11-12,41,+91 51219 69202,girish_redd36@example.com,Mumbai,Maharashtra,400386,en,business,2013-10-05,FULL,LOW
C000293,Meena Mehta,F,1987-11-20,38,+91 59311 61908,meena_meht45@example.com,Bengaluru,Karnataka,560539,hinglish,homemaker,2024-08-25,FULL,MEDIUM
C000294,Anita Kale,F,2002-02-05,24,+91 53668 41081,anitakale228@example.com,Mumbai,Maharashtra,400966,en,salaried,2024-12-11,FULL,LOW
C000295,Amit Naik,M,1980-02-03,46,+91 58191 79615,amitnaik960@example.com,Mumbai,Maharashtra,400502,mr,business,2025-09-29,FULL,MEDIUM
C000296,Akshay Naidu,M,1972-07-14,54,+91 55322 56549,akshaynaidu76@example.com,Hyderabad,Telangana,500710,en,self_employed,2025-11-16,FULL,LOW
C000297,Tushar Wagh,M,1998-07-30,28,+91 52798 94687,twagh8525@example.com,Pune,Maharashtra,411786,en,salaried,2025-07-08,FULL,LOW
C000298,Jyoti Kulkarni,F,2005-02-20,21,+91 57026 32024,jkulkarni4574@example.com,Mumbai,Maharashtra,400043,mr,salaried,2025-05-31,FULL,LOW
C000299,Ashok Sawant,M,1987-12-19,38,+91 58653 51379,ashoksawant967@example.com,Indore,Madhya Pradesh,452329,hinglish,salaried,2017-07-13,FULL,LOW
C000300,Nitin Kulkarni,M,2008-09-24,18,+91 52194 95159,nitin.kulka46@example.com,Pune,Maharashtra,411529,hi,student,2026-05-13,FULL,MEDIUM
C000301,Pallavi Pillai,F,1990-02-19,36,+91 55353 19962,pallavipillai203@example.com,Pune,Maharashtra,411978,mr,salaried,2018-07-26,FULL,LOW
C000302,Kavita Patil,F,1964-04-24,62,+91 51450 74746,kavita.patil11@example.com,Pune,Maharashtra,411501,mr,senior_citizen,2018-03-27,RE_KYC_DUE,LOW
C000303,Geeta Dixit,F,1986-07-10,40,+91 58904 20820,geeta.dixit34@example.com,Hyderabad,Telangana,500222,en,salaried,2013-07-26,FULL,LOW
C000304,Joseph Choudhary,M,1991-05-15,35,+91 53733 83511,jchoudhary815@example.com,Pune,Maharashtra,411550,hi,salaried,2024-06-20,FULL,LOW
C000305,Parag Deshmukh,M,1971-05-12,55,+91 55488 41186,pdeshmukh3906@example.com,Hyderabad,Telangana,500138,en,salaried,2025-12-29,FULL,LOW
C000306,Anjali Gupta,F,1994-09-11,32,+91 59137 90502,anjali_gupt21@example.com,Ahmedabad,Gujarat,380040,hinglish,self_employed,2014-11-26,FULL,LOW
C000307,Ishita Joshi,F,1992-09-13,34,+91 57507 23324,ishita.joshi61@example.com,Hyderabad,Telangana,500667,en,homemaker,2020-05-19,FULL,MEDIUM
C000308,Joseph Naidu,M,1992-01-27,34,+91 58730 27112,joseph.naidu89@example.com,Bengaluru,Karnataka,560746,en,homemaker,2024-12-24,FULL,LOW
C000309,Anil Deshmukh,M,1995-03-24,31,+91 51531 34175,anil.deshm12@example.com,Nagpur,Maharashtra,440068,mr,salaried,2016-12-15,RE_KYC_DUE,LOW
C000310,Venkat Rao,M,2006-09-13,20,+91 55920 61038,venkat_rao56@example.com,Mumbai,Maharashtra,400981,hinglish,salaried,2026-03-24,FULL,LOW
C000311,Swati Tiwari,F,1946-04-24,80,+91 56388 65516,swati_tiwa69@example.com,Mumbai,Maharashtra,400015,hi,senior_citizen,2025-05-21,FULL,LOW
C000312,Rajesh Mehta,M,2006-04-15,20,+91 58256 20837,rajesh_meht32@example.com,Mumbai,Maharashtra,400237,mr,student,2025-12-09,FULL,LOW
C000313,Sneha Tiwari,F,1998-07-19,28,+91 54912 25333,sneha.tiwari52@example.com,Pune,Maharashtra,411959,hi,salaried,2021-07-04,FULL,LOW
C000314,Ashok Naik,M,2008-06-26,18,+91 53286 92767,ashok_naik99@example.com,Nagpur,Maharashtra,440268,mr,salaried,2026-05-28,MIN_KYC,LOW
C000315,Jyoti Sheikh,F,2004-05-07,22,+91 59375 01530,jyoti.sheik90@example.com,Pune,Maharashtra,411459,en,student,2025-10-08,FULL,LOW
C000316,Asha Gaikwad,F,1987-06-29,39,+91 50955 26979,ashagaikwad252@example.com,Lucknow,Uttar Pradesh,226374,hi,self_employed,2012-08-13,FULL,LOW
C000317,Joseph Saxena,M,2008-02-12,18,+91 53640 92513,joseph.saxen53@example.com,Bengaluru,Karnataka,560784,hinglish,student,2026-04-29,FULL,LOW
C000318,Radha Singh,F,1953-06-25,73,+91 50461 32296,radha.singh11@example.com,Pune,Maharashtra,411446,hi,senior_citizen,2020-07-01,FULL,LOW
C000319,Manoj Sawant,M,1970-04-01,56,+91 56123 47420,manoj_sawa39@example.com,Thane,Maharashtra,400179,en,salaried,2013-03-19,RE_KYC_DUE,LOW
C000320,Vijay Sheikh,M,1963-08-03,63,+91 54275 03189,vsheikh7547@example.com,Hyderabad,Telangana,500879,en,senior_citizen,2023-03-16,FULL,LOW
C000321,Keerthi Agarwal,F,1953-07-06,73,+91 50958 46172,keerthi.agarwal27@example.com,Pune,Maharashtra,411677,hinglish,senior_citizen,2021-02-16,FULL,LOW
C000322,Anjali Desai,F,1950-04-01,76,+91 57500 36614,anjali.desai52@example.com,Lucknow,Uttar Pradesh,226866,hi,senior_citizen,2021-08-18,FULL,LOW
C000323,Anita Wagh,F,1985-03-26,41,+91 58304 22715,anita_wagh98@example.com,Thane,Maharashtra,400745,hinglish,salaried,2020-08-24,FULL,LOW
C000324,Sana Deshmukh,F,1998-04-07,28,+91 50291 15273,sana_desh10@example.com,Mumbai,Maharashtra,400068,hinglish,salaried,2025-12-27,FULL,MEDIUM
C000325,Anita Mehta,F,1963-03-21,63,+91 56044 22234,anita_meht13@example.com,Thane,Maharashtra,400229,en,senior_citizen,2012-06-23,FULL,MEDIUM
C000326,Omkar Naidu,M,1997-03-19,29,+91 53117 77565,omkar.naidu10@example.com,Indore,Madhya Pradesh,452947,hinglish,salaried,2023-10-28,FULL,MEDIUM
C000327,Parag Reddy,M,1967-06-04,59,+91 50050 69059,parag.reddy46@example.com,Lucknow,Uttar Pradesh,226750,hi,salaried,2013-07-09,RE_KYC_DUE,LOW
C000328,Ashok Mishra,M,1990-08-01,36,+91 50348 72878,ashok.mishr60@example.com,Indore,Madhya Pradesh,452458,hinglish,self_employed,2024-08-02,RE_KYC_DUE,LOW
C000329,Bhavana Desai,F,1990-02-02,36,+91 50564 69653,bhavanadesai296@example.com,Thane,Maharashtra,400233,mr,homemaker,2022-02-27,FULL,MEDIUM
C000330,Deepak Sharma,M,1951-06-20,75,+91 53951 50037,deepaksharma913@example.com,Nagpur,Maharashtra,440634,mr,senior_citizen,2024-03-18,FULL,LOW
C000331,Mrunal Bhosale,F,1968-03-10,58,+91 58244 47500,mrunal_bhos31@example.com,Indore,Madhya Pradesh,452691,hinglish,salaried,2017-05-06,FULL,LOW
C000332,Deepak Deshmukh,M,1975-07-28,51,+91 52298 29474,deepakdeshmukh544@example.com,Thane,Maharashtra,400760,en,self_employed,2024-01-28,FULL,LOW
C000333,Harleen Chavan,F,1984-10-29,41,+91 52273 01206,harleen.chava52@example.com,Pune,Maharashtra,411274,mr,salaried,2019-01-23,FULL,MEDIUM
C000334,Geeta Naik,F,2008-08-23,18,+91 59129 44178,geeta_naik19@example.com,Delhi,Delhi,110366,hi,salaried,2026-05-03,FULL,LOW
C000335,Venkat Kulkarni,M,1994-05-07,32,+91 58597 41546,venkat.kulka86@example.com,Mumbai,Maharashtra,400612,hinglish,salaried,2021-06-20,FULL,LOW
C000336,Mahesh Dixit,M,2008-05-05,18,+91 55413 25512,mahesh.dixit52@example.com,Nagpur,Maharashtra,440459,mr,salaried,2026-05-05,FULL,MEDIUM
C000337,Aniket Tiwari,M,1980-03-02,46,+91 57844 70686,aniket_tiwa86@example.com,Lucknow,Uttar Pradesh,226726,hi,business,2015-06-13,RE_KYC_DUE,LOW
C000338,Sachin Deshmukh,M,1959-09-20,67,+91 51384 06337,sachin.deshm52@example.com,Jaipur,Rajasthan,302878,hinglish,senior_citizen,2016-05-03,FULL,LOW
C000339,Nitin Chavan,M,1984-08-16,42,+91 56644 59139,nchavan1347@example.com,Nagpur,Maharashtra,440472,hi,salaried,2024-09-24,FULL,LOW
C000340,Harish Nair,M,1945-07-03,81,+91 51462 14554,harish.nair54@example.com,Pune,Maharashtra,411774,mr,senior_citizen,2024-08-01,FULL,LOW
C000341,Mangesh Pandey,M,1999-09-02,27,+91 50389 32619,mpandey4275@example.com,Bengaluru,Karnataka,560199,hinglish,self_employed,2020-07-20,FULL,HIGH
C000342,Siddharth Bhosale,M,1967-10-05,58,+91 58936 16043,siddharthbhosale90@example.com,Jaipur,Rajasthan,302288,hi,self_employed,2023-01-03,FULL,LOW
C000343,Vijay Gupta,M,1955-11-05,70,+91 54957 56775,vijay_gupt34@example.com,Mumbai,Maharashtra,400710,mr,senior_citizen,2024-05-18,FULL,LOW
C000344,Swati Menon,F,2004-04-18,22,+91 59062 54159,swati_meno62@example.com,Delhi,Delhi,110896,hinglish,student,2023-05-29,FULL,LOW
C000345,Harleen Menon,F,1991-07-11,35,+91 58977 44958,harleenmenon17@example.com,Nashik,Maharashtra,422651,mr,salaried,2011-11-22,FULL,LOW
C000346,Dinesh Rao,M,1976-01-20,50,+91 50680 66261,drao8922@example.com,Delhi,Delhi,110325,en,self_employed,2015-08-31,FULL,LOW
C000347,Sachin Menon,M,1974-07-05,52,+91 54673 70528,sachin.menon51@example.com,Nagpur,Maharashtra,440577,hi,salaried,2014-01-29,FULL,MEDIUM
C000348,Venkat Apte,M,1971-11-17,54,+91 55820 01084,vapte6456@example.com,Indore,Madhya Pradesh,452878,hi,salaried,2024-06-09,FULL,LOW
C000349,Rohit Kadam,M,1970-02-15,56,+91 53126 29871,rkadam8845@example.com,Mumbai,Maharashtra,400161,hinglish,salaried,2023-02-05,FULL,LOW
C000350,Girish Sharma,M,1994-10-06,31,+91 53443 54216,girish_shar57@example.com,Pune,Maharashtra,411625,mr,salaried,2021-01-09,FULL,MEDIUM
C000351,Abhijit Bhatt,M,1998-07-27,28,+91 55328 02554,abhijit.bhatt77@example.com,Delhi,Delhi,110151,hi,salaried,2023-03-06,FULL,LOW
C000352,Ishita Desai,F,1974-04-27,52,+91 59503 43885,ishita.desai45@example.com,Lucknow,Uttar Pradesh,226157,hi,homemaker,2016-04-01,FULL,LOW
C000353,Manisha Menon,F,1975-08-20,51,+91 50273 97560,mmenon2805@example.com,Jaipur,Rajasthan,302071,hinglish,salaried,2012-01-11,RE_KYC_DUE,LOW
C000354,Vijay Pawar,M,1989-07-09,37,+91 55554 86763,vijay.pawar54@example.com,Mumbai,Maharashtra,400191,en,business,2025-05-09,FULL,LOW
C000355,Karthik Shah,M,1990-08-12,36,+91 57605 46640,karthikshah162@example.com,Mumbai,Maharashtra,400078,en,salaried,2023-08-01,FULL,LOW
C000356,Usha Chavan,F,1961-12-23,64,+91 57927 44274,ushachavan919@example.com,Pune,Maharashtra,411270,mr,senior_citizen,2025-08-28,FULL,LOW
C000357,Ananya Kadam,F,1995-05-27,31,+91 57438 39704,ananya.kadam20@example.com,Mumbai,Maharashtra,400116,hi,business,2018-07-05,FULL,LOW
C000358,Gurpreet Tiwari,F,1995-04-06,31,+91 50182 73916,gurpreettiwari758@example.com,Pune,Maharashtra,411006,hinglish,salaried,2024-11-04,FULL,LOW
C000359,Aarti Patil,F,1998-08-01,28,+91 50308 66461,aarti.patil24@example.com,Jaipur,Rajasthan,302650,hi,salaried,2014-08-10,FULL,MEDIUM
C000360,Arun Jadhav,M,1985-02-21,41,+91 57835 83089,arun.jadha38@example.com,Pune,Maharashtra,411671,hi,salaried,2017-11-27,FULL,LOW
C000361,Joseph Iyer,M,1989-06-15,37,+91 50119 16477,jiyer6694@example.com,Pune,Maharashtra,411616,hinglish,salaried,2018-10-24,FULL,MEDIUM
C000362,Farah Dixit,F,1992-12-13,33,+91 56962 99740,farah.dixit61@example.com,Pune,Maharashtra,411413,mr,salaried,2018-06-30,FULL,LOW
C000363,Nandini Nair,F,1997-05-22,29,+91 56025 08341,nandini.nair87@example.com,Pune,Maharashtra,411644,mr,self_employed,2017-08-06,FULL,MEDIUM
C000364,Lakshmi Salunkhe,F,1985-08-03,41,+91 58946 80480,lsalunkhe5812@example.com,Pune,Maharashtra,411876,hi,self_employed,2019-09-16,FULL,LOW
C000365,Sunil Sharma,M,1990-07-01,36,+91 50843 82411,sunil_shar24@example.com,Pune,Maharashtra,411032,en,salaried,2019-09-26,FULL,LOW
C000366,Gurdeep Nair,M,1989-04-18,37,+91 50490 76924,gurdeep.nair52@example.com,Hyderabad,Telangana,500602,hinglish,business,2017-08-25,FULL,LOW
C000367,Karthik Bhosale,M,1976-12-20,49,+91 51756 62142,karthik.bhosa94@example.com,Pune,Maharashtra,411903,hinglish,business,2016-05-29,FULL,LOW
C000368,Siddharth Pillai,M,1967-08-31,59,+91 50717 84468,spillai7525@example.com,Mumbai,Maharashtra,400406,mr,salaried,2021-08-05,FULL,LOW
C000369,Mrunal Verma,F,1983-09-24,43,+91 50110 57701,mverma6155@example.com,Nagpur,Maharashtra,440452,hi,salaried,2023-11-14,FULL,MEDIUM
C000370,Vandana Sawant,F,1967-05-12,59,+91 56417 43442,vsawant2944@example.com,Bengaluru,Karnataka,560652,en,self_employed,2023-10-14,RE_KYC_DUE,MEDIUM
C000371,Dinesh Deshpande,M,2003-02-05,23,+91 51517 46520,dinesh_desh69@example.com,Mumbai,Maharashtra,400443,en,salaried,2023-08-13,FULL,MEDIUM
C000372,Vikram Kulkarni,M,1999-03-10,27,+91 54747 86274,vikram.kulkarni78@example.com,Nashik,Maharashtra,422230,hi,salaried,2024-12-03,FULL,MEDIUM
C000373,Faisal Deshmukh,M,1993-06-22,33,+91 59305 88090,faisaldeshmukh593@example.com,Hyderabad,Telangana,500293,en,self_employed,2018-01-19,FULL,LOW
C000374,Geeta Shah,F,1994-12-19,31,+91 56503 36588,gshah7513@example.com,Thane,Maharashtra,400332,en,salaried,2017-01-09,RE_KYC_DUE,LOW
C000375,Joseph Choudhary,M,1975-01-18,51,+91 54032 22119,joseph.choudhary37@example.com,Ahmedabad,Gujarat,380048,en,business,2016-11-21,FULL,MEDIUM
C000376,Mahesh Agarwal,M,2006-06-24,20,+91 51990 07716,mahesh.agarw41@example.com,Pune,Maharashtra,411643,hi,student,2025-09-12,FULL,LOW
C000377,Suresh Saxena,M,1987-06-05,39,+91 54741 22427,suresh.saxena75@example.com,Bengaluru,Karnataka,560867,hinglish,salaried,2015-11-08,FULL,LOW
C000378,Usha Reddy,F,1960-06-22,66,+91 59457 77915,ushareddy772@example.com,Pune,Maharashtra,411988,hinglish,senior_citizen,2013-05-17,FULL,LOW
C000379,Keerthi Sharma,F,1965-09-11,61,+91 55433 61997,keerthi.sharm33@example.com,Pune,Maharashtra,411700,hi,senior_citizen,2016-12-02,RE_KYC_DUE,LOW
C000380,Aditya Agarwal,M,1944-10-05,81,+91 54067 73573,aditya.agarwal68@example.com,Pune,Maharashtra,411692,mr,senior_citizen,2016-07-28,FULL,LOW
C000381,Deepa Saxena,F,1975-01-13,51,+91 59015 26176,deepa.saxen46@example.com,Hyderabad,Telangana,500265,en,self_employed,2022-09-28,FULL,MEDIUM
C000382,Manoj Iyer,M,1962-06-26,64,+91 52778 75210,manoj_iyer59@example.com,Thane,Maharashtra,400828,hinglish,senior_citizen,2024-06-14,FULL,LOW
C000383,Vinayak Thakur,M,2005-05-20,21,+91 53355 87226,vinayak.thakur44@example.com,Thane,Maharashtra,400356,mr,student,2025-01-19,FULL,LOW
C000384,Pallavi Saxena,F,1993-03-07,33,+91 54466 46608,pallavisaxena856@example.com,Nashik,Maharashtra,422906,hi,salaried,2019-01-15,FULL,LOW
C000385,Mrunal Thakur,F,1971-04-08,55,+91 51657 69672,mrunal_thak73@example.com,Mumbai,Maharashtra,400908,hinglish,salaried,2020-11-04,FULL,LOW
C000386,Radha Gupta,F,1980-03-03,46,+91 59713 70781,rgupta8539@example.com,Mumbai,Maharashtra,400452,hi,self_employed,2025-04-10,FULL,LOW
C000387,Ishita Chavan,F,1971-09-11,55,+91 52519 74691,ishita.chavan13@example.com,Nagpur,Maharashtra,440589,hi,salaried,2016-01-19,FULL,LOW
C000388,Amit Wagh,M,1994-06-08,32,+91 59404 82380,amit.wagh71@example.com,Thane,Maharashtra,400300,hinglish,business,2018-01-23,FULL,LOW
C000389,Yogesh Banerjee,M,1988-08-18,38,+91 52823 36179,yogesh.baner63@example.com,Pune,Maharashtra,411895,hi,self_employed,2021-09-22,FULL,LOW
C000390,Amit Shah,M,2001-08-30,25,+91 55555 87329,amit.shah75@example.com,Mumbai,Maharashtra,400379,en,self_employed,2022-01-16,FULL,LOW
C000391,Nitin Jadhav,M,1951-10-17,74,+91 50400 98469,nitin.jadha97@example.com,Mumbai,Maharashtra,400609,mr,senior_citizen,2025-12-20,FULL,MEDIUM
C000392,Sachin Banerjee,M,1971-02-14,55,+91 59902 82024,sachin_bane47@example.com,Pune,Maharashtra,411111,en,salaried,2013-08-23,FULL,LOW
C000393,Amit Kale,M,1969-03-20,57,+91 59750 36153,amitkale45@example.com,Pune,Maharashtra,411644,mr,salaried,2024-07-29,FULL,LOW
C000394,Ganesh Sawant,M,1999-05-31,27,+91 50241 79223,gsawant9075@example.com,Pune,Maharashtra,411709,mr,salaried,2019-05-21,FULL,LOW
C000395,Jyoti Shinde,F,1990-04-23,36,+91 54710 95458,jyoti.shinde39@example.com,Nagpur,Maharashtra,440873,hi,self_employed,2013-03-24,FULL,LOW
C000396,Mrunal Thakur,F,1983-12-20,42,+91 54824 71328,mrunal.thaku95@example.com,Nagpur,Maharashtra,440699,hi,salaried,2021-03-05,FULL,LOW
C000397,Nitin Sheikh,M,1975-09-08,51,+91 55492 91964,nsheikh3101@example.com,Bengaluru,Karnataka,560836,hinglish,self_employed,2012-12-16,FULL,LOW
C000398,Pooja Bhosale,F,1952-08-05,74,+91 50713 69852,pooja_bhos94@example.com,Pune,Maharashtra,411364,mr,senior_citizen,2020-11-12,FULL,LOW
C000399,Sanjay Kale,M,1978-09-30,47,+91 57582 23763,skale594@example.com,Mumbai,Maharashtra,400829,hinglish,self_employed,2025-05-23,FULL,LOW
C000400,Nandini Bhosale,F,2005-11-11,20,+91 50348 76836,nandini.bhosale28@example.com,Pune,Maharashtra,411980,en,student,2026-03-10,FULL,LOW
C000401,Anthony Gaikwad,M,1994-07-04,32,+91 52109 57159,anthony.gaikwad17@example.com,Nashik,Maharashtra,422109,hi,salaried,2021-07-30,FULL,LOW
C000402,Shweta Reddy,F,1953-07-11,73,+91 52600 35171,shweta.reddy64@example.com,Pune,Maharashtra,411433,en,senior_citizen,2017-01-09,FULL,HIGH
C000403,Zoya Saxena,F,1979-12-01,46,+91 50528 30654,zoya_saxe22@example.com,Nagpur,Maharashtra,440626,mr,business,2016-11-20,FULL,LOW
C000404,Madhuri Naik,F,2000-09-28,25,+91 57999 31416,madhurinaik909@example.com,Pune,Maharashtra,411235,mr,salaried,2020-03-31,FULL,HIGH
C000405,Farah Shinde,F,1980-04-22,46,+91 51422 22396,farah.shind33@example.com,Pune,Maharashtra,411008,mr,salaried,2016-11-12,FULL,LOW
C000406,Sunita Reddy,F,1987-10-02,38,+91 56568 60479,sunita.reddy24@example.com,Nagpur,Maharashtra,440719,mr,salaried,2020-07-07,FULL,MEDIUM
C000407,Nitin Shah,M,1996-11-11,29,+91 52119 34608,nitinshah323@example.com,Mumbai,Maharashtra,400896,en,salaried,2022-10-22,FULL,MEDIUM
C000408,Sachin Saxena,M,1985-03-07,41,+91 53924 30042,ssaxena2397@example.com,Nashik,Maharashtra,422915,hi,salaried,2014-05-11,FULL,LOW
C000409,Tejaswini Joshi,F,2004-12-21,21,+91 59671 01829,tejaswini_josh44@example.com,Jaipur,Rajasthan,302131,hi,student,2023-01-16,FULL,LOW
C000410,Priya Yadav,F,1988-01-15,38,+91 56484 63354,priya.yadav96@example.com,Nagpur,Maharashtra,440616,en,salaried,2018-02-28,FULL,LOW
C000411,Kunal Pandey,M,1990-04-26,36,+91 52453 92275,kpandey5521@example.com,Indore,Madhya Pradesh,452911,hi,salaried,2025-07-29,FULL,LOW
C000412,Suresh Nair,M,2000-10-05,25,+91 52665 15293,suresh.nair14@example.com,Mumbai,Maharashtra,400407,hinglish,business,2015-07-13,RE_KYC_DUE,LOW
C000413,Mahesh Mishra,M,1977-03-18,49,+91 59917 62527,mahesh.mishra23@example.com,Nashik,Maharashtra,422779,mr,salaried,2015-08-27,FULL,MEDIUM
C000414,Geeta Thakur,F,1984-04-10,42,+91 51251 14850,geeta_thak53@example.com,Nashik,Maharashtra,422694,mr,business,2020-11-29,FULL,LOW
C000415,Shalini Menon,F,1991-03-11,35,+91 59497 31877,smenon5926@example.com,Indore,Madhya Pradesh,452527,hinglish,salaried,2014-03-27,FULL,LOW
C000416,Omkar Salunkhe,M,2008-05-02,18,+91 57564 01033,omkar_salu67@example.com,Pune,Maharashtra,411530,hi,salaried,2026-05-14,MIN_KYC,LOW
C000417,Sneha Banerjee,F,2000-11-19,25,+91 53022 25520,sneha.banerjee47@example.com,Indore,Madhya Pradesh,452296,hinglish,salaried,2021-12-05,FULL,LOW
C000418,Ganesh Deshpande,M,1997-03-25,29,+91 57154 35751,ganesh.deshpande11@example.com,Hyderabad,Telangana,500159,hinglish,salaried,2019-09-11,FULL,LOW
C000419,Joseph Gupta,M,1945-01-31,81,+91 52801 76497,josephgupta587@example.com,Pune,Maharashtra,411142,mr,senior_citizen,2021-02-15,FULL,LOW
C000420,Smita Yadav,F,1977-08-21,49,+91 59194 15773,smita.yadav62@example.com,Thane,Maharashtra,400089,hinglish,salaried,2024-04-03,FULL,LOW
C000421,Tushar Saxena,M,2002-02-28,24,+91 59731 61286,tushar.saxena97@example.com,Ahmedabad,Gujarat,380549,hinglish,salaried,2020-12-27,FULL,LOW
C000422,Anthony Gokhale,M,1983-12-07,42,+91 51336 08565,agokhale4217@example.com,Pune,Maharashtra,411725,hinglish,salaried,2015-05-02,FULL,LOW
C000423,Divya Bhatt,F,1973-08-13,53,+91 58777 59951,divya.bhatt16@example.com,Hyderabad,Telangana,500701,hinglish,self_employed,2012-11-14,FULL,LOW
C000424,Revati Saxena,F,1960-06-16,66,+91 51592 30519,revati.saxena72@example.com,Mumbai,Maharashtra,400844,en,senior_citizen,2013-02-06,RE_KYC_DUE,LOW
C000425,Sagar Iyer,M,1983-08-18,43,+91 59227 91174,sagariyer831@example.com,Delhi,Delhi,110443,hinglish,salaried,2014-11-07,FULL,LOW
C000426,Smita Rao,F,1942-06-09,84,+91 56585 36978,smita_rao80@example.com,Nagpur,Maharashtra,440440,en,senior_citizen,2014-02-17,FULL,LOW
C000427,Sana Pawar,F,1944-02-27,82,+91 53326 85396,sana_pawa57@example.com,Indore,Madhya Pradesh,452294,hi,senior_citizen,2012-05-14,FULL,LOW
C000428,Sachin Pandey,M,2002-08-21,24,+91 51090 10053,sachin.pandey77@example.com,Thane,Maharashtra,400339,mr,salaried,2022-05-27,FULL,LOW
C000429,Harish Das,M,1981-07-28,45,+91 52615 14554,hdas8220@example.com,Jaipur,Rajasthan,302255,hinglish,salaried,2020-12-28,FULL,LOW
C000430,Yogesh Pawar,M,1975-10-07,50,+91 58967 81805,yogesh_pawa81@example.com,Delhi,Delhi,110057,hinglish,salaried,2025-09-20,FULL,LOW
C000431,Revati Banerjee,F,2001-02-28,25,+91 54049 46273,revati.baner83@example.com,Delhi,Delhi,110177,hinglish,business,2021-03-31,FULL,LOW
C000432,Kavita Jadhav,F,1971-07-01,55,+91 56238 44479,kjadhav5108@example.com,Mumbai,Maharashtra,400850,mr,self_employed,2020-03-20,FULL,LOW
C000433,Keerthi Naidu,F,1982-09-21,44,+91 57148 22507,keerthi_naid44@example.com,Delhi,Delhi,110165,hinglish,salaried,2020-04-15,FULL,LOW
C000434,Sayali Shinde,F,1979-06-24,47,+91 55667 53635,sayali.shind75@example.com,Jaipur,Rajasthan,302310,hinglish,homemaker,2016-12-24,FULL,LOW
C000435,Radha Reddy,F,2003-02-20,23,+91 57567 44619,radha_redd59@example.com,Nagpur,Maharashtra,440639,mr,student,2024-01-14,FULL,LOW
C000436,Dinesh Desai,M,1954-06-08,72,+91 51002 21966,dinesh.desai53@example.com,Pune,Maharashtra,411230,en,senior_citizen,2016-04-07,FULL,LOW
C000437,Anil Rao,M,2008-06-11,18,+91 55206 07478,anil.rao79@example.com,Pune,Maharashtra,411880,hi,student,2026-05-10,FULL,LOW
C000438,Anil Menon,M,1982-09-06,44,+91 52788 80063,anil.menon25@example.com,Pune,Maharashtra,411076,mr,salaried,2019-12-16,FULL,MEDIUM
C000439,Sana Deshmukh,F,1991-03-28,35,+91 54556 07607,sana_desh98@example.com,Hyderabad,Telangana,500456,hinglish,self_employed,2015-02-03,FULL,MEDIUM
C000440,Joseph Pawar,M,2000-01-11,26,+91 52254 77180,joseph.pawar94@example.com,Delhi,Delhi,110719,hinglish,business,2019-01-18,FULL,MEDIUM
C000441,Arun Apte,M,1984-05-05,42,+91 52412 13214,arun.apte92@example.com,Pune,Maharashtra,411456,hi,salaried,2016-01-05,FULL,LOW
C000442,Anjali Sharma,F,1996-04-02,30,+91 50287 25387,asharma5015@example.com,Pune,Maharashtra,411110,hinglish,self_employed,2019-12-24,FULL,LOW
C000443,Mrunal Kamat,F,1974-08-17,52,+91 57910 14594,mrunal_kama52@example.com,Pune,Maharashtra,411396,en,salaried,2018-09-07,FULL,LOW
C000444,Asha Bhatt,F,1995-01-01,31,+91 56288 59481,ashabhatt616@example.com,Delhi,Delhi,110426,hinglish,salaried,2020-11-18,FULL,LOW
C000445,Pooja Sawant,F,1999-11-17,26,+91 57184 02083,pooja.sawan49@example.com,Ahmedabad,Gujarat,380499,hinglish,salaried,2025-01-19,FULL,LOW
C000446,Prakash Salunkhe,M,1998-03-23,28,+91 54521 38362,prakash.salunkhe26@example.com,Delhi,Delhi,110985,hi,self_employed,2018-01-09,FULL,LOW
C000447,Prakash Deshpande,M,1976-11-11,49,+91 54399 56822,prakash.deshp82@example.com,Indore,Madhya Pradesh,452390,hinglish,salaried,2019-03-29,FULL,MEDIUM
C000448,Ajay Kamat,M,1953-10-26,72,+91 58278 94371,akamat5383@example.com,Pune,Maharashtra,411638,en,senior_citizen,2014-03-21,FULL,MEDIUM
C000449,Divya Dixit,F,1993-05-28,33,+91 59404 06226,ddixit1096@example.com,Thane,Maharashtra,400312,mr,salaried,2025-05-25,FULL,LOW
C000450,Smita Khan,F,1946-11-14,79,+91 50733 91284,smita_khan62@example.com,Nashik,Maharashtra,422738,mr,senior_citizen,2022-09-18,FULL,LOW
C000451,Dinesh Verma,M,1942-08-11,84,+91 50210 36324,dineshverma36@example.com,Pune,Maharashtra,411967,mr,senior_citizen,2020-05-21,FULL,LOW
C000452,Harpreet Kadam,M,1972-06-14,54,+91 52314 58566,harpreet_kada64@example.com,Bengaluru,Karnataka,560380,hinglish,salaried,2014-12-22,RE_KYC_DUE,LOW
C000453,Vinayak Saxena,M,1989-12-02,36,+91 57237 86985,vinayak.saxen95@example.com,Pune,Maharashtra,411828,en,business,2023-09-17,FULL,LOW
C000454,Mahesh Shah,M,1960-11-21,65,+91 55653 97389,mahesh.shah66@example.com,Bengaluru,Karnataka,560026,en,senior_citizen,2020-01-29,FULL,LOW
C000455,Hemant Shah,M,1987-05-04,39,+91 56490 72707,hemant.shah82@example.com,Hyderabad,Telangana,500622,hinglish,salaried,2024-12-25,RE_KYC_DUE,LOW
C000456,Imran Reddy,M,1998-07-10,28,+91 54003 57917,ireddy3684@example.com,Pune,Maharashtra,411407,hinglish,salaried,2021-07-06,FULL,HIGH
C000457,Pallavi Pillai,F,1983-12-16,42,+91 52485 11623,pallavi_pill44@example.com,Pune,Maharashtra,411874,mr,salaried,2016-01-22,RE_KYC_DUE,LOW
C000458,Ganesh Thakur,M,2001-03-25,25,+91 59909 21887,ganeshthakur25@example.com,Thane,Maharashtra,400754,en,salaried,2023-10-28,FULL,LOW
C000459,Girish Das,M,1997-06-01,29,+91 56737 29247,girishdas887@example.com,Pune,Maharashtra,411536,hinglish,self_employed,2024-08-20,FULL,LOW
C000460,Kunal Nair,M,1999-06-28,27,+91 50582 03857,kunal.nair23@example.com,Mumbai,Maharashtra,400464,hi,salaried,2019-06-09,FULL,LOW
C000461,Ajay Shinde,M,1996-04-01,30,+91 52413 12870,ajay_shin99@example.com,Bengaluru,Karnataka,560905,hinglish,salaried,2023-03-29,FULL,LOW
C000462,Gurpreet Yadav,F,1942-01-25,84,+91 56076 10984,gurpreet_yada46@example.com,Pune,Maharashtra,411317,mr,senior_citizen,2015-01-11,FULL,LOW
C000463,Venkat Patil,M,1975-04-27,51,+91 55165 20362,venkat.patil29@example.com,Pune,Maharashtra,411039,mr,salaried,2020-09-22,FULL,MEDIUM
C000464,Manisha Yadav,F,2002-11-04,23,+91 54801 88529,manisha.yadav86@example.com,Pune,Maharashtra,411131,en,student,2024-02-16,FULL,LOW
C000465,Anjali Das,F,1955-07-23,71,+91 59253 57648,anjali_das53@example.com,Pune,Maharashtra,411482,en,senior_citizen,2019-01-18,FULL,MEDIUM
C000466,Vaishali Pandey,F,2000-09-01,26,+91 50488 92162,vaishali.pande84@example.com,Jaipur,Rajasthan,302791,hinglish,business,2024-08-07,FULL,LOW
C000467,Manisha Bhatt,F,2001-05-04,25,+91 52939 62122,manishabhatt494@example.com,Mumbai,Maharashtra,400443,en,salaried,2021-09-09,FULL,LOW
C000468,Kavita Thakur,F,1944-12-30,81,+91 50006 16733,kavitathakur775@example.com,Bengaluru,Karnataka,560664,hinglish,senior_citizen,2012-01-02,FULL,LOW
C000469,Ishita Verma,F,1998-07-29,28,+91 53035 86119,ishita.verma53@example.com,Mumbai,Maharashtra,400303,hi,salaried,2025-03-07,FULL,LOW
C000470,Aniket Chavan,M,1951-08-06,75,+91 54206 61152,aniket.chava34@example.com,Mumbai,Maharashtra,400494,hinglish,senior_citizen,2018-12-11,FULL,LOW
C000471,Bhavana Menon,F,2000-12-08,25,+91 50217 20002,bhavanamenon28@example.com,Pune,Maharashtra,411412,en,business,2019-04-18,FULL,MEDIUM
C000472,Deepak Kale,M,1962-10-26,63,+91 53516 35694,dkale5969@example.com,Pune,Maharashtra,411479,hi,senior_citizen,2019-04-25,FULL,LOW
C000473,Pallavi Jadhav,F,1979-04-15,47,+91 54328 55181,pjadhav4079@example.com,Thane,Maharashtra,400392,mr,salaried,2018-07-05,RE_KYC_DUE,MEDIUM
C000474,Vinayak Kulkarni,M,1950-06-01,76,+91 59031 41300,vkulkarni7427@example.com,Jaipur,Rajasthan,302772,hi,senior_citizen,2024-02-02,FULL,LOW
C000475,Lata Iyer,F,2006-03-19,20,+91 54231 96903,lata_iyer36@example.com,Mumbai,Maharashtra,400803,hi,salaried,2024-12-10,FULL,LOW
C000476,Madhuri Iyer,F,1978-05-09,48,+91 59267 99549,madhuri.iyer15@example.com,Mumbai,Maharashtra,400058,hi,homemaker,2019-09-20,FULL,LOW
C000477,Keerthi Sharma,F,1977-10-02,48,+91 51346 63963,ksharma3360@example.com,Indore,Madhya Pradesh,452245,hinglish,salaried,2015-06-02,FULL,LOW
C000478,Tushar Agarwal,M,1983-03-31,43,+91 52148 94055,tushar.agarw99@example.com,Lucknow,Uttar Pradesh,226740,hi,salaried,2019-05-23,FULL,LOW
C000479,Vaishali Pandey,F,1985-07-01,41,+91 57395 00338,vaishali.pande83@example.com,Nagpur,Maharashtra,440997,hi,salaried,2025-08-03,FULL,MEDIUM
C000480,Ishita Rao,F,1969-01-11,57,+91 55763 11983,ishita.rao54@example.com,Nagpur,Maharashtra,440680,en,self_employed,2024-03-06,FULL,LOW
C000481,Parag Pillai,M,1983-06-25,43,+91 54733 57715,parag_pill50@example.com,Pune,Maharashtra,411952,hi,salaried,2021-04-13,FULL,LOW
C000482,Sanjay Agarwal,M,1990-05-08,36,+91 56033 56126,sanjayagarwal481@example.com,Hyderabad,Telangana,500395,en,salaried,2014-10-10,FULL,LOW
C000483,Mangesh Bhatt,M,1944-01-13,82,+91 58061 36217,mangesh.bhatt94@example.com,Pune,Maharashtra,411902,hi,senior_citizen,2025-03-22,FULL,LOW
C000484,Siddharth Khan,M,1977-07-24,49,+91 53370 01804,siddharth.khan23@example.com,Delhi,Delhi,110519,en,self_employed,2015-12-16,FULL,LOW
C000485,Rahul Gaikwad,M,1980-10-15,45,+91 57596 99243,rahul.gaikwad18@example.com,Mumbai,Maharashtra,400699,hi,salaried,2018-12-22,FULL,LOW
C000486,Karthik Khan,M,1980-04-08,46,+91 51037 52579,kkhan9920@example.com,Mumbai,Maharashtra,400402,hinglish,self_employed,2014-01-11,FULL,HIGH
C000487,Karthik Sheikh,M,1994-09-19,32,+91 51076 05955,karthiksheikh671@example.com,Mumbai,Maharashtra,400378,mr,business,2022-09-29,FULL,MEDIUM
C000488,Sunita Rao,F,1986-12-03,39,+91 58696 81978,srao3885@example.com,Mumbai,Maharashtra,400152,en,salaried,2014-01-17,RE_KYC_DUE,LOW
C000489,Hemant Gokhale,M,1951-08-26,75,+91 57657 13505,hemant.gokha94@example.com,Jaipur,Rajasthan,302929,hinglish,senior_citizen,2022-08-12,FULL,LOW
C000490,Smita Banerjee,F,1969-08-17,57,+91 55428 13593,smita.baner36@example.com,Mumbai,Maharashtra,400073,hinglish,salaried,2018-04-21,FULL,MEDIUM
C000491,Ashok Sharma,M,1997-12-25,28,+91 53504 16515,ashok_shar25@example.com,Nashik,Maharashtra,422691,hi,homemaker,2018-10-05,FULL,LOW
C000492,Akshay Kadam,M,1995-06-22,31,+91 56827 62875,akshaykadam822@example.com,Nashik,Maharashtra,422192,mr,salaried,2022-09-30,FULL,LOW
C000493,Deepak Apte,M,1974-08-23,52,+91 55810 99410,deepak_apte36@example.com,Pune,Maharashtra,411998,en,salaried,2016-12-02,FULL,LOW
C000494,Harleen Gaikwad,F,1992-02-09,34,+91 51266 14616,harleen.gaikwad63@example.com,Pune,Maharashtra,411640,hi,homemaker,2023-12-16,FULL,LOW
C000495,Lakshmi Reddy,F,1981-02-03,45,+91 55999 68906,lakshmi_redd20@example.com,Bengaluru,Karnataka,560210,en,salaried,2012-01-01,FULL,LOW
C000496,Radha Dixit,F,1983-08-26,43,+91 50953 84732,radha.dixit39@example.com,Pune,Maharashtra,411176,en,business,2022-08-09,FULL,LOW
C000497,Rohini Jadhav,F,1994-10-07,31,+91 51421 07411,rohini.jadhav13@example.com,Bengaluru,Karnataka,560774,hinglish,homemaker,2017-05-21,FULL,LOW
C000498,Meena Deshmukh,F,1989-02-19,37,+91 51085 73745,meena.deshmukh58@example.com,Pune,Maharashtra,411251,hinglish,self_employed,2017-03-07,FULL,MEDIUM
C000499,Vikram Wagh,M,1992-09-05,34,+91 51493 16086,vwagh2693@example.com,Mumbai,Maharashtra,400485,en,salaried,2025-06-30,FULL,MEDIUM
C000500,Mrunal Nair,F,1997-05-16,29,+91 50776 10908,mnair3308@example.com,Indore,Madhya Pradesh,452417,hinglish,self_employed,2022-09-30,FULL,LOW
C000501,Lata Kadam,F,1997-08-23,29,+91 58463 41386,latakadam936@example.com,Delhi,Delhi,110685,hi,salaried,2016-06-08,RE_KYC_DUE,LOW
C000502,Nisha Saxena,F,1986-01-12,40,+91 57606 64436,nisha.saxena18@example.com,Thane,Maharashtra,400802,en,salaried,2025-06-11,FULL,LOW
C000503,Pooja Khan,F,1992-11-17,33,+91 53319 86584,pooja.khan91@example.com,Delhi,Delhi,110483,en,homemaker,2013-03-10,FULL,LOW
C000504,Rahul Bhatt,M,2004-07-08,22,+91 54262 73693,rahul.bhatt16@example.com,Pune,Maharashtra,411681,hinglish,student,2025-09-01,FULL,LOW
C000505,Aarti More,F,1998-03-23,28,+91 56696 50852,amore1373@example.com,Bengaluru,Karnataka,560610,hinglish,homemaker,2025-11-22,FULL,LOW
C000506,Omkar Chavan,M,1991-09-20,35,+91 52926 57874,omkar.chava45@example.com,Nashik,Maharashtra,422049,mr,homemaker,2023-01-25,FULL,LOW
C000507,Aditya Verma,M,1989-11-24,36,+91 56560 09193,averma8156@example.com,Nashik,Maharashtra,422047,hi,salaried,2023-02-06,FULL,LOW
C000508,Pranav Jadhav,M,1992-02-11,34,+91 52111 84796,pranav_jadh77@example.com,Mumbai,Maharashtra,400251,hi,business,2012-03-14,FULL,MEDIUM
C000509,Smita Sheikh,F,1988-05-08,38,+91 55221 03263,smitasheikh963@example.com,Ahmedabad,Gujarat,380498,hinglish,homemaker,2025-11-14,MIN_KYC,MEDIUM
C000510,Usha Chavan,F,1963-02-02,63,+91 57854 39210,usha.chavan16@example.com,Pune,Maharashtra,411894,mr,senior_citizen,2023-05-13,FULL,LOW
C000511,Revati Kulkarni,F,1968-06-05,58,+91 56445 11240,revati_kulk12@example.com,Pune,Maharashtra,411197,mr,business,2023-07-17,FULL,LOW
C000512,Srinivas Mehta,M,1942-08-12,84,+91 52265 46629,srinivas.mehta96@example.com,Mumbai,Maharashtra,400114,mr,senior_citizen,2025-05-31,FULL,LOW
C000513,Madhuri Pillai,F,1993-08-21,33,+91 50385 50777,madhuripillai841@example.com,Pune,Maharashtra,411293,hi,business,2017-03-16,RE_KYC_DUE,LOW
C000514,Priya Iyer,F,1977-06-15,49,+91 59205 16263,priya.iyer26@example.com,Delhi,Delhi,110066,hi,self_employed,2016-05-21,FULL,LOW
C000515,Vikram Iyer,M,1973-01-19,53,+91 54129 92210,vikram.iyer53@example.com,Nashik,Maharashtra,422454,mr,salaried,2022-09-14,FULL,LOW
C000516,Lata Patil,F,1975-11-28,50,+91 54032 49519,lata.patil87@example.com,Mumbai,Maharashtra,400917,mr,self_employed,2016-06-27,FULL,LOW
C000517,Sunita Kale,F,2003-07-27,23,+91 50130 34501,skale8004@example.com,Pune,Maharashtra,411320,hinglish,student,2021-12-16,FULL,LOW
C000518,Keerthi Banerjee,F,2003-03-25,23,+91 53535 68705,keerthi.banerjee63@example.com,Pune,Maharashtra,411173,mr,student,2021-04-25,FULL,HIGH
C000519,Gurdeep Gokhale,M,1998-01-10,28,+91 51662 81625,gurdeep_gokh17@example.com,Hyderabad,Telangana,500658,en,salaried,2021-05-20,FULL,LOW
C000520,Dinesh Gaikwad,M,1951-05-25,75,+91 54172 55235,dinesh_gaik74@example.com,Hyderabad,Telangana,500036,en,senior_citizen,2012-04-13,FULL,MEDIUM
C000521,Gurpreet Menon,F,1980-03-02,46,+91 59118 47166,gurpreet.menon20@example.com,Bengaluru,Karnataka,560291,en,salaried,2025-03-21,FULL,MEDIUM
C000522,Venkat Singh,M,1956-02-22,70,+91 53721 53318,venkat.singh89@example.com,Pune,Maharashtra,411837,mr,senior_citizen,2017-07-23,FULL,LOW
C000523,Girish Saxena,M,1999-06-24,27,+91 50194 71135,gsaxena3238@example.com,Indore,Madhya Pradesh,452905,hinglish,salaried,2023-04-08,FULL,LOW
C000524,Girish Mishra,M,1997-07-29,29,+91 50355 09040,girish_mish57@example.com,Hyderabad,Telangana,500061,hinglish,salaried,2017-07-07,RE_KYC_DUE,LOW
C000525,Aditya Nair,M,1993-08-23,33,+91 53435 96700,aditya.nair33@example.com,Pune,Maharashtra,411906,en,self_employed,2021-11-06,FULL,LOW
C000526,Mrunal Shinde,F,1973-06-24,53,+91 59721 07722,mrunal_shin83@example.com,Hyderabad,Telangana,500844,hinglish,business,2013-10-27,FULL,LOW
C000527,Arun Sharma,M,2001-03-12,25,+91 57435 67410,arun.sharma76@example.com,Hyderabad,Telangana,500014,hinglish,salaried,2020-08-21,FULL,LOW
C000528,Tejaswini Chavan,F,1991-03-31,35,+91 58558 13393,tejaswini.chava40@example.com,Mumbai,Maharashtra,400044,hinglish,salaried,2013-10-11,FULL,LOW
C000529,Suresh Mishra,M,1954-03-29,72,+91 51678 37213,sureshmishra171@example.com,Delhi,Delhi,110229,hi,senior_citizen,2016-01-06,FULL,LOW
C000530,Nitin Mane,M,1986-04-02,40,+91 56636 52580,nitin_mane82@example.com,Pune,Maharashtra,411064,hi,salaried,2012-08-08,RE_KYC_DUE,MEDIUM
C000531,Omkar Bhosale,M,1970-10-07,55,+91 51489 85472,omkar.bhosa53@example.com,Mumbai,Maharashtra,400494,en,salaried,2013-11-27,FULL,LOW
C000532,Meena Banerjee,F,1990-07-12,36,+91 54031 52075,meena_bane79@example.com,Thane,Maharashtra,400720,en,salaried,2024-02-23,FULL,LOW
C000533,Dinesh Jadhav,M,1942-04-22,84,+91 58564 87535,dinesh.jadha52@example.com,Lucknow,Uttar Pradesh,226688,hinglish,senior_citizen,2015-07-10,FULL,LOW
C000534,Sunil Reddy,M,1991-03-23,35,+91 59148 27702,sunilreddy554@example.com,Pune,Maharashtra,411241,mr,salaried,2024-02-27,FULL,HIGH
C000535,Archana Desai,F,1958-12-30,67,+91 57044 88587,archana.desai12@example.com,Pune,Maharashtra,411471,hi,senior_citizen,2016-12-03,FULL,LOW
C000536,Vikram Gaikwad,M,1987-06-09,39,+91 59677 95338,vikram_gaik77@example.com,Pune,Maharashtra,411805,mr,salaried,2021-05-31,FULL,LOW
C000537,Swati Pandey,F,2004-12-12,21,+91 50157 07678,swati.pandey91@example.com,Nashik,Maharashtra,422753,hi,student,2024-08-26,FULL,LOW
C000538,Seema Reddy,F,1946-08-12,80,+91 57282 67238,seemareddy657@example.com,Ahmedabad,Gujarat,380284,en,senior_citizen,2023-03-15,FULL,LOW
C000539,Yogesh Khan,M,1987-10-07,38,+91 54500 28410,ykhan2403@example.com,Pune,Maharashtra,411591,hi,homemaker,2022-11-01,RE_KYC_DUE,LOW
C000540,Keerthi Mishra,F,1978-02-25,48,+91 51952 29626,keerthimishra410@example.com,Jaipur,Rajasthan,302535,hi,homemaker,2013-11-26,FULL,LOW
C000541,Faisal Pillai,M,1992-12-27,33,+91 57321 86953,faisal_pill38@example.com,Ahmedabad,Gujarat,380298,hinglish,salaried,2016-10-04,FULL,LOW
C000542,Dinesh Jadhav,M,1997-04-13,29,+91 51593 05397,djadhav2264@example.com,Nagpur,Maharashtra,440768,hi,self_employed,2018-09-26,FULL,LOW
C000543,Venkat Gokhale,M,1976-12-29,49,+91 58841 43839,venkat.gokhale96@example.com,Mumbai,Maharashtra,400074,hi,self_employed,2015-02-12,FULL,LOW
C000544,Tejaswini More,F,1981-12-30,44,+91 52412 31100,tejaswini_more82@example.com,Lucknow,Uttar Pradesh,226280,hi,salaried,2023-02-03,FULL,MEDIUM
C000545,Arun Dixit,M,1990-12-04,35,+91 56785 79937,arun_dixi99@example.com,Pune,Maharashtra,411912,hi,salaried,2024-07-19,FULL,LOW
C000546,Vinayak Desai,M,1973-05-15,53,+91 57024 80848,vdesai5785@example.com,Thane,Maharashtra,400811,mr,salaried,2017-08-22,FULL,LOW
C000547,Venkat Kulkarni,M,1948-10-19,77,+91 55692 31421,venkat.kulka20@example.com,Pune,Maharashtra,411302,hinglish,senior_citizen,2023-01-31,FULL,MEDIUM
C000548,Arun Pandey,M,1993-05-18,33,+91 51571 86498,arun.pandey89@example.com,Nashik,Maharashtra,422252,hi,salaried,2012-02-01,FULL,LOW
C000549,Shalini Sawant,F,2002-11-17,23,+91 55667 33978,shalini_sawa52@example.com,Delhi,Delhi,110365,hinglish,salaried,2022-09-05,FULL,MEDIUM
C000550,Lata Menon,F,2000-08-06,26,+91 57433 70390,lata_meno16@example.com,Ahmedabad,Gujarat,380108,hinglish,salaried,2022-05-05,FULL,LOW
C000551,Seema Mishra,F,1968-02-15,58,+91 50622 31698,seema_mish89@example.com,Hyderabad,Telangana,500403,en,business,2013-01-28,FULL,LOW
C000552,Rajesh Gokhale,M,1980-10-06,45,+91 55528 43913,rgokhale5427@example.com,Bengaluru,Karnataka,560016,en,salaried,2012-04-10,FULL,LOW
C000553,Seema Agarwal,F,1970-10-04,55,+91 55291 72071,seema.agarwal58@example.com,Mumbai,Maharashtra,400546,en,salaried,2015-02-16,FULL,MEDIUM
C000554,Parag Gupta,M,1947-04-17,79,+91 56088 58683,parag.gupta40@example.com,Thane,Maharashtra,400946,en,senior_citizen,2016-01-16,FULL,LOW
C000555,Usha Desai,F,1949-04-30,77,+91 53920 31326,usha.desai37@example.com,Ahmedabad,Gujarat,380225,hinglish,senior_citizen,2022-01-21,FULL,MEDIUM
C000556,Keerthi Shinde,F,1979-08-11,47,+91 56928 39357,keerthi.shind43@example.com,Pune,Maharashtra,411567,en,self_employed,2024-09-22,FULL,LOW
C000557,Mahesh Verma,M,1992-02-24,34,+91 51667 30809,mahesh.verma61@example.com,Indore,Madhya Pradesh,452407,hinglish,salaried,2024-11-18,FULL,LOW
C000558,Rajesh Saxena,M,2008-06-30,18,+91 51666 76052,rajesh.saxen48@example.com,Mumbai,Maharashtra,400510,mr,student,2026-05-27,FULL,MEDIUM
C000559,Joseph Mane,M,2008-06-26,18,+91 56187 25879,jmane6054@example.com,Indore,Madhya Pradesh,452275,hinglish,student,2026-05-25,FULL,LOW
C000560,Smita Rao,F,1981-02-04,45,+91 52861 35404,smita.rao70@example.com,Ahmedabad,Gujarat,380382,en,salaried,2018-07-02,FULL,LOW
C000561,Shweta Sheikh,F,1960-10-05,65,+91 56849 08445,shwetasheikh551@example.com,Pune,Maharashtra,411362,hinglish,senior_citizen,2013-09-05,FULL,LOW
C000562,Amit Deshmukh,M,1961-06-19,65,+91 58696 76489,amit.deshm73@example.com,Mumbai,Maharashtra,400621,mr,senior_citizen,2012-08-21,FULL,LOW
C000563,Ajay Deshmukh,M,2005-04-24,21,+91 51953 79869,ajay_desh34@example.com,Thane,Maharashtra,400948,mr,salaried,2024-11-19,FULL,LOW
C000564,Sarita Sheikh,F,1974-10-02,51,+91 53396 10578,saritasheikh39@example.com,Thane,Maharashtra,400654,hinglish,salaried,2014-08-07,RE_KYC_DUE,LOW
C000565,Kavita Nair,F,1993-11-28,32,+91 53691 26237,kavita.nair11@example.com,Pune,Maharashtra,411055,hinglish,business,2018-03-06,FULL,MEDIUM
C000566,Pallavi Kulkarni,F,2005-05-10,21,+91 50980 09395,pallavi.kulkarni78@example.com,Mumbai,Maharashtra,400624,mr,student,2024-06-19,FULL,LOW
C000567,Sneha Tiwari,F,1952-08-03,74,+91 55301 83493,sneha_tiwa49@example.com,Bengaluru,Karnataka,560308,hinglish,senior_citizen,2012-02-22,FULL,LOW
C000568,Geeta Khan,F,1974-01-06,52,+91 50281 62102,geeta.khan49@example.com,Mumbai,Maharashtra,400384,hinglish,salaried,2021-03-28,FULL,LOW
C000569,Harpreet Apte,M,1968-12-09,57,+91 51025 26385,harpreet_apte19@example.com,Ahmedabad,Gujarat,380881,en,salaried,2022-08-29,FULL,LOW
C000570,Sunil Shinde,M,1980-11-15,45,+91 52649 34091,sunil.shind44@example.com,Ahmedabad,Gujarat,380777,hinglish,salaried,2012-12-18,FULL,LOW
C000571,Kavita Verma,F,1995-07-26,31,+91 50280 27582,kavita.verma23@example.com,Hyderabad,Telangana,500620,hinglish,salaried,2018-11-08,FULL,LOW
C000572,Revati Mehta,F,1984-01-08,42,+91 55851 74562,revati.mehta83@example.com,Pune,Maharashtra,411691,hinglish,salaried,2022-11-12,FULL,LOW
C000573,Tushar Apte,M,1986-05-22,40,+91 52750 09189,tusharapte208@example.com,Thane,Maharashtra,400897,mr,business,2024-10-26,FULL,MEDIUM
C000574,Rekha Mishra,F,1958-01-24,68,+91 56368 81610,rekha.mishra33@example.com,Mumbai,Maharashtra,400852,hi,senior_citizen,2012-03-27,RE_KYC_DUE,LOW
C000575,Tejaswini Joshi,F,1972-04-05,54,+91 52378 20799,tjoshi9919@example.com,Indore,Madhya Pradesh,452576,hinglish,homemaker,2026-02-14,FULL,LOW
C000576,Ashok Wagh,M,1950-12-20,75,+91 57569 26728,ashok.wagh36@example.com,Bengaluru,Karnataka,560285,en,senior_citizen,2025-05-30,FULL,LOW
C000577,Kavita Nair,F,1976-11-17,49,+91 59588 59121,knair1364@example.com,Mumbai,Maharashtra,400615,mr,self_employed,2020-11-29,FULL,LOW
C000578,Swati Pawar,F,1981-04-04,45,+91 53216 13797,swati_pawa40@example.com,Mumbai,Maharashtra,400636,hi,salaried,2017-05-06,RE_KYC_DUE,MEDIUM
C000579,Meena Das,F,1957-05-07,69,+91 56884 06432,meena_das37@example.com,Ahmedabad,Gujarat,380143,en,senior_citizen,2016-06-26,FULL,LOW
C000580,Swati Gupta,F,1950-04-01,76,+91 55623 84672,swati.gupta73@example.com,Hyderabad,Telangana,500017,en,senior_citizen,2013-12-31,FULL,MEDIUM
C000581,Ishita Saxena,F,1986-11-25,39,+91 53318 38759,ishita.saxen91@example.com,Pune,Maharashtra,411668,mr,salaried,2013-11-20,FULL,LOW
C000582,Anita Kulkarni,F,2001-09-26,25,+91 54906 97380,anitakulkarni637@example.com,Pune,Maharashtra,411889,en,self_employed,2024-05-07,FULL,LOW
C000583,Aniket Das,M,1948-10-01,77,+91 52739 56727,aniketdas663@example.com,Pune,Maharashtra,411286,mr,senior_citizen,2021-11-28,FULL,MEDIUM
C000584,Venkat Bhatt,M,1989-05-16,37,+91 55075 36227,venkat.bhatt59@example.com,Bengaluru,Karnataka,560167,hinglish,salaried,2015-03-10,FULL,LOW
C000585,Akshay Jadhav,M,1984-02-02,42,+91 51845 17882,akshay.jadha95@example.com,Pune,Maharashtra,411377,en,salaried,2019-10-09,FULL,LOW
C000586,Mrunal Das,F,1984-07-13,42,+91 58908 67952,mrunal.das90@example.com,Mumbai,Maharashtra,400133,hinglish,self_employed,2012-12-18,RE_KYC_DUE,LOW
C000587,Neha Shah,F,2008-06-06,18,+91 56824 35220,neha_shah89@example.com,Mumbai,Maharashtra,400293,hinglish,student,2026-05-15,FULL,LOW
C000588,Pooja Singh,F,2001-02-07,25,+91 59073 80912,pooja_sing63@example.com,Pune,Maharashtra,411424,en,business,2022-01-31,FULL,MEDIUM
C000589,Aniket Singh,M,2007-06-10,19,+91 54818 52273,aniket_sing61@example.com,Pune,Maharashtra,411948,hinglish,student,2025-09-25,FULL,LOW
C000590,Anil Agarwal,M,1964-03-15,62,+91 58902 45034,anil.agarwal34@example.com,Mumbai,Maharashtra,400409,hinglish,senior_citizen,2020-10-23,FULL,MEDIUM
C000591,Shalini Patil,F,2006-05-04,20,+91 53427 70199,shalini.patil44@example.com,Bengaluru,Karnataka,560160,hinglish,salaried,2024-08-10,FULL,LOW
C000592,Gurdeep Patil,M,1996-10-07,29,+91 58360 91443,gurdeeppatil580@example.com,Indore,Madhya Pradesh,452564,hi,salaried,2015-09-04,FULL,LOW
C000593,Vijay Naidu,M,1997-04-25,29,+91 52724 29913,vijaynaidu411@example.com,Mumbai,Maharashtra,400246,en,homemaker,2024-09-27,FULL,LOW
C000594,Vaishali Agarwal,F,1978-04-14,48,+91 56134 13580,vaishaliagarwal267@example.com,Nashik,Maharashtra,422850,hi,self_employed,2015-04-10,FULL,LOW
C000595,Deepak Kamat,M,1996-07-31,30,+91 58735 88467,deepak.kamat92@example.com,Hyderabad,Telangana,500987,en,business,2016-05-31,RE_KYC_DUE,HIGH
C000596,Karthik Salunkhe,M,1991-11-21,34,+91 56488 37004,karthiksalunkhe913@example.com,Jaipur,Rajasthan,302737,hi,salaried,2017-02-06,FULL,LOW
C000597,Arun More,M,1998-07-16,28,+91 59470 85075,arunmore423@example.com,Ahmedabad,Gujarat,380366,en,self_employed,2019-11-13,FULL,LOW
C000598,Manisha Gokhale,F,1968-03-24,58,+91 55638 88203,manisha.gokha52@example.com,Pune,Maharashtra,411213,hi,salaried,2016-04-16,RE_KYC_DUE,LOW
C000599,Sayali Iyer,F,1968-02-27,58,+91 53034 67623,sayali.iyer36@example.com,Lucknow,Uttar Pradesh,226560,hinglish,homemaker,2020-01-12,FULL,MEDIUM
C000600,Ajay Naik,M,1967-08-28,59,+91 52951 62133,ajay.naik87@example.com,Mumbai,Maharashtra,400528,hinglish,salaried,2025-02-18,FULL,LOW
C000601,Anita Kulkarni,F,1986-03-27,40,+91 51511 12466,akulkarni8943@example.com,Delhi,Delhi,110954,hi,salaried,2025-12-10,FULL,LOW
C000602,Anil Saxena,M,2005-08-15,21,+91 58282 97745,anilsaxena516@example.com,Thane,Maharashtra,400509,hinglish,student,2025-09-14,MIN_KYC,MEDIUM
C000603,Lata Desai,F,1993-06-05,33,+91 51823 55291,lata_desa14@example.com,Pune,Maharashtra,411719,hinglish,self_employed,2015-08-26,FULL,LOW
C000604,Siddharth Reddy,M,1942-04-30,84,+91 53887 14407,siddharth_redd84@example.com,Pune,Maharashtra,411999,hi,senior_citizen,2023-08-09,FULL,LOW
C000605,Harish Khan,M,1985-10-20,40,+91 59612 30547,harishkhan321@example.com,Hyderabad,Telangana,500518,hinglish,salaried,2023-04-18,FULL,LOW
C000606,Anjali Gokhale,F,2005-12-04,20,+91 55789 11506,anjaligokhale190@example.com,Pune,Maharashtra,411164,hi,student,2026-01-03,FULL,LOW
C000607,Sarita Verma,F,1978-10-31,47,+91 54312 17686,sverma5109@example.com,Delhi,Delhi,110630,en,salaried,2020-03-22,FULL,LOW
C000608,Harish Iyer,M,1968-06-02,58,+91 58096 93648,harish.iyer25@example.com,Pune,Maharashtra,411509,hinglish,salaried,2019-08-19,FULL,LOW
C000609,Keerthi Kale,F,1986-02-14,40,+91 57908 19994,keerthi.kale61@example.com,Hyderabad,Telangana,500495,en,business,2015-10-24,FULL,MEDIUM
C000610,Ashok Rao,M,1991-02-05,35,+91 50260 64030,ashok_rao56@example.com,Hyderabad,Telangana,500514,en,self_employed,2025-02-04,FULL,LOW
C000611,Keerthi Nair,F,1995-07-31,31,+91 58021 46822,keerthi.nair54@example.com,Pune,Maharashtra,411995,hi,salaried,2023-04-04,FULL,LOW
C000612,Rohit Saxena,M,1991-05-29,35,+91 56814 45342,rohit.saxena25@example.com,Thane,Maharashtra,400536,mr,salaried,2020-08-29,FULL,LOW
C000613,Harpreet Rao,M,1989-12-18,36,+91 59279 65829,harpreetrao257@example.com,Pune,Maharashtra,411163,hi,salaried,2016-01-23,FULL,LOW
C000614,Usha Naidu,F,1955-02-05,71,+91 50643 80956,usha.naidu55@example.com,Jaipur,Rajasthan,302712,hi,senior_citizen,2021-07-09,FULL,LOW
C000615,Keerthi Sharma,F,1985-01-08,41,+91 58715 90116,keerthi.sharma35@example.com,Mumbai,Maharashtra,400607,en,self_employed,2023-10-18,FULL,LOW
C000616,Deepa Thakur,F,1997-06-10,29,+91 59213 43604,deepa.thaku51@example.com,Delhi,Delhi,110791,hi,salaried,2018-09-06,FULL,LOW
C000617,Omkar Mishra,M,1989-07-23,37,+91 50955 23383,omkar.mishra98@example.com,Mumbai,Maharashtra,400636,hinglish,self_employed,2019-05-23,FULL,HIGH
C000618,Vinayak Bhosale,M,1949-03-06,77,+91 53962 45221,vinayak.bhosa95@example.com,Mumbai,Maharashtra,400424,hinglish,senior_citizen,2025-05-08,FULL,LOW
C000619,Radha Chavan,F,1970-08-01,56,+91 58129 39985,radha.chavan58@example.com,Indore,Madhya Pradesh,452066,hi,self_employed,2014-09-13,FULL,LOW
C000620,Shalini Kale,F,1956-06-17,70,+91 53792 62461,shalini_kale93@example.com,Bengaluru,Karnataka,560003,en,senior_citizen,2025-04-27,FULL,LOW
C000621,Venkat Deshpande,M,1947-05-27,79,+91 54603 25641,vdeshpande74@example.com,Pune,Maharashtra,411850,hinglish,senior_citizen,2025-09-30,FULL,LOW
C000622,Girish Desai,M,1950-06-03,76,+91 57322 57571,girish.desai98@example.com,Pune,Maharashtra,411098,en,senior_citizen,2020-03-12,FULL,LOW
C000623,Vijay Naidu,M,1969-05-15,57,+91 52889 88904,vijay.naidu40@example.com,Pune,Maharashtra,411549,mr,salaried,2015-02-15,FULL,LOW
C000624,Arun Das,M,1989-12-19,36,+91 53144 96209,arundas998@example.com,Pune,Maharashtra,411425,hinglish,self_employed,2018-08-20,RE_KYC_DUE,LOW
C000625,Aarti More,F,1969-03-13,57,+91 54181 20429,aarti.more37@example.com,Pune,Maharashtra,411025,hinglish,salaried,2018-12-30,FULL,LOW
C000626,Aditya Kadam,M,1999-09-22,27,+91 58229 79181,aditya.kadam27@example.com,Pune,Maharashtra,411827,en,salaried,2022-04-11,FULL,MEDIUM
C000627,Ganesh Das,M,1981-10-10,44,+91 53868 14663,ganesh_das10@example.com,Bengaluru,Karnataka,560104,en,salaried,2025-03-10,FULL,LOW
C000628,Vandana Pandey,F,1987-04-27,39,+91 51085 85667,vandana.pandey54@example.com,Nashik,Maharashtra,422282,hi,salaried,2013-05-03,FULL,LOW
C000629,Divya Kale,F,2001-11-02,24,+91 52842 40145,divya.kale76@example.com,Nashik,Maharashtra,422757,hi,student,2025-06-22,FULL,LOW
C000630,Harleen Verma,F,1985-07-07,41,+91 57979 77373,harleen_verm61@example.com,Pune,Maharashtra,411404,en,business,2022-06-25,FULL,LOW
C000631,Sunil More,M,1941-12-23,84,+91 57473 03568,sunilmore837@example.com,Pune,Maharashtra,411073,mr,senior_citizen,2014-12-04,RE_KYC_DUE,LOW
C000632,Nitin Patil,M,2000-09-14,26,+91 51500 46708,nitin.patil72@example.com,Mumbai,Maharashtra,400244,en,salaried,2025-05-16,FULL,MEDIUM
C000633,Anil Patil,M,1969-08-26,57,+91 59174 41155,anil.patil44@example.com,Thane,Maharashtra,400421,en,homemaker,2018-05-05,FULL,LOW
C000634,Dinesh Patil,M,1998-04-23,28,+91 54937 32865,dineshpatil950@example.com,Hyderabad,Telangana,500322,hinglish,salaried,2017-12-26,FULL,LOW
C000635,Geeta Shinde,F,1998-09-25,28,+91 57908 67536,geeta.shind42@example.com,Jaipur,Rajasthan,302590,hinglish,business,2024-08-16,FULL,LOW
C000636,Sanjay Mishra,M,1991-09-26,35,+91 52550 01311,smishra5021@example.com,Pune,Maharashtra,411886,hinglish,business,2022-06-29,FULL,LOW
C000637,Sagar Salunkhe,M,1965-07-25,61,+91 51671 58209,sagar.salun41@example.com,Thane,Maharashtra,400250,mr,senior_citizen,2022-06-29,FULL,LOW
C000638,Seema Banerjee,F,1976-02-16,50,+91 54920 41129,seema_bane65@example.com,Nagpur,Maharashtra,440783,hi,self_employed,2016-07-13,FULL,LOW
C000639,Rajesh Mishra,M,1995-06-22,31,+91 52407 82977,rmishra4489@example.com,Pune,Maharashtra,411384,en,salaried,2017-12-03,FULL,LOW
C000640,Hemant Sharma,M,2000-07-27,26,+91 57901 73672,hemant.sharma71@example.com,Nagpur,Maharashtra,440551,en,business,2020-01-09,FULL,MEDIUM
C000641,Suresh Mehta,M,1986-09-20,40,+91 54023 03128,smehta7108@example.com,Bengaluru,Karnataka,560654,en,business,2020-02-09,FULL,HIGH
C000642,Madhuri Shinde,F,2005-11-02,20,+91 58308 20429,madhurishinde358@example.com,Pune,Maharashtra,411011,hi,student,2025-09-23,FULL,LOW
C000643,Ajay Pillai,M,2001-05-21,25,+91 53859 25152,ajay_pill84@example.com,Delhi,Delhi,110068,hinglish,salaried,2023-07-10,FULL,LOW
C000644,Vaishali Kamat,F,1990-06-14,36,+91 58481 09550,vaishalikamat508@example.com,Nashik,Maharashtra,422970,hi,salaried,2024-02-21,FULL,LOW
C000645,Aniket Gupta,M,1994-12-27,31,+91 55126 68711,aniket_gupt96@example.com,Pune,Maharashtra,411160,hi,salaried,2025-03-23,FULL,LOW
C000646,Nandini More,F,1971-11-30,54,+91 53927 67131,nmore936@example.com,Mumbai,Maharashtra,400455,en,salaried,2017-05-15,FULL,LOW
C000647,Chinmay Das,M,1996-07-27,30,+91 50997 19755,chinmay_das99@example.com,Indore,Madhya Pradesh,452910,hi,salaried,2014-10-03,RE_KYC_DUE,LOW
C000648,Tushar Joshi,M,1970-10-11,55,+91 54349 59466,tushar.joshi23@example.com,Pune,Maharashtra,411968,hinglish,business,2014-04-10,FULL,LOW
C000649,Lakshmi Shinde,F,2007-07-31,19,+91 59368 15045,lakshmi.shinde45@example.com,Pune,Maharashtra,411770,mr,salaried,2025-08-30,FULL,LOW
C000650,Suresh Patil,M,1968-06-22,58,+91 51409 67532,suresh.patil82@example.com,Ahmedabad,Gujarat,380726,hinglish,business,2024-11-27,FULL,LOW
C000651,Anthony Saxena,M,1973-06-12,53,+91 50710 97713,asaxena7131@example.com,Hyderabad,Telangana,500686,en,salaried,2013-05-07,FULL,LOW
C000652,Jyoti Shah,F,1989-10-01,36,+91 57848 60380,jyoti_shah62@example.com,Mumbai,Maharashtra,400798,hinglish,homemaker,2017-08-17,FULL,LOW
C000653,Rohini Sharma,F,1974-06-30,52,+91 53499 18191,rsharma2609@example.com,Thane,Maharashtra,400151,mr,salaried,2013-05-13,FULL,LOW
C000654,Rupali Apte,F,1967-01-05,59,+91 57947 47492,rupaliapte869@example.com,Pune,Maharashtra,411979,hinglish,homemaker,2011-10-28,FULL,LOW
C000655,Sanjay Iyer,M,1999-07-16,27,+91 53162 15596,sanjay.iyer80@example.com,Bengaluru,Karnataka,560698,hinglish,salaried,2021-04-29,FULL,LOW
C000656,Anjali Desai,F,1991-12-01,34,+91 56293 71450,anjali.desai71@example.com,Delhi,Delhi,110924,en,business,2022-06-12,FULL,LOW
C000657,Ramesh Naidu,M,1997-03-28,29,+91 52666 72609,rameshnaidu475@example.com,Bengaluru,Karnataka,560436,hinglish,salaried,2023-07-09,FULL,LOW
C000658,Chinmay Gokhale,M,1988-01-31,38,+91 54183 67080,chinmay_gokh50@example.com,Mumbai,Maharashtra,400257,hinglish,self_employed,2020-11-21,FULL,LOW
C000659,Lata Wagh,F,2003-02-10,23,+91 57348 40131,lata.wagh45@example.com,Delhi,Delhi,110766,hi,student,2023-11-03,FULL,LOW
C000660,Karthik Mehta,M,1977-04-08,49,+91 50801 05088,karthikmehta800@example.com,Hyderabad,Telangana,500200,en,self_employed,2013-03-24,FULL,LOW
C000661,Ramesh Pandey,M,1978-12-10,47,+91 53320 24866,rameshpandey473@example.com,Pune,Maharashtra,411083,hi,salaried,2012-03-09,RE_KYC_DUE,LOW
C000662,Pooja Deshpande,F,1995-04-02,31,+91 50108 82393,pooja.deshp43@example.com,Nagpur,Maharashtra,440943,mr,salaried,2021-05-08,RE_KYC_DUE,LOW
C000663,Vikram Agarwal,M,1948-05-08,78,+91 53583 12668,vikram_agar42@example.com,Bengaluru,Karnataka,560483,en,senior_citizen,2018-09-21,FULL,LOW
C000664,Gurdeep Menon,M,1994-12-09,31,+91 55999 45056,gurdeepmenon254@example.com,Pune,Maharashtra,411426,hi,salaried,2014-11-27,FULL,LOW
C000665,Mahesh More,M,1961-12-09,64,+91 51928 15937,maheshmore907@example.com,Pune,Maharashtra,411222,mr,senior_citizen,2020-06-10,FULL,LOW
C000666,Pranav Wagh,M,1992-08-20,34,+91 57930 86724,pranav_wagh43@example.com,Pune,Maharashtra,411271,hinglish,salaried,2013-07-21,FULL,LOW
C000667,Rajesh More,M,1949-06-17,77,+91 52499 74406,rajesh.more58@example.com,Hyderabad,Telangana,500195,en,senior_citizen,2019-04-04,FULL,LOW
C000668,Harpreet Deshmukh,M,1979-11-15,46,+91 59558 25067,harpreetdeshmukh404@example.com,Hyderabad,Telangana,500025,en,salaried,2025-07-10,RE_KYC_DUE,MEDIUM
C000669,Akshay More,M,1994-03-19,32,+91 53507 76213,akshay.more35@example.com,Bengaluru,Karnataka,560828,en,salaried,2021-07-02,FULL,LOW
C000670,Srinivas Deshpande,M,1969-05-23,57,+91 53189 99380,sdeshpande250@example.com,Thane,Maharashtra,400083,mr,salaried,2019-04-14,FULL,LOW
C000671,Tejaswini Sheikh,F,1958-06-16,68,+91 52053 31097,tsheikh2408@example.com,Pune,Maharashtra,411015,mr,senior_citizen,2024-03-12,FULL,LOW
C000672,Zoya Patil,F,1990-01-20,36,+91 52078 52317,zpatil9354@example.com,Thane,Maharashtra,400174,en,salaried,2023-10-23,FULL,LOW
C000673,Sagar Shah,M,1956-10-01,69,+91 56824 72040,sagar_shah59@example.com,Thane,Maharashtra,400347,en,senior_citizen,2021-08-05,FULL,LOW
C000674,Chinmay Tiwari,M,1947-12-16,78,+91 59140 69967,chinmay.tiwari72@example.com,Pune,Maharashtra,411442,mr,senior_citizen,2023-08-21,FULL,LOW
C000675,Rekha Mane,F,1954-03-22,72,+91 57385 73150,rekha.mane55@example.com,Nashik,Maharashtra,422995,hi,senior_citizen,2016-12-22,FULL,LOW
C000676,Anjali Sawant,F,1949-04-27,77,+91 55916 89941,anjali.sawan55@example.com,Pune,Maharashtra,411344,en,senior_citizen,2014-03-28,RE_KYC_DUE,LOW
C000677,Tejaswini Sawant,F,1960-01-29,66,+91 53587 91750,tejaswinisawant38@example.com,Pune,Maharashtra,411574,mr,senior_citizen,2014-07-31,FULL,LOW
C000678,Sana Deshpande,F,1998-03-15,28,+91 50710 09116,sana_desh48@example.com,Pune,Maharashtra,411354,hinglish,salaried,2025-02-10,FULL,LOW
C000679,Archana Naik,F,1976-12-05,49,+91 55507 71546,anaik6292@example.com,Pune,Maharashtra,411760,hi,salaried,2019-05-26,FULL,LOW
C000680,Aditya Tiwari,M,1977-08-22,49,+91 53162 33761,aditya.tiwar39@example.com,Jaipur,Rajasthan,302948,hi,salaried,2013-10-04,RE_KYC_DUE,LOW
C000681,Akshay Chavan,M,1972-01-23,54,+91 59086 86103,akshay.chavan93@example.com,Nashik,Maharashtra,422064,mr,self_employed,2019-03-10,FULL,LOW
C000682,Kunal Kamat,M,2007-07-23,19,+91 55044 76616,kunal.kamat27@example.com,Mumbai,Maharashtra,400397,en,student,2026-01-25,FULL,MEDIUM
C000683,Yogesh Dixit,M,1996-12-24,29,+91 56920 91047,yogesh.dixit50@example.com,Nagpur,Maharashtra,440655,hi,salaried,2024-11-03,FULL,LOW
C000684,Manisha Mehta,F,1999-12-20,26,+91 54425 49020,manisha.mehta56@example.com,Pune,Maharashtra,411634,hi,homemaker,2022-07-12,FULL,LOW
C000685,Rohit Sheikh,M,1989-03-13,37,+91 53426 55210,rohit.sheikh71@example.com,Mumbai,Maharashtra,400282,en,business,2016-01-08,FULL,LOW
C000686,Manisha Patil,F,1973-01-20,53,+91 56748 88010,manisha.patil74@example.com,Delhi,Delhi,110241,en,self_employed,2011-11-26,FULL,MEDIUM
C000687,Ashok Pawar,M,2000-05-26,26,+91 53379 44214,ashok.pawar32@example.com,Ahmedabad,Gujarat,380506,hinglish,self_employed,2021-01-03,FULL,LOW
C000688,Anita Apte,F,2001-06-29,25,+91 53291 62480,anita.apte69@example.com,Mumbai,Maharashtra,400759,hinglish,salaried,2024-12-11,FULL,LOW
C000689,Amit Banerjee,M,1992-04-21,34,+91 53733 93754,amit.baner31@example.com,Lucknow,Uttar Pradesh,226034,hi,salaried,2017-12-02,FULL,LOW
C000690,Aniket Saxena,M,1974-09-29,51,+91 53498 90713,aniket.saxen66@example.com,Ahmedabad,Gujarat,380484,hinglish,salaried,2016-10-21,FULL,LOW
C000691,Anthony More,M,1996-12-03,29,+91 52729 04162,anthony.more28@example.com,Pune,Maharashtra,411348,mr,salaried,2020-03-24,FULL,MEDIUM
C000692,Sunil Nair,M,1973-10-13,52,+91 53613 37568,sunilnair594@example.com,Mumbai,Maharashtra,400327,hi,salaried,2015-10-26,RE_KYC_DUE,LOW
C000693,Yogesh Banerjee,M,1999-05-15,27,+91 58362 93283,yogesh.banerjee26@example.com,Ahmedabad,Gujarat,380014,hinglish,salaried,2024-10-02,FULL,LOW
C000694,Pooja Mehta,F,1970-04-22,56,+91 54857 36043,poojamehta857@example.com,Mumbai,Maharashtra,400152,hinglish,homemaker,2016-11-11,FULL,LOW
C000695,Deepa Dixit,F,1967-05-07,59,+91 55563 88872,deepa.dixit68@example.com,Mumbai,Maharashtra,400854,hinglish,self_employed,2025-11-08,MIN_KYC,MEDIUM
C000696,Rohit Singh,M,1979-04-05,47,+91 50457 18594,rohit.singh63@example.com,Delhi,Delhi,110322,hinglish,business,2021-03-13,FULL,LOW
C000697,Aarti Kamat,F,1955-07-03,71,+91 56105 75047,aarti_kama88@example.com,Thane,Maharashtra,400696,en,senior_citizen,2016-07-15,FULL,LOW
C000698,Harleen Nair,F,1989-10-09,36,+91 51766 49004,harleen.nair86@example.com,Hyderabad,Telangana,500903,en,self_employed,2019-08-31,FULL,MEDIUM
C000699,Venkat Choudhary,M,1997-03-18,29,+91 56625 80408,venkat.choudhary99@example.com,Bengaluru,Karnataka,560366,hinglish,business,2019-11-28,FULL,LOW
C000700,Chinmay Bhosale,M,1999-06-03,27,+91 52949 41767,chinmaybhosale38@example.com,Pune,Maharashtra,411541,hinglish,salaried,2024-09-20,FULL,MEDIUM
C000701,Geeta Deshpande,F,1988-02-06,38,+91 50020 76533,geeta.deshpande83@example.com,Mumbai,Maharashtra,400914,hinglish,salaried,2018-03-23,FULL,LOW
C000702,Vikram Deshpande,M,1945-06-30,81,+91 53471 60165,vikram_desh83@example.com,Nashik,Maharashtra,422301,mr,senior_citizen,2012-11-25,FULL,LOW
C000703,Anil Wagh,M,2008-01-17,18,+91 55823 08926,awagh815@example.com,Mumbai,Maharashtra,400565,hinglish,salaried,2026-03-16,FULL,LOW
C000704,Divya Pillai,F,1995-04-20,31,+91 50082 08852,divya_pill43@example.com,Mumbai,Maharashtra,400861,mr,salaried,2019-11-21,FULL,LOW
C000705,Manoj Yadav,M,1987-08-09,39,+91 57399 74973,manojyadav7@example.com,Pune,Maharashtra,411730,en,salaried,2014-06-27,FULL,LOW
C000706,Kunal Choudhary,M,1942-10-25,83,+91 59710 48192,kunalchoudhary756@example.com,Delhi,Delhi,110501,hinglish,senior_citizen,2017-05-15,FULL,LOW
C000707,Venkat Iyer,M,1969-01-28,57,+91 51781 73867,venkat.iyer76@example.com,Pune,Maharashtra,411997,hi,salaried,2014-06-10,FULL,LOW
C000708,Sunil Menon,M,1978-05-19,48,+91 59329 82709,sunilmenon344@example.com,Delhi,Delhi,110869,hi,salaried,2023-06-12,FULL,LOW
C000709,Bhavana Tiwari,F,1978-09-10,48,+91 54233 89857,bhavana.tiwar14@example.com,Ahmedabad,Gujarat,380524,hinglish,salaried,2023-05-01,FULL,MEDIUM
C000710,Harish Agarwal,M,2004-08-07,22,+91 53772 40087,harish.agarwal48@example.com,Thane,Maharashtra,400288,en,student,2022-12-17,FULL,LOW
C000711,Faisal Pandey,M,1984-09-13,42,+91 50891 75285,faisal.pande26@example.com,Pune,Maharashtra,411213,hi,self_employed,2018-01-18,FULL,MEDIUM
C000712,Farah Choudhary,F,1975-09-11,51,+91 59627 29592,farahchoudhary269@example.com,Bengaluru,Karnataka,560844,hinglish,salaried,2019-02-02,FULL,LOW
C000713,Manoj Thakur,M,1991-01-16,35,+91 53483 38438,manoj.thaku30@example.com,Pune,Maharashtra,411850,en,salaried,2014-09-17,FULL,LOW
C000714,Arun Verma,M,1972-12-03,53,+91 53482 99673,averma3517@example.com,Bengaluru,Karnataka,560619,hinglish,salaried,2019-07-09,FULL,LOW
C000715,Smita Chavan,F,1990-10-26,35,+91 53320 23499,smita_chav33@example.com,Pune,Maharashtra,411399,mr,salaried,2018-10-20,FULL,LOW
C000716,Yogesh Joshi,M,1992-11-28,33,+91 55373 22391,yogesh_josh48@example.com,Pune,Maharashtra,411897,en,salaried,2023-08-27,FULL,LOW
C000717,Rohini Gaikwad,F,1982-06-30,44,+91 57119 76726,rohini.gaikw84@example.com,Mumbai,Maharashtra,400684,mr,salaried,2012-12-19,FULL,LOW
C000718,Siddharth Naik,M,1955-02-17,71,+91 55347 58906,siddharth.naik74@example.com,Pune,Maharashtra,411251,en,senior_citizen,2018-10-11,FULL,LOW
C000719,Rahul Salunkhe,M,1968-07-14,58,+91 57927 87843,rahul.salun59@example.com,Pune,Maharashtra,411730,hi,business,2022-10-09,FULL,MEDIUM
C000720,Sana Kamat,F,1990-12-03,35,+91 52470 13970,skamat307@example.com,Jaipur,Rajasthan,302185,hinglish,homemaker,2021-03-20,FULL,LOW
C000721,Girish Rao,M,1956-08-21,70,+91 51400 73390,girish.rao84@example.com,Mumbai,Maharashtra,400403,hi,senior_citizen,2021-09-15,FULL,LOW
C000722,Swati Gaikwad,F,1963-08-23,63,+91 54797 10743,swati.gaikw80@example.com,Lucknow,Uttar Pradesh,226145,hi,senior_citizen,2012-07-03,FULL,LOW
C000723,Kunal Reddy,M,2000-08-12,26,+91 59787 45506,kunal.reddy81@example.com,Pune,Maharashtra,411237,en,salaried,2021-01-08,FULL,LOW
C000724,Pooja Nair,F,1993-10-16,32,+91 50137 55911,pooja.nair81@example.com,Pune,Maharashtra,411167,hinglish,salaried,2022-01-29,FULL,LOW
C000725,Dinesh Reddy,M,1980-02-09,46,+91 53016 54146,dinesh.reddy36@example.com,Pune,Maharashtra,411777,hi,salaried,2025-04-07,FULL,LOW
C000726,Sana Salunkhe,F,1967-04-28,59,+91 57004 06566,sana_salu98@example.com,Hyderabad,Telangana,500675,en,salaried,2024-06-07,FULL,LOW
C000727,Girish Kadam,M,1986-10-17,39,+91 55690 89133,gkadam6382@example.com,Bengaluru,Karnataka,560093,en,salaried,2022-04-03,FULL,LOW
C000728,Hemant Verma,M,1949-09-12,77,+91 57718 48320,hemant_verm44@example.com,Nagpur,Maharashtra,440654,hi,senior_citizen,2020-07-21,FULL,HIGH
C000729,Vaishali Thakur,F,1980-10-15,45,+91 55831 23454,vthakur3947@example.com,Lucknow,Uttar Pradesh,226391,hi,business,2021-03-03,FULL,MEDIUM
C000730,Kunal Bhosale,M,1960-04-02,66,+91 55993 79782,kunalbhosale487@example.com,Jaipur,Rajasthan,302902,hi,senior_citizen,2021-01-01,FULL,LOW
C000731,Hemant Thakur,M,1976-11-06,49,+91 59556 32227,hemant_thak66@example.com,Pune,Maharashtra,411809,en,self_employed,2013-09-03,RE_KYC_DUE,LOW
C000732,Usha Kadam,F,1978-03-22,48,+91 51941 07586,usha.kadam43@example.com,Delhi,Delhi,110761,hi,salaried,2015-01-15,RE_KYC_DUE,LOW
C000733,Mrunal Mishra,F,1989-05-23,37,+91 56178 88368,mrunal.mishr87@example.com,Delhi,Delhi,110719,en,self_employed,2018-03-06,FULL,LOW
C000734,Zoya Gokhale,F,1949-12-20,76,+91 51493 58790,zoya.gokha20@example.com,Thane,Maharashtra,400515,hinglish,senior_citizen,2022-09-22,FULL,LOW
C000735,Anita Patil,F,1994-11-10,31,+91 52879 72811,anita.patil48@example.com,Ahmedabad,Gujarat,380775,hinglish,self_employed,2023-02-09,FULL,MEDIUM
C000736,Anjali Mishra,F,2005-03-03,21,+91 54087 36323,anjalimishra891@example.com,Pune,Maharashtra,411197,hi,salaried,2025-09-23,FULL,LOW
C000737,Rohini Kulkarni,F,2000-05-31,26,+91 50470 12018,rohini_kulk32@example.com,Ahmedabad,Gujarat,380105,en,salaried,2025-05-09,FULL,LOW
C000738,Revati Naidu,F,1992-09-18,34,+91 55281 46451,rnaidu4250@example.com,Pune,Maharashtra,411495,mr,self_employed,2015-10-07,FULL,LOW
C000739,Mrunal Banerjee,F,1995-12-10,30,+91 52786 59879,mrunal_bane14@example.com,Jaipur,Rajasthan,302416,hi,salaried,2014-05-31,RE_KYC_DUE,LOW
C000740,Jyoti Singh,F,2004-07-02,22,+91 51010 67906,jyoti.singh83@example.com,Nagpur,Maharashtra,440796,mr,student,2023-01-15,FULL,LOW
C000741,Sarita Pandey,F,1984-05-15,42,+91 57675 29354,saritapandey899@example.com,Ahmedabad,Gujarat,380243,hinglish,salaried,2024-04-15,FULL,LOW
C000742,Deepak Mane,M,1994-04-13,32,+91 59003 51190,deepakmane90@example.com,Delhi,Delhi,110963,hinglish,salaried,2012-12-09,FULL,LOW
C000743,Deepa Mehta,F,1952-12-08,73,+91 50777 80756,dmehta7399@example.com,Pune,Maharashtra,411012,mr,senior_citizen,2025-11-21,FULL,LOW
C000744,Seema Saxena,F,1997-10-04,28,+91 57314 80421,seema.saxen22@example.com,Nashik,Maharashtra,422765,hi,salaried,2016-04-09,FULL,LOW
C000745,Keerthi Chavan,F,1991-08-18,35,+91 57308 80155,kchavan8005@example.com,Lucknow,Uttar Pradesh,226985,hinglish,salaried,2023-03-28,FULL,MEDIUM
C000746,Faisal Deshpande,M,1958-01-18,68,+91 52874 83990,faisal_desh85@example.com,Pune,Maharashtra,411324,mr,senior_citizen,2024-08-06,FULL,LOW
C000747,Tejaswini Chavan,F,1993-06-10,33,+91 52358 53608,tejaswini_chav15@example.com,Delhi,Delhi,110024,hinglish,homemaker,2012-10-06,FULL,LOW
C000748,Ajay Nair,M,1999-11-29,26,+91 51184 82072,ajay.nair19@example.com,Jaipur,Rajasthan,302720,hi,salaried,2020-04-06,FULL,LOW
C000749,Shalini Kulkarni,F,1979-05-18,47,+91 56716 53955,skulkarni8932@example.com,Lucknow,Uttar Pradesh,226909,hi,salaried,2022-02-14,FULL,LOW
C000750,Radha Kamat,F,2006-07-12,20,+91 57336 40877,radha.kamat10@example.com,Pune,Maharashtra,411729,mr,student,2025-06-26,FULL,LOW
C000751,Deepa Banerjee,F,1988-06-27,38,+91 56961 30489,deepabanerjee31@example.com,Bengaluru,Karnataka,560549,hinglish,salaried,2023-06-22,FULL,LOW
C000752,Ishita Singh,F,1988-02-13,38,+91 50543 66348,ishita.singh87@example.com,Pune,Maharashtra,411290,hi,self_employed,2011-12-16,FULL,MEDIUM
C000753,Bhavana Yadav,F,1981-05-06,45,+91 50395 81796,bhavana_yada59@example.com,Nagpur,Maharashtra,440267,mr,salaried,2015-06-06,FULL,MEDIUM
C000754,Faisal Pillai,M,1999-04-02,27,+91 50233 46187,faisal_pill60@example.com,Pune,Maharashtra,411358,hi,salaried,2025-12-02,MIN_KYC,MEDIUM
C000755,Shweta Naik,F,1998-10-30,27,+91 53997 07692,shwetanaik307@example.com,Mumbai,Maharashtra,400265,en,homemaker,2019-07-23,FULL,MEDIUM
C000756,Vijay Iyer,M,1986-07-05,40,+91 56202 99807,viyer6795@example.com,Jaipur,Rajasthan,302055,hinglish,salaried,2013-03-01,FULL,LOW
C000757,Gurpreet Bhatt,F,1998-05-16,28,+91 57693 94043,gurpreet.bhatt90@example.com,Indore,Madhya Pradesh,452598,hi,self_employed,2024-02-13,FULL,LOW
C000758,Madhuri Saxena,F,2000-06-03,26,+91 57769 04411,madhuri_saxe22@example.com,Delhi,Delhi,110810,en,business,2022-03-29,FULL,LOW
C000759,Girish Gaikwad,M,1945-01-10,81,+91 56925 33367,girish.gaikwad67@example.com,Delhi,Delhi,110188,en,senior_citizen,2019-10-26,FULL,LOW
C000760,Vikram Kadam,M,1992-05-07,34,+91 57113 48658,vikram_kada84@example.com,Jaipur,Rajasthan,302659,hinglish,salaried,2022-09-29,FULL,LOW
C000761,Sachin Shinde,M,1970-03-01,56,+91 54837 79640,sachin.shind23@example.com,Ahmedabad,Gujarat,380257,en,salaried,2013-09-12,FULL,MEDIUM
C000762,Komal Pandey,F,1960-02-08,66,+91 58269 77054,komalpandey379@example.com,Pune,Maharashtra,411632,hinglish,senior_citizen,2021-05-04,FULL,LOW
C000763,Anita Bhosale,F,1998-03-29,28,+91 55971 67426,anita.bhosale47@example.com,Indore,Madhya Pradesh,452630,hinglish,salaried,2019-03-10,FULL,LOW
C000764,Keerthi Pawar,F,1987-06-04,39,+91 56557 29978,keerthipawar89@example.com,Pune,Maharashtra,411242,en,salaried,2016-09-09,RE_KYC_DUE,LOW
C000765,Lakshmi Shinde,F,1945-03-27,81,+91 57097 42866,lakshmi.shinde52@example.com,Mumbai,Maharashtra,400668,hinglish,senior_citizen,2025-07-13,FULL,LOW
C000766,Seema Pillai,F,1992-05-28,34,+91 51118 29107,spillai6748@example.com,Indore,Madhya Pradesh,452670,hinglish,salaried,2020-09-08,FULL,LOW
C000767,Tushar Khan,M,1954-04-25,72,+91 50029 34642,tushar.khan63@example.com,Pune,Maharashtra,411490,hinglish,senior_citizen,2014-06-21,FULL,LOW
C000768,Neha Agarwal,F,2003-03-20,23,+91 58180 49802,neha.agarwal11@example.com,Pune,Maharashtra,411866,en,student,2025-09-19,FULL,LOW
C000769,Imran Rao,M,1998-07-26,28,+91 53080 54408,imranrao77@example.com,Thane,Maharashtra,400375,hinglish,salaried,2019-07-12,FULL,LOW
C000770,Harleen Nair,F,1991-12-11,34,+91 51233 56035,harleen.nair24@example.com,Hyderabad,Telangana,500957,en,homemaker,2021-02-15,FULL,LOW
C000771,Deepak Apte,M,1988-07-12,38,+91 52867 56673,deepak_apte66@example.com,Pune,Maharashtra,411559,en,self_employed,2013-07-30,FULL,LOW
C000772,Vijay Pandey,M,1959-07-12,67,+91 58625 35593,vijay.pande90@example.com,Bengaluru,Karnataka,560397,hinglish,senior_citizen,2023-06-10,FULL,LOW
C000773,Anjali Bhatt,F,1996-01-09,30,+91 54230 88534,anjali_bhat63@example.com,Pune,Maharashtra,411256,hi,homemaker,2022-05-28,FULL,LOW
C000774,Rahul Gaikwad,M,2001-02-14,25,+91 50566 16452,rahul.gaikw41@example.com,Pune,Maharashtra,411398,mr,self_employed,2025-07-29,FULL,LOW
C000775,Seema Kamat,F,1969-09-14,57,+91 56863 93140,seema_kama54@example.com,Hyderabad,Telangana,500913,en,salaried,2020-05-27,FULL,LOW
C000776,Nandini Naidu,F,1965-04-25,61,+91 55165 98696,nandini_naid83@example.com,Mumbai,Maharashtra,400248,mr,senior_citizen,2024-11-05,FULL,LOW
C000777,Harpreet Apte,M,1956-01-30,70,+91 54030 57015,hapte447@example.com,Mumbai,Maharashtra,400584,hinglish,senior_citizen,2019-10-26,FULL,MEDIUM
C000778,Harpreet Nair,M,1994-07-03,32,+91 56342 41988,harpreet.nair93@example.com,Pune,Maharashtra,411558,mr,self_employed,2018-06-28,FULL,LOW
C000779,Swati Salunkhe,F,1969-07-08,57,+91 53590 91813,ssalunkhe8713@example.com,Delhi,Delhi,110676,hinglish,salaried,2019-03-25,FULL,LOW
C000780,Anil Thakur,M,1998-10-08,27,+91 54562 84907,athakur1761@example.com,Pune,Maharashtra,411807,hi,homemaker,2024-04-27,FULL,HIGH
C000781,Akshay Shinde,M,1958-07-10,68,+91 55327 98845,akshay_shin15@example.com,Lucknow,Uttar Pradesh,226797,hi,senior_citizen,2020-02-22,FULL,MEDIUM
C000782,Kunal Kulkarni,M,1987-05-25,39,+91 51351 97352,kunal.kulka47@example.com,Ahmedabad,Gujarat,380636,en,salaried,2014-03-20,FULL,LOW
C000783,Nandini Thakur,F,1944-12-06,81,+91 58149 55540,nandini_thak86@example.com,Mumbai,Maharashtra,400114,mr,senior_citizen,2022-06-11,FULL,LOW
C000784,Rohit Naik,M,1998-03-12,28,+91 55665 19614,rohitnaik758@example.com,Mumbai,Maharashtra,400374,en,salaried,2017-07-23,FULL,LOW
C000785,Harleen Pawar,F,1994-05-27,32,+91 52997 38092,harleen.pawar87@example.com,Pune,Maharashtra,411498,en,salaried,2018-07-05,RE_KYC_DUE,LOW
C000786,Amit Apte,M,1982-02-21,44,+91 51125 68785,amitapte234@example.com,Pune,Maharashtra,411243,mr,salaried,2019-02-28,FULL,LOW
C000787,Mahesh Khan,M,1947-01-26,79,+91 53440 82434,mahesh_khan16@example.com,Indore,Madhya Pradesh,452750,hinglish,senior_citizen,2021-10-21,FULL,MEDIUM
C000788,Deepak Rao,M,1987-11-06,38,+91 51290 97570,deepak.rao30@example.com,Mumbai,Maharashtra,400185,en,salaried,2022-05-12,FULL,LOW
C000789,Zoya Sawant,F,1979-01-02,47,+91 57123 36229,zoya.sawan67@example.com,Delhi,Delhi,110371,hi,business,2015-10-21,RE_KYC_DUE,LOW
C000790,Sanjay More,M,1996-07-30,30,+91 55194 61642,sanjay.more27@example.com,Pune,Maharashtra,411977,hi,salaried,2021-05-08,RE_KYC_DUE,LOW
C000791,Anthony Sharma,M,1996-09-18,30,+91 55273 21697,anthonysharma418@example.com,Nagpur,Maharashtra,440471,en,salaried,2020-04-11,FULL,LOW
C000792,Priya Dixit,F,1971-10-17,54,+91 56610 57903,pdixit6003@example.com,Ahmedabad,Gujarat,380057,en,self_employed,2026-02-13,FULL,LOW
C000793,Anil Apte,M,1970-09-25,56,+91 57891 01357,anil_apte18@example.com,Nagpur,Maharashtra,440801,en,business,2016-02-27,FULL,LOW
C000794,Abhijit Singh,M,1968-02-03,58,+91 59852 49907,abhijit.singh56@example.com,Indore,Madhya Pradesh,452425,hi,salaried,2012-02-24,FULL,LOW
C000795,Divya Jadhav,F,2001-04-09,25,+91 50352 63479,djadhav7294@example.com,Delhi,Delhi,110392,en,homemaker,2019-11-11,FULL,LOW
C000796,Deepa Khan,F,2008-05-06,18,+91 51440 57265,deepa.khan59@example.com,Mumbai,Maharashtra,400341,mr,student,2026-05-29,FULL,LOW
C000797,Rajesh Gupta,M,1993-07-04,33,+91 50103 53753,rajesh.gupta56@example.com,Pune,Maharashtra,411058,hinglish,salaried,2016-02-29,RE_KYC_DUE,LOW
C000798,Rupali Iyer,F,2003-08-13,23,+91 53701 60435,rupaliiyer130@example.com,Jaipur,Rajasthan,302917,hi,salaried,2023-07-28,FULL,LOW
C000799,Abhijit Shah,M,1991-12-22,34,+91 51353 93034,abhijit_shah25@example.com,Nashik,Maharashtra,422838,mr,self_employed,2016-10-09,FULL,LOW
C000800,Sana Patil,F,1985-12-30,40,+91 53050 23609,spatil9053@example.com,Pune,Maharashtra,411887,hi,salaried,2016-05-04,FULL,MEDIUM
C000801,Lata Deshpande,F,1981-09-06,45,+91 51560 87973,latadeshpande961@example.com,Pune,Maharashtra,411409,hinglish,self_employed,2023-04-30,FULL,LOW
C000802,Gurpreet Joshi,F,1956-09-17,70,+91 57152 14410,gurpreet.joshi50@example.com,Mumbai,Maharashtra,400711,mr,senior_citizen,2018-09-06,FULL,LOW
C000803,Shalini Desai,F,1974-10-05,51,+91 55049 36737,shalini.desai52@example.com,Jaipur,Rajasthan,302826,hinglish,salaried,2016-06-29,FULL,HIGH
C000804,Nisha Joshi,F,1980-03-19,46,+91 57067 43821,nisha_josh38@example.com,Mumbai,Maharashtra,400058,hinglish,salaried,2025-10-11,FULL,LOW
C000805,Ishita Yadav,F,1958-06-24,68,+91 50000 40296,iyadav9127@example.com,Nagpur,Maharashtra,440711,en,senior_citizen,2023-12-18,FULL,LOW
C000806,Kavita Kadam,F,1981-06-03,45,+91 52458 52739,kkadam170@example.com,Nagpur,Maharashtra,440356,hi,self_employed,2015-11-11,FULL,LOW
C000807,Vijay Apte,M,1949-01-13,77,+91 52531 80814,vijay.apte23@example.com,Mumbai,Maharashtra,400824,hinglish,senior_citizen,2025-06-11,RE_KYC_DUE,LOW
C000808,Suresh Gokhale,M,1992-10-21,33,+91 59616 29826,suresh_gokh35@example.com,Bengaluru,Karnataka,560737,en,business,2021-01-12,FULL,MEDIUM
C000809,Revati Gokhale,F,1969-12-25,56,+91 58927 42367,revati_gokh33@example.com,Lucknow,Uttar Pradesh,226091,hinglish,salaried,2017-08-17,FULL,LOW
C000810,Sunita Reddy,F,2007-11-21,18,+91 56886 93351,sunita.reddy21@example.com,Pune,Maharashtra,411239,en,salaried,2026-03-05,MIN_KYC,LOW
C000811,Vijay Mehta,M,1956-06-18,70,+91 59790 21878,vijay_meht69@example.com,Nagpur,Maharashtra,440490,en,senior_citizen,2016-07-11,FULL,LOW
C000812,Joseph Pawar,M,1973-02-06,53,+91 53451 07939,joseph.pawar85@example.com,Pune,Maharashtra,411582,hi,self_employed,2015-07-06,FULL,LOW
C000813,Dinesh Mehta,M,1996-11-10,29,+91 56790 95555,dinesh.mehta70@example.com,Bengaluru,Karnataka,560693,en,self_employed,2015-10-29,FULL,LOW
C000814,Pooja Kale,F,1973-07-19,53,+91 52334 07802,pooja.kale76@example.com,Indore,Madhya Pradesh,452449,hi,salaried,2014-04-08,RE_KYC_DUE,LOW
C000815,Tejaswini Thakur,F,2007-03-27,19,+91 56780 52899,tejaswini_thak42@example.com,Pune,Maharashtra,411354,hinglish,salaried,2025-09-21,FULL,MEDIUM
C000816,Karthik Pandey,M,1974-04-24,52,+91 53926 57418,karthikpandey486@example.com,Pune,Maharashtra,411752,hinglish,salaried,2018-08-08,FULL,LOW
C000817,Anita Bhosale,F,1994-06-05,32,+91 56643 33804,abhosale9097@example.com,Ahmedabad,Gujarat,380067,en,self_employed,2020-02-29,FULL,LOW
C000818,Anthony Naidu,M,1979-08-06,47,+91 52764 02020,anthony.naidu80@example.com,Pune,Maharashtra,411366,mr,salaried,2014-02-11,FULL,MEDIUM
C000819,Manoj Rao,M,1957-08-11,69,+91 57162 35940,manoj.rao83@example.com,Indore,Madhya Pradesh,452279,hinglish,senior_citizen,2022-05-10,FULL,LOW
C000820,Suresh Pillai,M,1976-04-17,50,+91 53240 23179,spillai2066@example.com,Mumbai,Maharashtra,400956,mr,salaried,2015-12-16,FULL,LOW
C000821,Kunal Mishra,M,1953-02-18,73,+91 55018 98123,kunal_mish23@example.com,Nashik,Maharashtra,422586,mr,senior_citizen,2017-02-01,FULL,LOW
C000822,Siddharth Deshmukh,M,1950-10-18,75,+91 55405 41180,siddharth.deshmukh50@example.com,Ahmedabad,Gujarat,380503,hinglish,senior_citizen,2022-07-31,FULL,LOW
C000823,Anthony Jadhav,M,1951-05-16,75,+91 56257 10744,anthonyjadhav715@example.com,Bengaluru,Karnataka,560079,hinglish,senior_citizen,2024-12-12,FULL,LOW
C000824,Revati Khan,F,1966-04-16,60,+91 59464 95030,rkhan2451@example.com,Mumbai,Maharashtra,400711,hinglish,senior_citizen,2025-09-26,FULL,LOW
C000825,Yogesh Kadam,M,1988-03-10,38,+91 59869 21794,yogeshkadam322@example.com,Bengaluru,Karnataka,560467,en,homemaker,2024-01-07,FULL,LOW
C000826,Rahul Sharma,M,1975-12-22,50,+91 57896 30654,rsharma3726@example.com,Pune,Maharashtra,411739,hinglish,business,2017-01-25,RE_KYC_DUE,LOW
C000827,Keerthi Pawar,F,1969-02-16,57,+91 53821 39529,keerthipawar301@example.com,Ahmedabad,Gujarat,380668,en,self_employed,2016-02-06,FULL,MEDIUM
C000828,Archana Reddy,F,1985-10-05,40,+91 56800 62590,archana_redd46@example.com,Nagpur,Maharashtra,440590,en,salaried,2016-10-05,FULL,LOW
C000829,Hemant Singh,M,1992-08-22,34,+91 57030 22199,hemant.singh84@example.com,Lucknow,Uttar Pradesh,226323,hinglish,self_employed,2021-09-25,FULL,HIGH
C000830,Kunal Saxena,M,1969-10-28,56,+91 57691 70347,kunalsaxena989@example.com,Jaipur,Rajasthan,302637,hi,salaried,2013-12-27,RE_KYC_DUE,MEDIUM
C000831,Pooja Singh,F,1973-01-01,53,+91 53056 02027,pooja_sing62@example.com,Bengaluru,Karnataka,560381,hinglish,salaried,2018-03-19,FULL,LOW
C000832,Nandini Kale,F,1976-09-23,50,+91 55171 84936,nandini.kale69@example.com,Nagpur,Maharashtra,440029,hi,homemaker,2013-05-21,FULL,LOW
C000833,Anita Saxena,F,1981-06-21,45,+91 55209 79856,anitasaxena35@example.com,Pune,Maharashtra,411145,mr,salaried,2019-03-23,FULL,LOW
C000834,Harish Khan,M,1972-03-10,54,+91 53573 42666,harish_khan66@example.com,Nashik,Maharashtra,422652,mr,salaried,2016-02-26,FULL,LOW
C000835,Faisal Mehta,M,1969-05-03,57,+91 50455 39302,faisal_meht33@example.com,Pune,Maharashtra,411356,hinglish,salaried,2025-01-20,FULL,LOW
C000836,Keerthi Salunkhe,F,1977-04-21,49,+91 54818 71225,ksalunkhe789@example.com,Delhi,Delhi,110857,hi,business,2012-08-14,FULL,HIGH
C000837,Mahesh Yadav,M,1967-03-07,59,+91 55203 40419,mahesh.yadav86@example.com,Bengaluru,Karnataka,560462,hinglish,salaried,2012-11-09,FULL,LOW
C000838,Aarti Saxena,F,2003-07-22,23,+91 50892 00834,aarti.saxen64@example.com,Pune,Maharashtra,411590,hi,salaried,2021-05-17,FULL,LOW
C000839,Lakshmi Kulkarni,F,1983-08-30,43,+91 57418 71628,lkulkarni5649@example.com,Mumbai,Maharashtra,400635,hi,homemaker,2015-10-09,FULL,LOW
C000840,Manoj Sheikh,M,1998-10-19,27,+91 58660 34016,msheikh7337@example.com,Delhi,Delhi,110708,hinglish,self_employed,2021-05-01,FULL,HIGH
C000841,Bhavana Jadhav,F,1957-03-27,69,+91 57082 84347,bhavana.jadha64@example.com,Delhi,Delhi,110704,hi,senior_citizen,2018-03-25,RE_KYC_DUE,LOW
C000842,Rupali Singh,F,1979-10-15,46,+91 55072 29714,rupali.singh83@example.com,Mumbai,Maharashtra,400053,mr,business,2013-03-07,RE_KYC_DUE,MEDIUM
C000843,Sana Wagh,F,1997-03-14,29,+91 56828 42315,sanawagh110@example.com,Indore,Madhya Pradesh,452913,hi,self_employed,2020-06-29,FULL,LOW
C000844,Bhavana Desai,F,2000-03-25,26,+91 56646 07596,bhavana_desa19@example.com,Mumbai,Maharashtra,400003,mr,salaried,2024-11-30,FULL,LOW
C000845,Vaishali Kamat,F,1945-08-22,81,+91 51822 27214,vaishali_kama59@example.com,Pune,Maharashtra,411221,hi,senior_citizen,2023-09-17,FULL,LOW
C000846,Priya Salunkhe,F,1955-05-30,71,+91 54065 81595,priya.salun34@example.com,Ahmedabad,Gujarat,380229,hinglish,senior_citizen,2018-03-11,FULL,LOW
C000847,Seema Desai,F,1980-06-20,46,+91 56864 11399,seema.desai19@example.com,Delhi,Delhi,110176,hi,business,2020-11-13,FULL,MEDIUM
C000848,Sagar Thakur,M,1945-05-15,81,+91 58466 79664,sagar_thak71@example.com,Mumbai,Maharashtra,400653,hinglish,senior_citizen,2015-10-20,FULL,LOW
C000849,Keerthi Thakur,F,1994-12-01,31,+91 53667 58692,keerthi.thakur24@example.com,Pune,Maharashtra,411373,hi,business,2023-04-12,FULL,LOW
C000850,Sayali Mehta,F,1969-11-30,56,+91 57141 24260,sayali.mehta68@example.com,Nagpur,Maharashtra,440848,hi,self_employed,2012-09-29,FULL,LOW
C000851,Bhavana Salunkhe,F,1986-02-19,40,+91 53697 49284,bhavana.salun94@example.com,Mumbai,Maharashtra,400254,hi,salaried,2018-05-04,FULL,LOW
C000852,Zoya Das,F,1993-06-27,33,+91 56359 36748,zoya.das48@example.com,Nashik,Maharashtra,422454,hi,salaried,2020-01-02,FULL,MEDIUM
C000853,Rupali Gupta,F,1979-04-23,47,+91 59965 11961,rupali.gupta82@example.com,Delhi,Delhi,110596,en,self_employed,2023-03-04,FULL,MEDIUM
C000854,Chinmay Bhosale,M,1967-03-22,59,+91 50880 22344,chinmay.bhosa32@example.com,Pune,Maharashtra,411064,en,salaried,2019-06-23,FULL,LOW
C000855,Asha Deshmukh,F,1985-06-26,41,+91 52319 78169,ashadeshmukh588@example.com,Thane,Maharashtra,400067,en,salaried,2018-03-01,FULL,LOW
C000856,Revati Iyer,F,1988-09-19,38,+91 53816 59953,riyer1307@example.com,Bengaluru,Karnataka,560849,en,homemaker,2018-04-03,RE_KYC_DUE,LOW
C000857,Pallavi Banerjee,F,1996-10-12,29,+91 52392 84931,pbanerjee2316@example.com,Nashik,Maharashtra,422587,hi,salaried,2025-02-18,FULL,MEDIUM
C000858,Prakash Sharma,M,1943-11-22,82,+91 56919 76222,prakashsharma685@example.com,Pune,Maharashtra,411069,hi,senior_citizen,2017-11-02,FULL,LOW
C000859,Omkar Deshpande,M,1953-08-06,73,+91 58314 14081,omkar.deshpande56@example.com,Pune,Maharashtra,411144,hinglish,senior_citizen,2013-01-24,FULL,LOW
C000860,Sagar Reddy,M,1976-12-19,49,+91 59363 01539,sagar.reddy62@example.com,Pune,Maharashtra,411140,en,salaried,2014-07-27,FULL,MEDIUM
C000861,Priya Kulkarni,F,1945-10-15,80,+91 51001 81034,pkulkarni8933@example.com,Pune,Maharashtra,411403,mr,senior_citizen,2025-12-22,MIN_KYC,MEDIUM
C000862,Harpreet Bhatt,M,1992-10-27,33,+91 59383 93410,harpreet.bhatt21@example.com,Mumbai,Maharashtra,400952,mr,salaried,2021-01-01,FULL,LOW
C000863,Abhijit Pillai,M,2001-01-25,25,+91 57049 90230,abhijit_pill68@example.com,Pune,Maharashtra,411665,en,self_employed,2024-10-25,FULL,LOW
C000864,Hemant Yadav,M,2003-09-30,22,+91 54219 59026,hemant.yadav48@example.com,Mumbai,Maharashtra,400957,hinglish,salaried,2021-12-09,FULL,LOW
C000865,Archana Dixit,F,1987-02-01,39,+91 57191 09742,archana.dixit42@example.com,Thane,Maharashtra,400042,mr,homemaker,2015-12-28,RE_KYC_DUE,LOW
C000866,Ganesh Apte,M,1986-06-09,40,+91 50227 96473,ganesh.apte61@example.com,Mumbai,Maharashtra,400164,mr,salaried,2023-01-25,FULL,MEDIUM
C000867,Archana Kadam,F,1986-03-10,40,+91 55668 69014,archana.kadam68@example.com,Nashik,Maharashtra,422031,mr,homemaker,2019-11-29,FULL,MEDIUM
C000868,Faisal Joshi,M,1961-12-26,64,+91 59364 61012,faisal.joshi26@example.com,Pune,Maharashtra,411758,en,senior_citizen,2019-10-26,FULL,LOW
C000869,Manoj Deshmukh,M,1945-06-05,81,+91 51292 57924,manoj_desh13@example.com,Delhi,Delhi,110106,en,senior_citizen,2014-11-27,FULL,MEDIUM
C000870,Omkar Naidu,M,1998-09-25,28,+91 55298 68189,omkar.naidu65@example.com,Nashik,Maharashtra,422791,hi,salaried,2022-05-29,FULL,LOW
C000871,Siddharth Sharma,M,1972-12-08,53,+91 55553 21271,siddharthsharma128@example.com,Delhi,Delhi,110699,hinglish,salaried,2019-09-21,FULL,MEDIUM
C000872,Girish Reddy,M,1984-10-25,41,+91 55240 05099,girish.reddy67@example.com,Nashik,Maharashtra,422363,hi,salaried,2021-07-14,FULL,LOW
C000873,Sayali Desai,F,1950-02-06,76,+91 59909 40365,sayali.desai59@example.com,Bengaluru,Karnataka,560565,hinglish,senior_citizen,2024-04-18,RE_KYC_DUE,LOW
C000874,Aniket Shah,M,1946-07-13,80,+91 50017 98945,aniket.shah45@example.com,Hyderabad,Telangana,500516,en,senior_citizen,2013-11-04,FULL,LOW
C000875,Nitin Apte,M,1990-11-18,35,+91 59698 18510,nitin.apte81@example.com,Hyderabad,Telangana,500321,hinglish,salaried,2020-05-29,FULL,LOW
C000876,Ashok Gokhale,M,1943-03-05,83,+91 52012 50907,ashok_gokh54@example.com,Mumbai,Maharashtra,400106,hi,senior_citizen,2026-01-19,FULL,LOW
C000877,Tejaswini Naik,F,1986-05-07,40,+91 57032 38397,tejaswini.naik20@example.com,Thane,Maharashtra,400282,mr,business,2013-02-15,FULL,LOW
C000878,Akshay Agarwal,M,1968-02-21,58,+91 50496 22602,akshay.agarw68@example.com,Mumbai,Maharashtra,400435,en,self_employed,2016-10-08,FULL,LOW
C000879,Priya Mehta,F,1957-03-24,69,+91 52036 47544,priya.mehta92@example.com,Nagpur,Maharashtra,440175,en,senior_citizen,2023-08-12,FULL,LOW
C000880,Neha Mane,F,1981-03-15,45,+91 56019 73875,neha.mane70@example.com,Hyderabad,Telangana,500065,hinglish,self_employed,2019-11-26,FULL,LOW
C000881,Pooja Sheikh,F,1990-08-19,36,+91 53333 82292,pooja_shei88@example.com,Indore,Madhya Pradesh,452751,hi,salaried,2022-10-31,FULL,LOW
C000882,Mangesh Deshpande,M,1969-04-22,57,+91 55038 70728,mangeshdeshpande578@example.com,Nashik,Maharashtra,422947,mr,salaried,2018-05-25,FULL,LOW
C000883,Pranav Khan,M,1970-03-01,56,+91 58516 21539,pranav.khan39@example.com,Thane,Maharashtra,400853,mr,self_employed,2022-04-02,FULL,LOW
C000884,Kunal Kulkarni,M,1946-04-19,80,+91 50098 42151,kunal_kulk12@example.com,Delhi,Delhi,110581,en,senior_citizen,2018-07-24,RE_KYC_DUE,LOW
C000885,Sanjay Choudhary,M,1967-04-27,59,+91 54114 15721,sanjay.choudhary95@example.com,Thane,Maharashtra,400328,mr,self_employed,2012-02-10,FULL,LOW
C000886,Swapnil Jadhav,M,1971-09-26,55,+91 53873 17321,swapnil.jadha90@example.com,Pune,Maharashtra,411204,mr,business,2013-09-26,RE_KYC_DUE,LOW
C000887,Mangesh Mishra,M,2008-06-08,18,+91 57736 57932,mmishra8051@example.com,Pune,Maharashtra,411408,mr,salaried,2026-05-01,FULL,LOW
C000888,Ajay Kadam,M,1961-03-12,65,+91 59168 75286,ajay_kada80@example.com,Delhi,Delhi,110373,hi,senior_citizen,2018-01-12,FULL,LOW
C000889,Vijay Choudhary,M,1971-06-21,55,+91 55628 77114,vijay.choud61@example.com,Nagpur,Maharashtra,440398,mr,salaried,2018-04-02,RE_KYC_DUE,LOW
C000890,Ananya Pawar,F,1990-11-05,35,+91 56094 17320,ananya.pawar22@example.com,Thane,Maharashtra,400155,mr,homemaker,2022-12-19,FULL,LOW
C000891,Usha Sawant,F,1995-10-03,30,+91 57383 15895,ushasawant848@example.com,Mumbai,Maharashtra,400080,mr,salaried,2020-12-21,FULL,LOW
C000892,Nitin Mehta,M,1968-08-11,58,+91 59717 27458,nmehta3575@example.com,Pune,Maharashtra,411410,mr,salaried,2023-11-04,FULL,MEDIUM
C000893,Deepak Pawar,M,1968-02-05,58,+91 57804 71565,dpawar9134@example.com,Pune,Maharashtra,411294,en,salaried,2019-06-15,FULL,LOW
C000894,Mahesh Bhatt,M,1974-01-09,52,+91 54059 64352,mahesh.bhatt87@example.com,Bengaluru,Karnataka,560095,en,business,2024-07-30,FULL,LOW
C000895,Priya Pawar,F,1974-09-19,52,+91 56563 36237,priya_pawa44@example.com,Delhi,Delhi,110326,hinglish,homemaker,2020-03-24,FULL,LOW
C000896,Manoj Yadav,M,2003-12-04,22,+91 54627 34296,manoj_yada70@example.com,Mumbai,Maharashtra,400195,hinglish,student,2024-01-07,FULL,LOW
C000897,Pallavi Gaikwad,F,1984-12-30,41,+91 53537 58805,pallavi.gaikwad47@example.com,Pune,Maharashtra,411466,en,self_employed,2015-10-23,RE_KYC_DUE,LOW
C000898,Omkar Khan,M,1982-02-13,44,+91 54643 59993,omkar.khan60@example.com,Pune,Maharashtra,411168,hi,salaried,2012-04-24,FULL,LOW
C000899,Gurpreet Gokhale,F,1988-03-24,38,+91 58460 67727,gurpreet.gokha71@example.com,Pune,Maharashtra,411827,hinglish,salaried,2014-02-12,FULL,MEDIUM
C000900,Farah Shinde,F,1992-06-21,34,+91 53892 73788,farahshinde918@example.com,Pune,Maharashtra,411291,mr,salaried,2018-03-27,FULL,MEDIUM
C000901,Sayali Agarwal,F,1981-06-30,45,+91 55850 72496,sayali.agarw98@example.com,Delhi,Delhi,110040,en,salaried,2018-10-30,FULL,MEDIUM
C000902,Mahesh Gaikwad,M,1970-11-25,55,+91 53692 20485,mgaikwad1537@example.com,Hyderabad,Telangana,500117,en,salaried,2018-05-06,FULL,LOW
C000903,Akshay Wagh,M,2004-08-10,22,+91 52888 88016,awagh1753@example.com,Pune,Maharashtra,411194,mr,student,2022-11-29,FULL,LOW
C000904,Parag Thakur,M,2003-04-08,23,+91 51997 54433,paragthakur79@example.com,Thane,Maharashtra,400712,mr,student,2022-01-15,FULL,LOW
C000905,Sanjay Reddy,M,1999-12-06,26,+91 54742 14467,sanjay.reddy94@example.com,Pune,Maharashtra,411181,mr,salaried,2022-01-18,FULL,MEDIUM
C000906,Pooja Kale,F,1990-06-20,36,+91 58853 18374,pkale3871@example.com,Mumbai,Maharashtra,400195,mr,self_employed,2016-06-06,FULL,LOW
C000907,Radha Chavan,F,1957-04-28,69,+91 50613 39958,radha.chava89@example.com,Mumbai,Maharashtra,400178,en,senior_citizen,2017-01-26,FULL,LOW
C000908,Sunil Tiwari,M,1973-11-26,52,+91 54557 97557,suniltiwari216@example.com,Ahmedabad,Gujarat,380675,hinglish,homemaker,2025-02-18,FULL,LOW
C000909,Rohini Shah,F,1964-02-28,62,+91 51976 29367,rshah9476@example.com,Mumbai,Maharashtra,400964,en,senior_citizen,2017-11-14,FULL,LOW
C000910,Anil Naik,M,1996-11-05,29,+91 57821 36488,anaik2032@example.com,Nagpur,Maharashtra,440540,hi,salaried,2015-10-18,FULL,MEDIUM
C000911,Joseph Desai,M,1968-05-23,58,+91 50625 00848,joseph.desai82@example.com,Bengaluru,Karnataka,560882,en,salaried,2024-11-09,FULL,LOW
C000912,Anil Das,M,2004-05-15,22,+91 50284 60559,anil.das29@example.com,Lucknow,Uttar Pradesh,226756,hi,salaried,2024-08-13,FULL,LOW
C000913,Parag Pawar,M,1958-12-28,67,+91 57168 95185,ppawar311@example.com,Indore,Madhya Pradesh,452469,hi,senior_citizen,2020-08-24,FULL,LOW
C000914,Ashok Nair,M,1944-12-03,81,+91 55419 52707,ashok.nair13@example.com,Mumbai,Maharashtra,400681,hinglish,senior_citizen,2020-07-02,FULL,LOW
C000915,Gurdeep Kulkarni,M,1963-12-31,62,+91 50032 98923,gurdeep.kulkarni92@example.com,Pune,Maharashtra,411980,mr,senior_citizen,2016-04-18,FULL,LOW
C000916,Dinesh Naidu,M,1961-10-22,64,+91 55305 41806,dinesh.naidu43@example.com,Mumbai,Maharashtra,400778,en,senior_citizen,2019-05-15,FULL,LOW
C000917,Prakash Patil,M,1946-10-31,79,+91 50940 93087,prakash_pati28@example.com,Pune,Maharashtra,411011,hi,senior_citizen,2013-02-03,FULL,LOW
C000918,Ishita Tiwari,F,1996-07-16,30,+91 55260 08109,ishita.tiwari39@example.com,Mumbai,Maharashtra,400793,mr,salaried,2023-03-10,FULL,LOW
C000919,Sana Gokhale,F,1948-03-06,78,+91 55535 84329,sana_gokh65@example.com,Mumbai,Maharashtra,400137,mr,senior_citizen,2014-10-16,FULL,LOW
C000920,Gurdeep Sharma,M,1976-03-06,50,+91 50321 05308,gurdeep.sharm84@example.com,Pune,Maharashtra,411957,hinglish,self_employed,2022-04-05,FULL,LOW
C000921,Abhijit Wagh,M,1972-12-19,53,+91 51853 98014,awagh2983@example.com,Pune,Maharashtra,411467,en,salaried,2021-02-03,FULL,LOW
C000922,Nandini Reddy,F,1945-03-24,81,+91 56911 63791,nandini.reddy21@example.com,Nagpur,Maharashtra,440885,hi,senior_citizen,2019-07-28,FULL,LOW
C000923,Sneha Apte,F,1948-07-07,78,+91 58297 49324,sneha.apte28@example.com,Nashik,Maharashtra,422497,mr,senior_citizen,2015-12-04,FULL,LOW
C000924,Aarti Khan,F,1991-03-22,35,+91 54044 82814,aarti.khan44@example.com,Bengaluru,Karnataka,560463,hinglish,self_employed,2026-02-28,FULL,MEDIUM
C000925,Yogesh More,M,2005-04-25,21,+91 50170 44042,yogesh.more78@example.com,Hyderabad,Telangana,500287,en,student,2026-02-23,FULL,LOW
C000926,Faisal Saxena,M,1957-01-30,69,+91 51160 19083,faisal.saxena69@example.com,Hyderabad,Telangana,500149,en,senior_citizen,2013-09-09,FULL,MEDIUM
C000927,Aniket Patil,M,1982-08-05,44,+91 53448 09818,aniketpatil880@example.com,Mumbai,Maharashtra,400817,mr,salaried,2013-08-25,FULL,LOW
C000928,Mrunal Sheikh,F,1960-09-13,66,+91 57816 13889,mrunalsheikh958@example.com,Hyderabad,Telangana,500302,en,senior_citizen,2022-07-30,FULL,LOW
C000929,Rajesh Choudhary,M,1991-02-20,35,+91 58959 04575,rajesh.choud65@example.com,Pune,Maharashtra,411642,hi,business,2018-06-15,RE_KYC_DUE,MEDIUM
C000930,Sarita Shah,F,1992-07-18,34,+91 59726 84570,sarita.shah54@example.com,Hyderabad,Telangana,500853,en,salaried,2019-12-03,FULL,LOW
C000931,Omkar Shinde,M,1964-09-08,62,+91 52474 07561,omkar.shinde97@example.com,Mumbai,Maharashtra,400545,en,senior_citizen,2021-03-13,FULL,LOW
C000932,Sachin Agarwal,M,1984-02-24,42,+91 52277 90277,sachinagarwal102@example.com,Delhi,Delhi,110104,hinglish,salaried,2012-10-30,FULL,LOW
C000933,Lata Reddy,F,1998-12-25,27,+91 50660 36226,lata.reddy35@example.com,Nagpur,Maharashtra,440497,en,business,2013-09-27,FULL,LOW
C000934,Lakshmi Mane,F,1975-10-27,50,+91 59771 59658,lakshmi.mane86@example.com,Mumbai,Maharashtra,400896,mr,salaried,2024-04-27,FULL,LOW
C000935,Ishita Menon,F,1977-10-29,48,+91 55236 34176,ishita.menon79@example.com,Bengaluru,Karnataka,560526,hinglish,salaried,2014-10-18,FULL,LOW
C000936,Divya Gupta,F,1995-08-09,31,+91 52637 21890,divya_gupt57@example.com,Thane,Maharashtra,400269,en,salaried,2024-09-17,RE_KYC_DUE,MEDIUM
C000937,Anjali Patil,F,2003-03-18,23,+91 51102 40236,anjali.patil86@example.com,Pune,Maharashtra,411645,hi,student,2024-01-25,FULL,LOW
C000938,Ishita Rao,F,1986-06-13,40,+91 52841 56288,ishita_rao31@example.com,Pune,Maharashtra,411323,en,salaried,2024-02-13,FULL,LOW
C000939,Joseph Desai,M,1973-01-08,53,+91 50511 83945,josephdesai346@example.com,Thane,Maharashtra,400102,hinglish,salaried,2019-12-09,FULL,LOW
C000940,Vandana Pandey,F,1996-08-06,30,+91 53712 95229,vandana.pande60@example.com,Indore,Madhya Pradesh,452286,hinglish,homemaker,2018-04-26,FULL,HIGH
C000941,Rahul Joshi,M,1969-08-17,57,+91 52122 63863,rjoshi4850@example.com,Pune,Maharashtra,411599,hi,self_employed,2024-05-03,FULL,LOW
C000942,Mangesh Shah,M,1997-05-12,29,+91 52458 24216,mshah2402@example.com,Mumbai,Maharashtra,400481,hi,self_employed,2017-03-04,FULL,MEDIUM
C000943,Mahesh Mane,M,1972-02-27,54,+91 56279 33334,mahesh.mane71@example.com,Indore,Madhya Pradesh,452464,hi,salaried,2018-06-01,FULL,LOW
C000944,Mahesh Bhosale,M,1998-11-30,27,+91 51696 46128,mahesh.bhosale88@example.com,Indore,Madhya Pradesh,452127,hinglish,salaried,2023-12-15,FULL,LOW
C000945,Bhavana Khan,F,1971-11-02,54,+91 57519 46377,bhavanakhan409@example.com,Pune,Maharashtra,411268,hi,salaried,2024-10-08,FULL,LOW
C000946,Nitin Gupta,M,1943-05-21,83,+91 57003 68807,nitin.gupta44@example.com,Pune,Maharashtra,411351,mr,senior_citizen,2024-06-15,FULL,LOW
C000947,Priya Pillai,F,1977-08-12,49,+91 51886 51398,priya.pilla43@example.com,Bengaluru,Karnataka,560325,en,salaried,2026-02-27,FULL,LOW
C000948,Shalini Dixit,F,1946-12-19,79,+91 50229 41711,sdixit6799@example.com,Hyderabad,Telangana,500344,hinglish,senior_citizen,2019-03-13,FULL,LOW
C000949,Shweta Gupta,F,1991-02-22,35,+91 51003 98951,sgupta3621@example.com,Pune,Maharashtra,411644,hinglish,self_employed,2018-11-28,FULL,LOW
C000950,Lakshmi Apte,F,1972-07-31,54,+91 55801 88716,lakshmi.apte15@example.com,Pune,Maharashtra,411035,hinglish,business,2019-10-27,FULL,MEDIUM
C000951,Harpreet Salunkhe,M,1955-11-05,70,+91 50680 47076,harpreet.salunkhe90@example.com,Hyderabad,Telangana,500929,hinglish,senior_citizen,2020-03-27,FULL,LOW
C000952,Geeta Wagh,F,1961-01-13,65,+91 51307 02114,geeta_wagh13@example.com,Pune,Maharashtra,411312,en,senior_citizen,2018-06-26,FULL,LOW
C000953,Rohit Sawant,M,2005-08-13,21,+91 53451 92376,rsawant9349@example.com,Thane,Maharashtra,400057,en,student,2025-02-14,FULL,LOW
C000954,Deepa Pawar,F,1985-03-09,41,+91 51214 30014,dpawar2289@example.com,Delhi,Delhi,110803,en,self_employed,2020-02-05,FULL,MEDIUM
C000955,Suresh Bhosale,M,1967-06-19,59,+91 58912 47876,sbhosale8022@example.com,Pune,Maharashtra,411233,hi,salaried,2023-12-03,FULL,LOW
C000956,Yogesh Iyer,M,1942-05-10,84,+91 55793 32858,yogesh.iyer94@example.com,Mumbai,Maharashtra,400903,mr,senior_citizen,2019-03-20,FULL,LOW
C000957,Sanjay Agarwal,M,2008-08-23,18,+91 56228 67218,sanjay.agarw31@example.com,Pune,Maharashtra,411578,hinglish,student,2026-05-01,FULL,LOW
C000958,Girish Naidu,M,2007-04-03,19,+91 52693 50152,girishnaidu240@example.com,Pune,Maharashtra,411077,mr,student,2025-08-27,FULL,LOW
C000959,Lakshmi Saxena,F,1973-02-25,53,+91 58729 82121,lsaxena9071@example.com,Pune,Maharashtra,411115,hi,salaried,2015-11-19,FULL,LOW
C000960,Geeta Gupta,F,1947-10-07,78,+91 53200 12998,geeta_gupt46@example.com,Jaipur,Rajasthan,302648,hinglish,senior_citizen,2012-08-29,FULL,LOW
C000961,Anil Salunkhe,M,2004-10-23,21,+91 51246 01569,anilsalunkhe587@example.com,Thane,Maharashtra,400485,en,salaried,2023-11-17,FULL,LOW
C000962,Rekha Yadav,F,1951-12-09,74,+91 52374 72314,rekhayadav908@example.com,Mumbai,Maharashtra,400544,hinglish,senior_citizen,2023-05-28,FULL,LOW
C000963,Dinesh Shinde,M,1985-02-23,41,+91 54887 10311,dinesh_shin13@example.com,Mumbai,Maharashtra,400618,en,salaried,2016-03-29,FULL,LOW
C000964,Aarti Wagh,F,1985-03-24,41,+91 57822 04810,awagh741@example.com,Lucknow,Uttar Pradesh,226800,hinglish,self_employed,2018-02-01,RE_KYC_DUE,LOW
C000965,Anthony Singh,M,1943-04-03,83,+91 54851 68331,anthony.singh65@example.com,Indore,Madhya Pradesh,452828,hinglish,senior_citizen,2021-12-03,FULL,LOW
C000966,Sayali Menon,F,1974-05-21,52,+91 50881 86983,sayali.menon93@example.com,Nagpur,Maharashtra,440994,mr,salaried,2026-02-10,FULL,LOW
C000967,Farah Salunkhe,F,1988-09-30,37,+91 55325 37184,farahsalunkhe332@example.com,Pune,Maharashtra,411367,mr,salaried,2024-04-11,FULL,MEDIUM
C000968,Tejaswini Gupta,F,2000-04-17,26,+91 58590 81271,tgupta3464@example.com,Nagpur,Maharashtra,440241,hi,salaried,2021-04-07,FULL,LOW
C000969,Vijay Singh,M,1996-10-22,29,+91 58558 80338,vsingh8416@example.com,Thane,Maharashtra,400018,hinglish,self_employed,2022-08-10,FULL,LOW
C000970,Akshay Bhatt,M,1944-11-10,81,+91 56459 72346,akshay_bhat69@example.com,Nashik,Maharashtra,422004,mr,senior_citizen,2016-02-14,FULL,MEDIUM
C000971,Venkat Agarwal,M,1965-05-19,61,+91 50273 41786,venkatagarwal26@example.com,Thane,Maharashtra,400968,hinglish,senior_citizen,2019-10-28,FULL,LOW
C000972,Sana Chavan,F,1991-11-12,34,+91 56790 85458,schavan7132@example.com,Mumbai,Maharashtra,400363,hinglish,business,2023-08-08,FULL,LOW
C000973,Hemant Banerjee,M,2003-12-26,22,+91 55123 39133,hemantbanerjee186@example.com,Jaipur,Rajasthan,302859,hi,salaried,2024-02-22,FULL,LOW
C000974,Gurpreet Naidu,F,1983-07-05,43,+91 58880 00499,gurpreetnaidu912@example.com,Ahmedabad,Gujarat,380115,hinglish,salaried,2015-08-01,FULL,MEDIUM
C000975,Sayali Pawar,F,1968-01-30,58,+91 59394 99806,sayali.pawar44@example.com,Pune,Maharashtra,411032,mr,self_employed,2015-11-24,FULL,LOW
C000976,Ashok More,M,1969-06-18,57,+91 53228 77917,ashok.more60@example.com,Hyderabad,Telangana,500719,en,salaried,2023-06-14,RE_KYC_DUE,MEDIUM
C000977,Deepa Deshpande,F,1963-01-15,63,+91 51687 06750,deepa.deshp94@example.com,Pune,Maharashtra,411065,hi,senior_citizen,2022-09-22,FULL,LOW
C000978,Tejaswini Salunkhe,F,1993-05-05,33,+91 51247 19924,tejaswini.salun61@example.com,Mumbai,Maharashtra,400246,mr,salaried,2012-11-27,FULL,LOW
C000979,Pranav Pandey,M,1975-01-07,51,+91 51417 53070,pranav_pand21@example.com,Bengaluru,Karnataka,560932,en,self_employed,2023-10-04,FULL,LOW
C000980,Ananya Mehta,F,1985-02-26,41,+91 58065 96625,ananya_meht15@example.com,Pune,Maharashtra,411889,en,homemaker,2023-07-10,FULL,MEDIUM
C000981,Gurdeep Kulkarni,M,1983-11-04,42,+91 50865 47463,gurdeep.kulka27@example.com,Nashik,Maharashtra,422993,mr,business,2014-12-31,FULL,MEDIUM
C000982,Prakash Mishra,M,1990-05-18,36,+91 54648 11447,pmishra8239@example.com,Pune,Maharashtra,411749,hinglish,salaried,2020-12-27,FULL,LOW
C000983,Anil Thakur,M,1970-09-11,56,+91 52100 75366,anilthakur189@example.com,Jaipur,Rajasthan,302868,hinglish,self_employed,2018-09-23,RE_KYC_DUE,MEDIUM
C000984,Vijay Saxena,M,1993-04-27,33,+91 50604 46114,vijay.saxen68@example.com,Jaipur,Rajasthan,302917,hi,salaried,2021-03-28,FULL,LOW
C000985,Yogesh Deshmukh,M,1965-01-28,61,+91 58387 48450,yogeshdeshmukh426@example.com,Pune,Maharashtra,411460,hi,senior_citizen,2020-08-12,FULL,LOW
C000986,Sachin Yadav,M,1996-06-18,30,+91 58191 54801,sachin.yadav85@example.com,Mumbai,Maharashtra,400756,en,salaried,2018-12-22,FULL,LOW
C000987,Prakash Menon,M,1993-12-26,32,+91 59597 29469,prakash.menon32@example.com,Hyderabad,Telangana,500586,en,self_employed,2019-05-21,FULL,MEDIUM
C000988,Venkat Kamat,M,1949-11-19,76,+91 59802 04000,vkamat8423@example.com,Pune,Maharashtra,411331,en,senior_citizen,2012-08-30,FULL,LOW
C000989,Shalini Khan,F,1978-06-23,48,+91 57048 54755,skhan2873@example.com,Bengaluru,Karnataka,560208,en,salaried,2014-08-02,FULL,LOW
C000990,Suresh Thakur,M,1956-01-13,70,+91 56324 49493,sthakur2249@example.com,Delhi,Delhi,110539,en,senior_citizen,2019-05-12,FULL,LOW
C000991,Suresh Reddy,M,1959-01-06,67,+91 58284 01923,suresh.reddy34@example.com,Thane,Maharashtra,400828,mr,senior_citizen,2014-09-14,RE_KYC_DUE,LOW
C000992,Rohini Saxena,F,1985-01-26,41,+91 59943 92483,rohinisaxena934@example.com,Mumbai,Maharashtra,400998,en,homemaker,2016-05-30,FULL,LOW
C000993,Meena Bhatt,F,1980-03-19,46,+91 54555 14886,meena.bhatt15@example.com,Bengaluru,Karnataka,560125,hinglish,salaried,2016-03-04,RE_KYC_DUE,LOW
C000994,Rupali Sharma,F,1990-08-31,36,+91 55786 23293,rupali_shar70@example.com,Hyderabad,Telangana,500415,en,salaried,2021-03-24,FULL,MEDIUM
C000995,Ramesh Shinde,M,1943-03-25,83,+91 54987 99855,rameshshinde539@example.com,Pune,Maharashtra,411374,mr,senior_citizen,2024-04-11,FULL,HIGH
C000996,Hemant Pandey,M,1979-03-17,47,+91 59909 81843,hemant_pand45@example.com,Bengaluru,Karnataka,560939,hinglish,salaried,2021-05-02,FULL,LOW
C000997,Swapnil Gupta,M,1966-10-01,59,+91 55773 82236,swapnil.gupta27@example.com,Pune,Maharashtra,411993,hinglish,salaried,2015-01-04,FULL,LOW
C000998,Rupali Patil,F,1996-02-08,30,+91 50301 72138,rupali.patil71@example.com,Mumbai,Maharashtra,400723,hi,self_employed,2020-05-23,FULL,HIGH
C000999,Anjali Sheikh,F,1993-10-13,32,+91 51164 32625,anjali.sheikh78@example.com,Mumbai,Maharashtra,400213,en,salaried,2024-02-09,FULL,LOW
C001000,Dinesh More,M,1942-03-14,84,+91 58704 71440,dinesh.more12@example.com,Nashik,Maharashtra,422445,mr,senior_citizen,2015-06-19,FULL,LOW
C001001,Sayali Gupta,F,1955-11-06,70,+91 56544 70960,sayaligupta906@example.com,Pune,Maharashtra,411302,mr,senior_citizen,2016-02-04,FULL,LOW
C001002,Sagar Reddy,M,1968-09-19,58,+91 55803 06939,sagar.reddy39@example.com,Delhi,Delhi,110887,en,salaried,2020-11-14,FULL,MEDIUM
C001003,Aditya Dixit,M,1956-05-08,70,+91 54657 23383,aditya_dixi32@example.com,Pune,Maharashtra,411167,en,senior_citizen,2016-06-24,FULL,LOW
C001004,Harish Chavan,M,1979-02-20,47,+91 53787 07819,harish.chavan95@example.com,Hyderabad,Telangana,500717,en,self_employed,2019-03-06,FULL,LOW
C001005,Ganesh Naik,M,2006-09-14,20,+91 51226 24189,ganesh.naik52@example.com,Pune,Maharashtra,411718,mr,salaried,2024-10-10,FULL,LOW
C001006,Ganesh Kadam,M,1999-08-10,27,+91 57911 47190,gkadam6272@example.com,Pune,Maharashtra,411102,en,salaried,2023-03-28,FULL,LOW
C001007,Ananya Menon,F,1981-04-18,45,+91 59421 04942,ananya_meno76@example.com,Pune,Maharashtra,411983,mr,self_employed,2012-03-20,FULL,LOW
C001008,Ashok Das,M,2001-09-30,24,+91 59308 12071,adas5854@example.com,Bengaluru,Karnataka,560446,hinglish,salaried,2021-09-26,FULL,LOW
C001009,Mrunal Patil,F,1975-04-05,51,+91 57516 54158,mrunalpatil537@example.com,Indore,Madhya Pradesh,452952,hi,salaried,2024-09-28,RE_KYC_DUE,LOW
C001010,Aarti Mehta,F,1984-08-12,42,+91 52985 64684,amehta5613@example.com,Delhi,Delhi,110681,hinglish,self_employed,2018-05-01,FULL,MEDIUM
C001011,Sagar Kadam,M,1989-02-13,37,+91 51344 41698,sagar_kada28@example.com,Nashik,Maharashtra,422321,hi,salaried,2022-10-20,FULL,LOW
C001012,Komal Bhosale,F,1992-01-11,34,+91 55166 86227,komal.bhosa45@example.com,Mumbai,Maharashtra,400758,en,salaried,2017-08-05,FULL,MEDIUM
C001013,Priya Gokhale,F,1984-06-25,42,+91 51113 02338,priyagokhale914@example.com,Lucknow,Uttar Pradesh,226278,hi,salaried,2014-07-06,FULL,LOW
C001014,Swati Pawar,F,1968-05-22,58,+91 53344 64876,swati.pawar95@example.com,Nagpur,Maharashtra,440537,en,salaried,2018-09-01,FULL,LOW
C001015,Ashok More,M,1954-11-11,71,+91 56404 62969,ashok.more88@example.com,Pune,Maharashtra,411050,en,senior_citizen,2014-04-17,FULL,LOW
C001016,Radha Singh,F,2000-11-05,25,+91 50550 96559,radha.singh46@example.com,Pune,Maharashtra,411818,hinglish,salaried,2022-04-24,FULL,LOW
C001017,Kavita Bhosale,F,1967-08-26,59,+91 52042 06533,kavita.bhosale20@example.com,Mumbai,Maharashtra,400710,en,homemaker,2020-01-29,FULL,LOW
C001018,Rohit Chavan,M,1996-12-20,29,+91 54151 22136,rohit.chavan48@example.com,Pune,Maharashtra,411354,mr,self_employed,2017-11-02,FULL,LOW
C001019,Vaishali Rao,F,1990-03-14,36,+91 55100 55271,vaishali_rao64@example.com,Bengaluru,Karnataka,560275,en,salaried,2016-09-23,FULL,LOW
C001020,Harleen Kadam,F,1991-06-01,35,+91 59613 60774,harleen.kadam35@example.com,Bengaluru,Karnataka,560638,en,salaried,2025-07-18,FULL,LOW
C001021,Meena Kamat,F,1971-05-27,55,+91 51833 81363,meena.kamat81@example.com,Nagpur,Maharashtra,440647,hi,salaried,2024-08-17,FULL,LOW
C001022,Yogesh Dixit,M,2003-10-15,22,+91 51102 55498,yogesh.dixit38@example.com,Bengaluru,Karnataka,560166,hinglish,salaried,2026-01-21,MIN_KYC,LOW
C001023,Anil Naidu,M,1976-04-22,50,+91 51451 01727,anaidu6269@example.com,Pune,Maharashtra,411272,mr,salaried,2019-06-14,FULL,LOW
C001024,Rajesh Das,M,1996-12-06,29,+91 50710 76862,rajesh_das58@example.com,Nashik,Maharashtra,422288,hi,salaried,2019-04-15,FULL,MEDIUM
C001025,Anthony Bhatt,M,1983-09-25,43,+91 51978 33446,abhatt2830@example.com,Lucknow,Uttar Pradesh,226783,hinglish,salaried,2018-01-10,FULL,LOW
C001026,Vikram Reddy,M,1944-07-14,82,+91 55660 95518,vreddy8544@example.com,Delhi,Delhi,110260,hi,senior_citizen,2014-11-08,FULL,LOW
C001027,Sarita Shah,F,2000-05-13,26,+91 54264 19581,sarita.shah84@example.com,Indore,Madhya Pradesh,452934,hi,business,2022-12-01,FULL,HIGH
C001028,Imran Saxena,M,1943-05-02,83,+91 55943 08919,imran_saxe85@example.com,Pune,Maharashtra,411958,mr,senior_citizen,2021-07-15,FULL,LOW
C001029,Seema Gaikwad,F,1967-07-11,59,+91 59988 70946,seemagaikwad101@example.com,Ahmedabad,Gujarat,380007,hinglish,salaried,2023-11-15,FULL,LOW
C001030,Farah Thakur,F,1980-08-26,46,+91 52219 30153,farah.thaku38@example.com,Pune,Maharashtra,411632,hinglish,salaried,2022-12-23,FULL,MEDIUM
C001031,Swapnil Chavan,M,1998-12-22,27,+91 52532 23681,schavan4053@example.com,Delhi,Delhi,110789,hi,salaried,2022-11-01,FULL,LOW
C001032,Sana Rao,F,1997-04-08,29,+91 54099 82023,sana.rao69@example.com,Indore,Madhya Pradesh,452302,hi,homemaker,2020-05-04,FULL,LOW
C001033,Nisha Deshpande,F,1984-06-23,42,+91 50903 07926,nishadeshpande121@example.com,Pune,Maharashtra,411378,hinglish,salaried,2025-06-27,FULL,LOW
C001034,Keerthi Agarwal,F,1959-08-26,67,+91 57714 35557,keerthi_agar57@example.com,Delhi,Delhi,110171,hinglish,senior_citizen,2023-12-11,FULL,LOW
C001035,Rohini Sheikh,F,2003-12-17,22,+91 55040 46695,rsheikh5420@example.com,Nagpur,Maharashtra,440704,hi,salaried,2022-01-09,FULL,LOW
C001036,Tushar Bhosale,M,1976-05-17,50,+91 52673 98203,tushar.bhosa13@example.com,Mumbai,Maharashtra,400523,hi,homemaker,2019-08-15,FULL,LOW
C001037,Usha Menon,F,1985-03-29,41,+91 59974 18994,usha_meno65@example.com,Mumbai,Maharashtra,400479,en,salaried,2019-06-10,FULL,LOW
C001038,Dinesh Kale,M,1996-10-28,29,+91 58750 82322,dineshkale537@example.com,Pune,Maharashtra,411571,hi,salaried,2020-03-03,FULL,LOW
C001039,Rohit Nair,M,1975-06-09,51,+91 54286 19049,rohit_nair17@example.com,Mumbai,Maharashtra,400798,mr,self_employed,2022-09-23,FULL,LOW
C001040,Aniket Pawar,M,1995-09-18,31,+91 53168 82775,aniketpawar601@example.com,Mumbai,Maharashtra,400767,en,self_employed,2018-11-02,FULL,LOW
C001041,Meena Dixit,F,1981-02-17,45,+91 50767 29230,meena.dixit65@example.com,Mumbai,Maharashtra,400062,en,salaried,2025-05-04,FULL,LOW
C001042,Usha Salunkhe,F,1973-09-26,53,+91 52258 19658,usha.salun55@example.com,Pune,Maharashtra,411449,mr,salaried,2019-04-25,FULL,LOW
C001043,Mahesh Pillai,M,1949-01-13,77,+91 57109 08038,mpillai9705@example.com,Bengaluru,Karnataka,560615,hinglish,senior_citizen,2020-01-01,FULL,MEDIUM
C001044,Bhavana Shah,F,1997-05-02,29,+91 53755 15736,bhavana_shah53@example.com,Ahmedabad,Gujarat,380915,en,salaried,2015-12-21,FULL,LOW
C001045,Yogesh Deshmukh,M,1997-08-03,29,+91 51035 74879,ydeshmukh3781@example.com,Lucknow,Uttar Pradesh,226641,hi,self_employed,2024-03-23,FULL,LOW
C001046,Manisha Gupta,F,1994-11-28,31,+91 52145 45213,manishagupta659@example.com,Pune,Maharashtra,411372,hinglish,self_employed,2018-06-30,FULL,LOW
C001047,Omkar Gaikwad,M,1947-01-11,79,+91 54696 05130,omkargaikwad446@example.com,Pune,Maharashtra,411499,hi,senior_citizen,2023-04-16,FULL,LOW
C001048,Ganesh Kamat,M,1985-04-24,41,+91 51523 44677,ganesh.kamat86@example.com,Pune,Maharashtra,411474,hi,salaried,2020-07-05,FULL,LOW
C001049,Jyoti Dixit,F,2008-06-02,18,+91 53606 32533,jyoti.dixit84@example.com,Bengaluru,Karnataka,560669,hinglish,student,2026-05-08,FULL,LOW
C001050,Nisha Sawant,F,1994-08-23,32,+91 53118 84470,nisha.sawan11@example.com,Pune,Maharashtra,411096,hi,business,2021-12-19,FULL,MEDIUM
C001051,Radha Gupta,F,1964-04-26,62,+91 55670 65291,radha_gupt96@example.com,Pune,Maharashtra,411592,mr,senior_citizen,2020-09-14,FULL,LOW
C001052,Manisha Apte,F,1972-09-05,54,+91 50582 94580,manisha_apte46@example.com,Lucknow,Uttar Pradesh,226744,hinglish,salaried,2024-01-09,FULL,LOW
C001053,Kunal Gokhale,M,1999-10-15,26,+91 57696 13654,kunal.gokha49@example.com,Pune,Maharashtra,411465,hinglish,salaried,2020-06-23,FULL,MEDIUM
C001054,Yogesh Bhatt,M,1964-11-28,61,+91 54357 98837,yogesh.bhatt96@example.com,Indore,Madhya Pradesh,452760,hinglish,senior_citizen,2018-12-19,FULL,LOW
C001055,Sanjay Wagh,M,1973-10-21,52,+91 53735 95621,swagh5971@example.com,Pune,Maharashtra,411274,hinglish,salaried,2013-06-16,FULL,LOW
C001056,Seema Deshpande,F,1987-09-25,39,+91 54618 32860,seemadeshpande853@example.com,Mumbai,Maharashtra,400059,hi,salaried,2023-04-13,FULL,LOW
C001057,Anita Khan,F,1971-02-05,55,+91 53208 73245,anita_khan50@example.com,Pune,Maharashtra,411217,hi,homemaker,2024-10-09,FULL,LOW
C001058,Faisal Mane,M,1975-09-01,51,+91 55005 29853,faisal_mane64@example.com,Pune,Maharashtra,411151,hi,homemaker,2014-04-25,FULL,LOW
C001059,Smita Choudhary,F,1991-04-12,35,+91 53434 18177,schoudhary9549@example.com,Pune,Maharashtra,411006,mr,homemaker,2020-01-07,FULL,LOW
C001060,Divya Mehta,F,1952-04-10,74,+91 51227 60206,dmehta9122@example.com,Mumbai,Maharashtra,400545,hinglish,senior_citizen,2024-08-11,FULL,LOW
C001061,Rajesh Kamat,M,1960-12-01,65,+91 55108 26888,rkamat2223@example.com,Hyderabad,Telangana,500011,hinglish,senior_citizen,2013-04-20,FULL,LOW
C001062,Pranav Gupta,M,1980-09-09,46,+91 55799 95845,pranav.gupta79@example.com,Ahmedabad,Gujarat,380270,hinglish,homemaker,2017-02-10,FULL,MEDIUM
C001063,Archana Gaikwad,F,1994-11-30,31,+91 57034 59900,archanagaikwad412@example.com,Delhi,Delhi,110060,hinglish,self_employed,2020-09-21,FULL,LOW
C001064,Madhuri Nair,F,1993-12-08,32,+91 51591 43559,madhuri.nair93@example.com,Thane,Maharashtra,400244,en,business,2017-11-30,FULL,LOW
C001065,Sarita Pandey,F,1945-11-05,80,+91 53289 19453,sarita.pandey65@example.com,Mumbai,Maharashtra,400719,mr,senior_citizen,2020-01-10,FULL,LOW
C001066,Chinmay Mehta,M,1990-03-02,36,+91 54266 28153,chinmaymehta557@example.com,Nagpur,Maharashtra,440156,hi,salaried,2025-06-24,FULL,MEDIUM
C001067,Usha Dixit,F,1991-02-12,35,+91 53018 14467,usha_dixi82@example.com,Mumbai,Maharashtra,400595,mr,salaried,2020-12-31,FULL,LOW
C001068,Prakash Salunkhe,M,1996-09-21,30,+91 53895 05405,prakashsalunkhe368@example.com,Pune,Maharashtra,411588,mr,salaried,2025-12-18,FULL,LOW
C001069,Anita Kamat,F,1985-01-03,41,+91 58833 96372,anita.kamat83@example.com,Hyderabad,Telangana,500665,hinglish,homemaker,2023-09-28,FULL,LOW
C001070,Manoj Pandey,M,1961-06-23,65,+91 58480 99653,manoj.pande24@example.com,Nagpur,Maharashtra,440231,en,senior_citizen,2024-07-10,FULL,LOW
C001071,Deepak Sawant,M,1946-12-21,79,+91 59515 64438,deepak.sawant99@example.com,Bengaluru,Karnataka,560163,hinglish,senior_citizen,2022-01-15,FULL,LOW
C001072,Kunal Gaikwad,M,1998-07-21,28,+91 59758 34315,kgaikwad2669@example.com,Pune,Maharashtra,411066,mr,salaried,2022-10-08,FULL,LOW
C001073,Divya Apte,F,1991-12-30,34,+91 52600 51964,divya.apte26@example.com,Ahmedabad,Gujarat,380656,en,salaried,2018-07-23,FULL,MEDIUM
C001074,Rekha Shah,F,1969-08-11,57,+91 51549 09424,rekha.shah50@example.com,Pune,Maharashtra,411720,hinglish,homemaker,2013-10-15,FULL,MEDIUM
C001075,Akshay Pawar,M,1944-10-10,81,+91 55125 96945,akshay_pawa39@example.com,Mumbai,Maharashtra,400220,mr,senior_citizen,2021-12-14,FULL,MEDIUM
C001076,Abhijit Menon,M,1983-01-04,43,+91 59087 13472,amenon698@example.com,Mumbai,Maharashtra,400947,hinglish,salaried,2016-10-23,FULL,LOW
C001077,Priya Mishra,F,1994-09-12,32,+91 51818 24660,priya_mish19@example.com,Thane,Maharashtra,400582,hinglish,self_employed,2022-10-05,FULL,LOW
C001078,Jyoti Gaikwad,F,1982-10-19,43,+91 53335 11777,jyoti.gaikw82@example.com,Pune,Maharashtra,411831,mr,salaried,2022-11-05,FULL,LOW
C001079,Sanjay Joshi,M,1995-04-01,31,+91 59482 31415,sanjay.joshi55@example.com,Nashik,Maharashtra,422257,hi,self_employed,2019-07-11,FULL,LOW
C001080,Ajay Mane,M,1979-07-28,47,+91 52715 31566,ajay.mane41@example.com,Hyderabad,Telangana,500560,en,salaried,2019-07-19,FULL,LOW
C001081,Tejaswini Bhatt,F,2001-07-18,25,+91 53682 73314,tejaswini.bhatt18@example.com,Mumbai,Maharashtra,400897,hinglish,homemaker,2022-01-16,FULL,LOW
C001082,Prakash Bhosale,M,1987-07-28,39,+91 55269 84631,pbhosale2497@example.com,Mumbai,Maharashtra,400382,en,business,2019-11-10,FULL,LOW
C001083,Seema Mehta,F,1950-10-06,75,+91 56423 09620,seema_meht44@example.com,Nashik,Maharashtra,422972,mr,senior_citizen,2019-05-26,FULL,LOW
C001084,Vaishali Yadav,F,2000-03-24,26,+91 50891 22742,vaishali.yadav61@example.com,Delhi,Delhi,110182,en,salaried,2020-05-06,FULL,LOW
C001085,Rohini Mane,F,1960-03-11,66,+91 57459 97507,rohini.mane93@example.com,Nashik,Maharashtra,422201,hi,senior_citizen,2012-09-02,RE_KYC_DUE,LOW
C001086,Ishita Sharma,F,1994-05-11,32,+91 54431 83230,ishita.sharm82@example.com,Nashik,Maharashtra,422613,hi,salaried,2014-11-12,FULL,LOW
C001087,Harleen Gaikwad,F,1995-09-10,31,+91 52636 84399,harleen_gaik67@example.com,Bengaluru,Karnataka,560785,en,salaried,2022-11-01,FULL,LOW
C001088,Geeta Salunkhe,F,2007-12-19,18,+91 56406 30591,geetasalunkhe463@example.com,Pune,Maharashtra,411001,mr,salaried,2026-04-22,FULL,LOW
C001089,Sachin Sharma,M,1997-10-04,28,+91 51215 69829,sachin_shar66@example.com,Nagpur,Maharashtra,440690,mr,salaried,2016-08-13,RE_KYC_DUE,LOW
C001090,Radha Naidu,F,1971-12-13,54,+91 57276 57916,radha.naidu98@example.com,Jaipur,Rajasthan,302779,hi,salaried,2015-09-12,RE_KYC_DUE,LOW
C001091,Priya Mishra,F,1989-05-27,37,+91 58557 87875,priya.mishr11@example.com,Lucknow,Uttar Pradesh,226959,hi,salaried,2022-07-27,FULL,MEDIUM
C001092,Suresh Kadam,M,1966-08-18,60,+91 59431 75447,suresh_kada33@example.com,Delhi,Delhi,110388,en,senior_citizen,2018-01-15,FULL,LOW
C001093,Zoya Desai,F,1991-12-27,34,+91 54472 96579,zdesai3546@example.com,Jaipur,Rajasthan,302672,hi,homemaker,2015-07-21,RE_KYC_DUE,LOW
C001094,Ishita Chavan,F,1996-04-15,30,+91 51012 36847,ishita.chavan37@example.com,Pune,Maharashtra,411526,en,salaried,2016-12-23,FULL,MEDIUM
C001095,Parag Deshpande,M,1992-04-20,34,+91 58957 62768,parag.deshp44@example.com,Lucknow,Uttar Pradesh,226219,hinglish,self_employed,2023-10-07,FULL,LOW
C001096,Rekha Banerjee,F,1969-05-17,57,+91 54553 22576,rekha.baner57@example.com,Nashik,Maharashtra,422447,hi,salaried,2014-07-10,FULL,HIGH
C001097,Hemant Jadhav,M,1995-06-27,31,+91 50252 15875,hemant.jadhav73@example.com,Pune,Maharashtra,411996,hi,business,2023-04-10,FULL,MEDIUM
C001098,Imran Deshpande,M,1968-06-10,58,+91 56628 12565,imrandeshpande416@example.com,Thane,Maharashtra,400467,en,salaried,2021-04-01,FULL,LOW
C001099,Imran Joshi,M,1988-10-31,37,+91 52562 65668,ijoshi3477@example.com,Pune,Maharashtra,411941,hinglish,salaried,2016-06-02,FULL,LOW
C001100,Farah Mishra,F,1995-10-06,30,+91 50326 75007,farah.mishr57@example.com,Bengaluru,Karnataka,560352,en,salaried,2022-05-24,FULL,MEDIUM
C001101,Harpreet Singh,M,2005-11-23,20,+91 51346 53969,harpreetsingh524@example.com,Ahmedabad,Gujarat,380119,en,student,2024-03-04,FULL,LOW
C001102,Arun Verma,M,2000-05-29,26,+91 59288 30986,arun.verma14@example.com,Mumbai,Maharashtra,400487,hinglish,salaried,2023-02-09,FULL,LOW
C001103,Meena Shinde,F,1992-11-09,33,+91 53787 99075,meena_shin10@example.com,Nagpur,Maharashtra,440227,en,self_employed,2025-01-16,RE_KYC_DUE,LOW
C001104,Revati Das,F,1988-05-19,38,+91 50409 88426,revati.das39@example.com,Lucknow,Uttar Pradesh,226713,hinglish,homemaker,2013-07-22,RE_KYC_DUE,LOW
C001105,Faisal Kale,M,2006-10-14,19,+91 58595 64087,fkale1526@example.com,Bengaluru,Karnataka,560516,hinglish,salaried,2026-01-30,MIN_KYC,LOW
C001106,Yogesh Kamat,M,1991-02-25,35,+91 52841 89252,yogeshkamat180@example.com,Bengaluru,Karnataka,560750,hinglish,salaried,2011-12-25,FULL,MEDIUM
C001107,Lata Jadhav,F,2001-02-14,25,+91 53741 99105,lata_jadh30@example.com,Mumbai,Maharashtra,400088,hi,business,2022-12-19,FULL,LOW
C001108,Anjali Pandey,F,1989-07-08,37,+91 50870 69879,anjali.pande85@example.com,Mumbai,Maharashtra,400238,en,salaried,2024-04-13,FULL,LOW
C001109,Imran Thakur,M,1968-04-20,58,+91 59862 89648,imran.thakur36@example.com,Thane,Maharashtra,400949,hinglish,salaried,2016-03-22,RE_KYC_DUE,MEDIUM
C001110,Prakash Bhosale,M,1967-09-11,59,+91 59588 59322,prakash_bhos15@example.com,Mumbai,Maharashtra,400231,hi,salaried,2019-03-18,FULL,LOW
C001111,Venkat Menon,M,2003-10-20,22,+91 57060 39683,venkat_meno15@example.com,Thane,Maharashtra,400314,en,student,2023-05-06,FULL,LOW
C001112,Arun Yadav,M,1963-10-14,62,+91 59091 12708,arun.yadav62@example.com,Hyderabad,Telangana,500588,en,senior_citizen,2022-02-28,FULL,MEDIUM
C001113,Madhuri Joshi,F,1967-05-31,59,+91 58043 37348,madhuri.joshi13@example.com,Pune,Maharashtra,411750,hi,salaried,2025-01-09,FULL,LOW
C001114,Anthony Das,M,1943-06-12,83,+91 59242 96380,anthony.das49@example.com,Thane,Maharashtra,400451,en,senior_citizen,2017-01-02,RE_KYC_DUE,LOW
C001115,Aarti Deshmukh,F,2001-08-30,25,+91 59707 73945,adeshmukh9745@example.com,Pune,Maharashtra,411929,mr,business,2024-03-20,FULL,LOW
C001116,Nisha Naidu,F,1947-12-13,78,+91 58772 11906,nishanaidu17@example.com,Ahmedabad,Gujarat,380932,en,senior_citizen,2020-12-08,FULL,LOW
C001117,Pooja Chavan,F,1995-03-26,31,+91 55488 65946,poojachavan58@example.com,Delhi,Delhi,110464,hi,homemaker,2013-06-28,FULL,LOW
C001118,Girish Mishra,M,1997-04-28,29,+91 52703 92461,girish.mishr33@example.com,Pune,Maharashtra,411289,mr,salaried,2023-06-25,FULL,LOW
C001119,Hemant Mehta,M,1970-03-30,56,+91 58552 99498,hemantmehta743@example.com,Delhi,Delhi,110475,hi,salaried,2012-05-28,FULL,HIGH
C001120,Gurpreet Kadam,F,1982-12-26,43,+91 52379 55349,gurpreet.kadam46@example.com,Ahmedabad,Gujarat,380632,hinglish,salaried,2019-10-07,FULL,LOW
C001121,Faisal Dixit,M,1978-11-06,47,+91 57315 89242,faisaldixit921@example.com,Mumbai,Maharashtra,400695,en,salaried,2019-05-13,FULL,LOW
C001122,Anthony Mehta,M,1994-04-27,32,+91 59419 86008,anthony.mehta78@example.com,Hyderabad,Telangana,500339,en,salaried,2016-07-21,FULL,LOW
C001123,Rohini Bhosale,F,2002-01-01,24,+91 53507 96723,rohini_bhos56@example.com,Pune,Maharashtra,411327,hinglish,student,2022-10-29,FULL,LOW
C001124,Rupali Choudhary,F,1997-11-11,28,+91 58667 07369,rupalichoudhary458@example.com,Delhi,Delhi,110985,hinglish,self_employed,2016-03-24,FULL,LOW
C001125,Revati Verma,F,1949-11-11,76,+91 59271 15114,rverma712@example.com,Nagpur,Maharashtra,440908,en,senior_citizen,2020-04-05,FULL,LOW
C001126,Mangesh Yadav,M,1986-02-27,40,+91 50828 75984,mangesh_yada80@example.com,Nagpur,Maharashtra,440336,en,self_employed,2026-01-20,FULL,LOW
C001127,Tushar More,M,1957-03-12,69,+91 53512 89172,tushar.more78@example.com,Pune,Maharashtra,411820,hinglish,senior_citizen,2020-09-13,FULL,LOW
C001128,Manoj More,M,1975-01-11,51,+91 51943 53530,mmore693@example.com,Bengaluru,Karnataka,560350,en,self_employed,2018-11-13,FULL,LOW
C001129,Prakash Naik,M,1999-06-14,27,+91 52479 47595,prakash.naik85@example.com,Pune,Maharashtra,411234,mr,salaried,2025-12-24,FULL,LOW
C001130,Rekha Agarwal,F,1971-07-19,55,+91 50063 35530,ragarwal5673@example.com,Pune,Maharashtra,411894,mr,homemaker,2023-01-19,FULL,LOW
C001131,Venkat Deshpande,M,1977-06-28,49,+91 56261 32632,venkat.deshp20@example.com,Mumbai,Maharashtra,400313,hinglish,salaried,2015-08-05,FULL,LOW
C001132,Prakash Thakur,M,1995-03-06,31,+91 52138 06190,prakashthakur13@example.com,Hyderabad,Telangana,500155,hinglish,salaried,2019-08-28,FULL,MEDIUM
C001133,Aniket Deshmukh,M,1961-01-14,65,+91 51945 24009,aniket.deshmukh24@example.com,Ahmedabad,Gujarat,380206,hinglish,senior_citizen,2020-03-31,FULL,MEDIUM
C001134,Abhijit Pillai,M,2000-06-30,26,+91 52056 55025,abhijitpillai193@example.com,Ahmedabad,Gujarat,380540,hinglish,salaried,2019-03-30,FULL,LOW
C001135,Ashok Pandey,M,1982-05-07,44,+91 50319 62418,ashok_pand33@example.com,Bengaluru,Karnataka,560448,hinglish,self_employed,2018-05-26,RE_KYC_DUE,LOW
C001136,Rekha Gupta,F,2000-09-22,26,+91 55847 87360,rekha_gupt29@example.com,Mumbai,Maharashtra,400934,hi,homemaker,2018-12-19,FULL,LOW
C001137,Sunita Naik,F,1956-01-11,70,+91 57404 01631,sunita_naik37@example.com,Nashik,Maharashtra,422138,mr,senior_citizen,2018-10-08,FULL,LOW
C001138,Aniket Jadhav,M,1987-02-10,39,+91 59640 93453,aniket.jadha99@example.com,Mumbai,Maharashtra,400729,hinglish,salaried,2018-04-11,FULL,LOW
C001139,Pooja Pillai,F,1971-11-17,54,+91 55901 45753,pooja.pillai77@example.com,Pune,Maharashtra,411598,en,salaried,2018-10-30,FULL,LOW
C001140,Vikram Thakur,M,1985-04-01,41,+91 55606 17099,vikram.thaku87@example.com,Ahmedabad,Gujarat,380679,hinglish,salaried,2025-12-28,FULL,MEDIUM
C001141,Jyoti Desai,F,2004-11-11,21,+91 55510 51641,jyoti_desa83@example.com,Delhi,Delhi,110580,hi,salaried,2023-01-04,FULL,LOW
C001142,Asha Das,F,2004-04-16,22,+91 58001 44078,adas9486@example.com,Nashik,Maharashtra,422991,mr,student,2026-01-25,FULL,LOW
C001143,Nisha More,F,1970-04-20,56,+91 51343 99230,nmore2524@example.com,Delhi,Delhi,110274,hi,salaried,2017-11-12,FULL,LOW
C001144,Sunita Kadam,F,2008-03-20,18,+91 51966 35540,sunitakadam74@example.com,Pune,Maharashtra,411319,en,salaried,2026-04-07,FULL,MEDIUM
C001145,Aditya Shah,M,1963-10-03,62,+91 59467 65906,ashah9495@example.com,Ahmedabad,Gujarat,380471,hinglish,senior_citizen,2020-08-15,FULL,MEDIUM
C001146,Aarti Pawar,F,1971-03-10,55,+91 57556 50908,aarti.pawar18@example.com,Pune,Maharashtra,411409,hi,salaried,2012-06-20,FULL,LOW
C001147,Harleen Apte,F,1950-11-05,75,+91 56019 57500,harleen.apte36@example.com,Lucknow,Uttar Pradesh,226520,hi,senior_citizen,2025-02-23,FULL,LOW
C001148,Imran Saxena,M,2002-06-15,24,+91 50326 31658,imransaxena561@example.com,Mumbai,Maharashtra,400615,hinglish,salaried,2020-07-26,FULL,LOW
C001149,Ishita Rao,F,1985-03-01,41,+91 50158 17293,ishita_rao30@example.com,Thane,Maharashtra,400947,hinglish,homemaker,2014-08-10,FULL,LOW
C001150,Vandana Shah,F,2003-01-22,23,+91 57838 14126,vandana.shah42@example.com,Thane,Maharashtra,400890,mr,salaried,2018-07-05,RE_KYC_DUE,LOW
C001151,Rupali Apte,F,1985-12-30,40,+91 59864 36907,rapte3697@example.com,Indore,Madhya Pradesh,452300,hinglish,salaried,2014-11-11,FULL,LOW
C001152,Divya Patil,F,1965-09-21,61,+91 59135 88409,dpatil4027@example.com,Pune,Maharashtra,411356,hi,senior_citizen,2022-09-19,FULL,MEDIUM
C001153,Pallavi Salunkhe,F,1949-05-22,77,+91 56190 62728,pallavi_salu95@example.com,Mumbai,Maharashtra,400987,hi,senior_citizen,2014-06-21,FULL,MEDIUM
C001154,Tushar Das,M,1995-12-06,30,+91 58340 88825,tushar_das67@example.com,Hyderabad,Telangana,500382,hinglish,self_employed,2025-12-10,FULL,LOW
C001155,Farah Shinde,F,1973-06-26,53,+91 58911 53921,fshinde570@example.com,Bengaluru,Karnataka,560209,en,salaried,2023-09-13,FULL,MEDIUM
C001156,Komal Mane,F,1963-11-11,62,+91 53048 43120,komal_mane69@example.com,Pune,Maharashtra,411285,hi,senior_citizen,2014-09-25,FULL,LOW
C001157,Gurpreet Tiwari,F,1971-10-17,54,+91 55648 56228,gurpreet.tiwari70@example.com,Thane,Maharashtra,400865,en,homemaker,2019-12-20,FULL,LOW
C001158,Karthik Reddy,M,2005-04-06,21,+91 50001 73940,kreddy5814@example.com,Nashik,Maharashtra,422409,hi,student,2024-07-31,FULL,MEDIUM
C001159,Girish Sharma,M,1975-06-26,51,+91 52998 24409,girish.sharm49@example.com,Mumbai,Maharashtra,400224,en,salaried,2023-06-17,FULL,LOW
C001160,Karthik Kulkarni,M,2000-02-27,26,+91 55092 55216,karthik.kulka77@example.com,Bengaluru,Karnataka,560049,en,salaried,2022-12-21,FULL,LOW
C001161,Kunal Deshmukh,M,2003-08-28,23,+91 51538 14441,kdeshmukh6956@example.com,Mumbai,Maharashtra,400699,hi,salaried,2024-08-30,FULL,LOW
C001162,Swapnil Gokhale,M,1976-06-23,50,+91 55727 84260,swapnil.gokhale20@example.com,Mumbai,Maharashtra,400033,en,salaried,2013-04-19,FULL,LOW
C001163,Omkar Nair,M,1970-10-03,55,+91 59309 81990,omkar_nair98@example.com,Lucknow,Uttar Pradesh,226730,hinglish,business,2019-01-22,FULL,LOW
C001164,Arun Apte,M,1998-03-06,28,+91 56871 03599,arun_apte33@example.com,Pune,Maharashtra,411842,en,business,2021-06-20,FULL,LOW
C001165,Sunil Tiwari,M,1943-12-28,82,+91 50804 65413,sunil_tiwa92@example.com,Hyderabad,Telangana,500518,hinglish,senior_citizen,2015-05-12,FULL,LOW
C001166,Harleen Gokhale,F,1956-03-05,70,+91 51127 79061,hgokhale4597@example.com,Nashik,Maharashtra,422262,mr,senior_citizen,2012-04-02,FULL,LOW
C001167,Karthik Kulkarni,M,1980-01-20,46,+91 53784 95160,karthikkulkarni944@example.com,Jaipur,Rajasthan,302756,hinglish,salaried,2025-04-02,RE_KYC_DUE,LOW
C001168,Nitin Naidu,M,1982-04-24,44,+91 59908 48818,nnaidu7181@example.com,Pune,Maharashtra,411598,hinglish,salaried,2019-04-10,FULL,LOW
C001169,Karthik Wagh,M,1958-02-05,68,+91 56612 64871,karthik_wagh25@example.com,Pune,Maharashtra,411548,mr,senior_citizen,2024-03-03,FULL,LOW
C001170,Harleen More,F,2008-02-02,18,+91 56286 16114,harleenmore474@example.com,Pune,Maharashtra,411896,hinglish,salaried,2026-04-05,FULL,LOW
C001171,Srinivas Joshi,M,1992-05-06,34,+91 55730 84933,sjoshi5387@example.com,Nashik,Maharashtra,422356,hi,self_employed,2023-01-20,FULL,LOW
C001172,Prakash Gaikwad,M,2000-07-31,26,+91 51928 11139,prakash_gaik91@example.com,Mumbai,Maharashtra,400874,hi,business,2022-11-20,FULL,LOW
C001173,Chinmay Sheikh,M,1992-01-22,34,+91 51542 73582,chinmay_shei27@example.com,Bengaluru,Karnataka,560993,en,salaried,2012-07-04,RE_KYC_DUE,LOW
C001174,Srinivas Gupta,M,1992-11-26,33,+91 52976 57407,sgupta1720@example.com,Mumbai,Maharashtra,400723,mr,salaried,2013-10-24,FULL,LOW
C001175,Vandana Bhosale,F,1944-11-16,81,+91 55108 83185,vandana.bhosa58@example.com,Pune,Maharashtra,411254,hinglish,senior_citizen,2018-08-30,FULL,HIGH
C001176,Vandana Pillai,F,1958-01-02,68,+91 53536 37023,vandana.pilla22@example.com,Indore,Madhya Pradesh,452071,hinglish,senior_citizen,2019-09-07,FULL,MEDIUM
C001177,Vijay Shah,M,1945-10-01,80,+91 54116 63782,vijay.shah30@example.com,Nagpur,Maharashtra,440191,en,senior_citizen,2013-02-06,FULL,LOW
C001178,Manisha Nair,F,1981-01-28,45,+91 58593 94256,manishanair328@example.com,Nashik,Maharashtra,422978,hi,self_employed,2015-03-30,RE_KYC_DUE,LOW
C001179,Sana Sawant,F,1984-10-20,41,+91 50144 82261,ssawant4007@example.com,Nagpur,Maharashtra,440795,mr,salaried,2014-07-22,FULL,MEDIUM
C001180,Divya Bhatt,F,1968-06-25,58,+91 54433 25995,divya.bhatt71@example.com,Pune,Maharashtra,411334,hinglish,salaried,2025-05-09,RE_KYC_DUE,LOW
C001181,Sanjay Iyer,M,1946-08-01,80,+91 56998 05148,siyer1545@example.com,Jaipur,Rajasthan,302213,hinglish,senior_citizen,2019-11-09,FULL,LOW
C001182,Amit Wagh,M,1977-05-12,49,+91 59634 72612,amit.wagh79@example.com,Ahmedabad,Gujarat,380779,hinglish,salaried,2014-09-19,FULL,LOW
C001183,Faisal Naik,M,1969-02-14,57,+91 55229 25163,faisalnaik140@example.com,Bengaluru,Karnataka,560304,en,salaried,2025-12-10,FULL,LOW
C001184,Pooja Pillai,F,1967-12-25,58,+91 54095 21478,poojapillai976@example.com,Pune,Maharashtra,411230,hi,self_employed,2024-11-06,FULL,LOW
C001185,Divya Choudhary,F,1985-09-11,41,+91 51569 96635,divya.choud34@example.com,Ahmedabad,Gujarat,380527,en,salaried,2017-11-29,FULL,LOW
C001186,Deepak Joshi,M,1994-09-28,32,+91 59303 83172,deepak.joshi28@example.com,Bengaluru,Karnataka,560203,en,self_employed,2023-02-17,FULL,LOW
C001187,Aniket Pawar,M,2004-11-04,21,+91 56771 38995,aniket.pawar25@example.com,Pune,Maharashtra,411852,mr,student,2025-01-29,FULL,LOW
C001188,Shalini Pawar,F,1996-03-10,30,+91 51682 53282,shalini.pawar96@example.com,Mumbai,Maharashtra,400625,mr,salaried,2023-05-20,FULL,LOW
C001189,Neha Tiwari,F,1986-10-31,39,+91 59963 10295,neha_tiwa90@example.com,Indore,Madhya Pradesh,452345,hi,salaried,2014-05-13,RE_KYC_DUE,LOW
C001190,Deepa Khan,F,1976-06-29,50,+91 56187 65114,deepa.khan30@example.com,Thane,Maharashtra,400446,mr,salaried,2019-03-09,FULL,LOW
C001191,Ashok Agarwal,M,1976-02-15,50,+91 59416 69292,ashok.agarwal40@example.com,Ahmedabad,Gujarat,380919,en,salaried,2016-09-04,FULL,MEDIUM
C001192,Sneha Pawar,F,1984-09-13,42,+91 56872 65609,sneha.pawar19@example.com,Pune,Maharashtra,411037,hinglish,salaried,2021-08-24,FULL,LOW
C001193,Tushar Pandey,M,1996-05-22,30,+91 54049 41331,tpandey8338@example.com,Pune,Maharashtra,411254,en,salaried,2015-02-10,FULL,MEDIUM
C001194,Rahul Dixit,M,2001-03-25,25,+91 50706 88025,rahul.dixit78@example.com,Ahmedabad,Gujarat,380786,en,salaried,2019-12-31,FULL,LOW
C001195,Radha Yadav,F,2002-05-05,24,+91 50617 34340,radha.yadav34@example.com,Hyderabad,Telangana,500726,hinglish,student,2020-06-16,FULL,LOW
C001196,Imran Menon,M,1992-01-12,34,+91 51657 09757,imranmenon434@example.com,Mumbai,Maharashtra,400113,hi,salaried,2012-08-10,FULL,HIGH
C001197,Asha Reddy,F,1967-04-17,59,+91 56718 96085,asha.reddy73@example.com,Nagpur,Maharashtra,440377,mr,homemaker,2016-03-03,FULL,LOW
C001198,Lakshmi Jadhav,F,1984-03-17,42,+91 54068 29759,lakshmi_jadh23@example.com,Pune,Maharashtra,411458,mr,salaried,2014-08-29,FULL,LOW
C001199,Vinayak Gokhale,M,1991-11-11,34,+91 56271 11664,vinayak.gokhale93@example.com,Mumbai,Maharashtra,400249,hinglish,salaried,2015-09-20,RE_KYC_DUE,LOW
C001200,Shalini Chavan,F,1945-09-16,81,+91 55695 19168,shalini_chav84@example.com,Delhi,Delhi,110518,en,senior_citizen,2015-01-15,FULL,LOW
C001201,Mahesh Yadav,M,1959-06-06,67,+91 59568 51173,mahesh.yadav43@example.com,Indore,Madhya Pradesh,452561,hi,senior_citizen,2015-05-26,FULL,LOW
C001202,Vijay Chavan,M,1961-09-03,65,+91 52769 89813,vijay.chavan47@example.com,Bengaluru,Karnataka,560706,en,senior_citizen,2015-01-15,RE_KYC_DUE,LOW
C001203,Shalini Apte,F,1992-09-17,34,+91 55061 62110,shalini.apte27@example.com,Mumbai,Maharashtra,400011,en,salaried,2020-12-06,FULL,LOW
C001204,Shalini Patil,F,1975-10-25,50,+91 52528 24838,spatil4824@example.com,Thane,Maharashtra,400158,mr,self_employed,2014-02-25,FULL,MEDIUM
C001205,Nisha Yadav,F,1982-11-24,43,+91 52352 87944,nisha.yadav26@example.com,Thane,Maharashtra,400448,en,salaried,2024-11-23,FULL,LOW
C001206,Ramesh Banerjee,M,1970-02-20,56,+91 59138 84298,ramesh.baner21@example.com,Nagpur,Maharashtra,440690,en,self_employed,2021-08-25,FULL,LOW
C001207,Amit Gokhale,M,1987-05-06,39,+91 58178 11580,amit.gokhale62@example.com,Pune,Maharashtra,411039,hinglish,salaried,2019-03-21,FULL,LOW
C001208,Farah Yadav,F,1988-07-17,38,+91 52080 49644,farah_yada41@example.com,Bengaluru,Karnataka,560462,en,homemaker,2012-10-06,FULL,LOW
C001209,Shalini More,F,2002-02-17,24,+91 58916 63162,shalini.more24@example.com,Indore,Madhya Pradesh,452104,hi,student,2021-04-02,FULL,LOW
C001210,Divya Menon,F,1942-05-30,84,+91 50578 22452,divyamenon505@example.com,Mumbai,Maharashtra,400861,hi,senior_citizen,2023-01-30,FULL,LOW
C001211,Shalini Verma,F,2000-04-08,26,+91 53126 91654,shalini.verma33@example.com,Nagpur,Maharashtra,440988,mr,homemaker,2024-04-10,FULL,LOW
C001212,Sanjay Kulkarni,M,2001-02-18,25,+91 50058 02900,sanjaykulkarni733@example.com,Jaipur,Rajasthan,302585,hi,salaried,2021-09-08,FULL,LOW
C001213,Siddharth Patil,M,1999-10-01,26,+91 57587 72198,siddharth.patil76@example.com,Bengaluru,Karnataka,560545,hinglish,business,2018-04-11,FULL,HIGH
C001214,Vijay Yadav,M,2001-11-25,24,+91 51137 94604,vijay_yada76@example.com,Pune,Maharashtra,411964,hi,student,2022-03-02,FULL,MEDIUM
C001215,Parag Kadam,M,1990-12-11,35,+91 56438 20769,pkadam8044@example.com,Delhi,Delhi,110506,en,salaried,2024-05-24,FULL,LOW
C001216,Pooja Gupta,F,1962-04-08,64,+91 51151 24294,pooja_gupt88@example.com,Indore,Madhya Pradesh,452741,hinglish,senior_citizen,2012-05-30,RE_KYC_DUE,LOW
C001217,Ganesh Banerjee,M,1996-05-30,30,+91 57507 50987,ganeshbanerjee660@example.com,Delhi,Delhi,110146,hi,homemaker,2014-08-29,FULL,MEDIUM
C001218,Prakash Dixit,M,2005-05-17,21,+91 59863 84489,pdixit3437@example.com,Nagpur,Maharashtra,440804,hi,student,2025-07-04,MIN_KYC,LOW
C001219,Ishita Mehta,F,2004-12-20,21,+91 59709 83236,ishita_meht70@example.com,Mumbai,Maharashtra,400523,en,salaried,2024-11-23,FULL,MEDIUM
C001220,Joseph Kale,M,1942-09-24,84,+91 53986 79347,jkale4823@example.com,Delhi,Delhi,110816,en,senior_citizen,2013-07-30,FULL,MEDIUM
C001221,Rohini Yadav,F,1999-01-01,27,+91 53358 89158,ryadav7503@example.com,Bengaluru,Karnataka,560772,hinglish,self_employed,2024-11-12,FULL,MEDIUM
C001222,Sayali Pandey,F,1995-03-30,31,+91 52656 64626,sayali.pande82@example.com,Pune,Maharashtra,411316,en,business,2015-10-31,FULL,LOW
C001223,Vinayak Mane,M,2004-12-12,21,+91 51716 76440,vinayak_mane80@example.com,Pune,Maharashtra,411757,mr,student,2024-10-04,FULL,LOW
C001224,Neha Desai,F,1962-05-28,64,+91 51249 51250,neha.desai45@example.com,Mumbai,Maharashtra,400379,mr,senior_citizen,2024-06-05,RE_KYC_DUE,LOW
C001225,Sachin Shinde,M,1976-08-30,50,+91 57283 53353,sachin_shin63@example.com,Pune,Maharashtra,411499,hinglish,salaried,2018-04-24,FULL,LOW
C001226,Gurdeep Kamat,M,1945-04-13,81,+91 56557 19329,gurdeep.kamat69@example.com,Pune,Maharashtra,411282,hinglish,senior_citizen,2024-02-15,FULL,LOW
C001227,Sana Pillai,F,1973-08-01,53,+91 51135 00244,spillai4328@example.com,Pune,Maharashtra,411712,en,homemaker,2020-03-28,FULL,LOW
C001228,Keerthi Salunkhe,F,1974-05-12,52,+91 50871 15107,keerthisalunkhe741@example.com,Hyderabad,Telangana,500693,en,self_employed,2024-12-05,FULL,LOW
C001229,Swati Joshi,F,1999-05-18,27,+91 57133 80806,sjoshi9083@example.com,Pune,Maharashtra,411851,hinglish,salaried,2023-07-14,FULL,LOW
C001230,Ananya Mehta,F,1972-11-02,53,+91 59110 35887,ananya.mehta34@example.com,Pune,Maharashtra,411961,hi,business,2016-02-05,FULL,MEDIUM
C001231,Usha Nair,F,1999-03-04,27,+91 58793 26713,usha.nair25@example.com,Mumbai,Maharashtra,400058,mr,self_employed,2023-10-02,FULL,MEDIUM
C001232,Bhavana Iyer,F,2005-09-17,21,+91 50491 72582,bhavana.iyer34@example.com,Ahmedabad,Gujarat,380342,en,salaried,2018-01-25,FULL,LOW
C001233,Lakshmi Banerjee,F,1989-12-12,36,+91 50004 20240,lakshmibanerjee307@example.com,Pune,Maharashtra,411371,en,salaried,2020-09-21,FULL,LOW
C001234,Rupali Das,F,1995-04-13,31,+91 50687 80490,rdas6482@example.com,Thane,Maharashtra,400763,mr,business,2024-11-13,RE_KYC_DUE,LOW
C001235,Radha Naidu,F,1978-06-16,48,+91 50618 21724,radha.naidu33@example.com,Mumbai,Maharashtra,400569,mr,self_employed,2014-03-08,FULL,LOW
C001236,Karthik Shah,M,1970-08-06,56,+91 53996 73988,karthik.shah73@example.com,Pune,Maharashtra,411961,hi,salaried,2017-01-24,FULL,LOW
C001237,Seema Kale,F,1962-05-18,64,+91 58650 95788,skale1423@example.com,Indore,Madhya Pradesh,452028,hinglish,senior_citizen,2021-05-25,FULL,MEDIUM
C001238,Revati Wagh,F,1997-06-07,29,+91 54891 13979,revatiwagh781@example.com,Pune,Maharashtra,411602,hi,salaried,2019-01-23,FULL,LOW
C001239,Pooja Kadam,F,1998-03-07,28,+91 51042 23062,pkadam5063@example.com,Nashik,Maharashtra,422816,hi,homemaker,2023-10-16,FULL,LOW
C001240,Aniket Sheikh,M,1977-12-21,48,+91 53477 88422,aniketsheikh897@example.com,Jaipur,Rajasthan,302921,hi,salaried,2015-12-10,FULL,LOW
C001241,Ramesh Iyer,M,2002-12-25,23,+91 56210 12053,ramesh_iyer96@example.com,Bengaluru,Karnataka,560043,en,student,2025-11-15,FULL,MEDIUM
C001242,Karthik Dixit,M,1999-08-08,27,+91 50584 64070,kdixit853@example.com,Nagpur,Maharashtra,440373,en,salaried,2020-08-09,RE_KYC_DUE,LOW
C001243,Sunil Dixit,M,1962-06-20,64,+91 52299 82596,sdixit3557@example.com,Mumbai,Maharashtra,400177,hinglish,senior_citizen,2021-10-21,FULL,LOW
C001244,Sunita Dixit,F,1947-10-17,78,+91 55725 20578,sunita.dixit23@example.com,Nagpur,Maharashtra,440674,en,senior_citizen,2021-08-04,FULL,LOW
C001245,Meena Kale,F,1949-05-16,77,+91 59514 89912,meena_kale47@example.com,Pune,Maharashtra,411335,en,senior_citizen,2022-02-23,FULL,LOW
C001246,Kavita Dixit,F,1943-09-06,83,+91 52885 50504,kavita.dixit82@example.com,Pune,Maharashtra,411226,en,senior_citizen,2022-03-27,FULL,MEDIUM
C001247,Swapnil Tiwari,M,1974-10-28,51,+91 52472 17290,swapnil_tiwa13@example.com,Nashik,Maharashtra,422214,mr,self_employed,2017-08-02,RE_KYC_DUE,LOW
C001248,Divya Wagh,F,1980-10-14,45,+91 59374 73161,dwagh6978@example.com,Mumbai,Maharashtra,400891,hi,homemaker,2012-03-03,RE_KYC_DUE,LOW
C001249,Joseph Menon,M,1945-11-05,80,+91 59406 25823,jmenon4966@example.com,Mumbai,Maharashtra,400537,hi,senior_citizen,2023-06-11,FULL,MEDIUM
C001250,Harpreet Banerjee,M,1980-12-19,45,+91 55777 94946,hbanerjee2709@example.com,Lucknow,Uttar Pradesh,226005,hi,salaried,2021-07-05,FULL,LOW
C001251,Nitin Khan,M,2000-09-14,26,+91 59679 71664,nitin.khan50@example.com,Thane,Maharashtra,400150,en,homemaker,2018-12-28,FULL,LOW
C001252,Suresh Banerjee,M,1985-02-14,41,+91 51121 12442,suresh.banerjee86@example.com,Mumbai,Maharashtra,400097,hinglish,salaried,2021-08-01,FULL,MEDIUM
C001253,Ashok Patil,M,1992-12-09,33,+91 52444 67032,ashok.patil83@example.com,Mumbai,Maharashtra,400926,hi,salaried,2020-08-10,FULL,LOW
C001254,Karthik Verma,M,1988-03-19,38,+91 51534 39269,karthik_verm53@example.com,Ahmedabad,Gujarat,380325,hinglish,salaried,2022-10-26,FULL,LOW
C001255,Venkat Agarwal,M,2006-12-07,19,+91 58338 32378,venkat_agar46@example.com,Mumbai,Maharashtra,400831,mr,salaried,2025-10-29,FULL,LOW
C001256,Bhavana Salunkhe,F,1975-08-10,51,+91 58425 28517,bhavana_salu54@example.com,Pune,Maharashtra,411875,hi,salaried,2018-12-13,FULL,LOW
C001257,Jyoti Deshmukh,F,1972-05-04,54,+91 51217 45739,jyoti.deshm67@example.com,Thane,Maharashtra,400941,hinglish,self_employed,2014-07-03,FULL,LOW
C001258,Kavita Gaikwad,F,1989-12-13,36,+91 54481 87244,kavita.gaikwad77@example.com,Pune,Maharashtra,411230,hi,self_employed,2016-08-25,FULL,LOW
C001259,Rekha Gokhale,F,1948-07-29,78,+91 53936 17141,rekha.gokhale97@example.com,Mumbai,Maharashtra,400441,mr,senior_citizen,2019-05-26,FULL,LOW
C001260,Ganesh Apte,M,1994-03-07,32,+91 56660 46550,ganeshapte818@example.com,Nashik,Maharashtra,422107,hi,salaried,2014-07-05,FULL,LOW
C001261,Imran Bhosale,M,1994-10-23,31,+91 58600 33213,imran.bhosa92@example.com,Nagpur,Maharashtra,440779,mr,salaried,2025-09-11,FULL,LOW
C001262,Anil Gaikwad,M,1982-11-21,43,+91 56582 87554,anil.gaikwad38@example.com,Pune,Maharashtra,411066,hinglish,self_employed,2023-03-13,FULL,LOW
C001263,Divya Sawant,F,1997-07-31,29,+91 59199 24666,divya.sawant38@example.com,Indore,Madhya Pradesh,452106,hinglish,self_employed,2017-12-09,FULL,LOW
C001264,Sanjay Patil,M,1956-07-04,70,+91 51126 25267,sanjay_pati23@example.com,Pune,Maharashtra,411443,mr,senior_citizen,2022-11-03,FULL,LOW
C001265,Priya Dixit,F,1953-01-08,73,+91 59763 69032,priya.dixit89@example.com,Delhi,Delhi,110152,hinglish,senior_citizen,2023-05-18,FULL,LOW
C001266,Harish Kadam,M,1996-07-06,30,+91 59063 17516,harishkadam307@example.com,Jaipur,Rajasthan,302290,hi,salaried,2021-01-23,FULL,LOW
C001267,Madhuri Naik,F,1987-09-25,39,+91 51327 44096,mnaik4941@example.com,Jaipur,Rajasthan,302463,hi,salaried,2014-05-18,RE_KYC_DUE,LOW
C001268,Girish Shinde,M,1995-11-27,30,+91 55396 77564,girish_shin89@example.com,Pune,Maharashtra,411345,mr,salaried,2018-04-21,FULL,LOW
C001269,Vikram Nair,M,1998-10-24,27,+91 53919 15347,vnair7506@example.com,Pune,Maharashtra,411093,hinglish,self_employed,2020-10-14,FULL,LOW
C001270,Deepa Kadam,F,1980-02-24,46,+91 58010 30772,dkadam5099@example.com,Indore,Madhya Pradesh,452296,hi,salaried,2015-03-30,FULL,LOW
C001271,Nandini Chavan,F,1970-03-05,56,+91 55440 17699,nandini.chava65@example.com,Indore,Madhya Pradesh,452874,hinglish,self_employed,2018-02-20,FULL,MEDIUM
C001272,Anita Naik,F,1976-02-06,50,+91 56178 43714,anita_naik85@example.com,Pune,Maharashtra,411446,en,salaried,2011-12-09,FULL,LOW
C001273,Usha Sheikh,F,1985-09-16,41,+91 52015 43415,ushasheikh731@example.com,Mumbai,Maharashtra,400857,mr,salaried,2018-05-01,FULL,LOW
C001274,Girish Sharma,M,1989-08-13,37,+91 59955 73957,gsharma88@example.com,Bengaluru,Karnataka,560115,hinglish,self_employed,2016-02-04,FULL,LOW
C001275,Lata Wagh,F,1967-10-30,58,+91 50599 84726,latawagh888@example.com,Pune,Maharashtra,411026,hinglish,business,2020-04-14,FULL,MEDIUM
C001276,Harish Reddy,M,1954-03-28,72,+91 59434 29935,harish.reddy81@example.com,Thane,Maharashtra,400022,mr,senior_citizen,2022-02-26,FULL,LOW
C001277,Nitin Bhosale,M,1948-05-30,78,+91 55237 75808,nitinbhosale630@example.com,Pune,Maharashtra,411235,hinglish,senior_citizen,2025-02-20,FULL,LOW
C001278,Mahesh Banerjee,M,1960-09-28,65,+91 57000 47329,mahesh.banerjee55@example.com,Mumbai,Maharashtra,400806,hinglish,senior_citizen,2013-04-27,FULL,LOW
C001279,Farah Mane,F,1982-12-23,43,+91 55632 75389,farahmane942@example.com,Thane,Maharashtra,400849,hinglish,salaried,2024-07-20,FULL,LOW
C001280,Sneha Desai,F,1994-12-17,31,+91 52731 01800,snehadesai554@example.com,Mumbai,Maharashtra,400076,mr,salaried,2015-03-01,FULL,LOW
C001281,Anjali Rao,F,1991-04-18,35,+91 59612 60434,anjali_rao33@example.com,Mumbai,Maharashtra,400603,hi,salaried,2012-02-12,FULL,MEDIUM
C001282,Rupali Verma,F,1955-08-30,71,+91 50942 79503,rupaliverma869@example.com,Pune,Maharashtra,411705,mr,senior_citizen,2025-04-30,FULL,LOW
C001283,Archana Pawar,F,1974-06-01,52,+91 50044 16629,archana.pawar80@example.com,Pune,Maharashtra,411400,en,homemaker,2012-12-28,RE_KYC_DUE,LOW
C001284,Dinesh Shinde,M,2000-01-11,26,+91 54761 38102,dinesh_shin44@example.com,Pune,Maharashtra,411258,hinglish,salaried,2025-09-28,RE_KYC_DUE,LOW
C001285,Madhuri Pawar,F,1976-11-20,49,+91 51787 86830,madhuri.pawar12@example.com,Pune,Maharashtra,411413,hi,salaried,2025-05-27,FULL,LOW
C001286,Asha Thakur,F,1973-11-15,52,+91 57568 98061,asha.thakur41@example.com,Mumbai,Maharashtra,400504,hinglish,salaried,2022-04-13,FULL,LOW
C001287,Lakshmi Bhosale,F,1969-05-20,57,+91 53535 28668,lakshmi_bhos57@example.com,Delhi,Delhi,110175,en,salaried,2019-06-10,FULL,LOW
C001288,Chinmay Banerjee,M,1999-05-31,27,+91 50538 95862,chinmaybanerjee973@example.com,Thane,Maharashtra,400145,en,salaried,2021-07-04,FULL,MEDIUM
C001289,Dinesh Banerjee,M,1993-07-10,33,+91 55172 58153,dineshbanerjee806@example.com,Ahmedabad,Gujarat,380451,hinglish,salaried,2023-07-04,FULL,LOW
C001290,Sana Mane,F,1975-01-02,51,+91 58162 66978,smane2933@example.com,Pune,Maharashtra,411826,mr,salaried,2019-10-26,FULL,LOW
C001291,Aditya Kale,M,1990-11-28,35,+91 57049 74051,adityakale846@example.com,Pune,Maharashtra,411965,hinglish,self_employed,2022-03-28,FULL,LOW
C001292,Venkat Dixit,M,1997-01-16,29,+91 54925 72552,vdixit1759@example.com,Ahmedabad,Gujarat,380100,hinglish,business,2022-07-10,FULL,MEDIUM
C001293,Lata Kale,F,1987-01-10,39,+91 56552 98781,lata.kale30@example.com,Pune,Maharashtra,411738,hinglish,salaried,2022-09-19,FULL,LOW
C001294,Ganesh Rao,M,1997-08-20,29,+91 59156 14445,ganesh.rao10@example.com,Mumbai,Maharashtra,400247,mr,salaried,2018-11-02,FULL,LOW
C001295,Smita Nair,F,1989-09-01,37,+91 53095 56605,smita.nair70@example.com,Mumbai,Maharashtra,400063,en,homemaker,2022-01-08,FULL,LOW
C001296,Sayali Sawant,F,1988-10-21,37,+91 53601 88023,sayali.sawan60@example.com,Bengaluru,Karnataka,560794,hinglish,salaried,2015-02-14,FULL,LOW
C001297,Suresh Apte,M,1949-10-17,76,+91 54264 32979,suresh.apte51@example.com,Pune,Maharashtra,411228,hinglish,senior_citizen,2026-03-09,FULL,LOW
C001298,Ananya Joshi,F,1948-05-05,78,+91 50786 65274,ananya.joshi49@example.com,Pune,Maharashtra,411193,mr,senior_citizen,2015-03-23,FULL,LOW
C001299,Amit Banerjee,M,1998-03-04,28,+91 58862 51272,amitbanerjee799@example.com,Pune,Maharashtra,411687,hinglish,salaried,2025-01-27,FULL,LOW
C001300,Omkar Gokhale,M,1989-09-07,37,+91 54122 41198,omkar.gokhale35@example.com,Thane,Maharashtra,400224,mr,salaried,2022-08-11,FULL,LOW
C001301,Seema Banerjee,F,2004-06-29,22,+91 57094 79705,seemabanerjee159@example.com,Nagpur,Maharashtra,440702,en,salaried,2025-08-04,FULL,LOW
C001302,Vaishali Deshmukh,F,1983-05-27,43,+91 54731 19095,vaishali.deshm14@example.com,Thane,Maharashtra,400205,mr,salaried,2023-03-04,FULL,LOW
C001303,Sanjay Patil,M,1996-06-10,30,+91 57580 20409,sanjay.patil92@example.com,Pune,Maharashtra,411694,hinglish,salaried,2022-05-20,RE_KYC_DUE,LOW
C001304,Prakash Reddy,M,1995-01-18,31,+91 55064 82769,preddy7114@example.com,Delhi,Delhi,110773,en,salaried,2014-02-23,RE_KYC_DUE,MEDIUM
C001305,Aarti Dixit,F,1989-08-16,37,+91 51523 48335,aarti_dixi94@example.com,Ahmedabad,Gujarat,380808,en,homemaker,2023-11-30,FULL,LOW
C001306,Deepak Menon,M,2005-12-25,20,+91 53417 72044,deepak.menon71@example.com,Pune,Maharashtra,411233,hinglish,salaried,2025-11-11,MIN_KYC,LOW
C001307,Ajay Kale,M,1984-09-28,41,+91 52006 18327,ajay_kale41@example.com,Bengaluru,Karnataka,560628,hinglish,salaried,2025-08-28,FULL,LOW
C001308,Parag Kulkarni,M,1990-11-03,35,+91 57351 68038,pkulkarni487@example.com,Mumbai,Maharashtra,400854,en,self_employed,2025-09-24,FULL,LOW
C001309,Shalini Kamat,F,1995-01-07,31,+91 55385 50804,shalinikamat733@example.com,Nagpur,Maharashtra,440353,mr,salaried,2017-02-28,FULL,LOW
C001310,Sneha Pawar,F,1988-10-24,37,+91 55537 35059,sneha.pawar39@example.com,Pune,Maharashtra,411518,en,salaried,2018-11-27,RE_KYC_DUE,LOW
C001311,Radha Sheikh,F,1999-07-14,27,+91 50744 12138,radha_shei60@example.com,Bengaluru,Karnataka,560272,hinglish,self_employed,2020-03-06,FULL,LOW
C001312,Pranav Tiwari,M,1989-07-05,37,+91 58656 61050,pranav_tiwa60@example.com,Jaipur,Rajasthan,302986,hinglish,salaried,2017-01-30,FULL,MEDIUM
C001313,Prakash Sharma,M,1997-04-08,29,+91 52474 36830,psharma3708@example.com,Mumbai,Maharashtra,400405,mr,salaried,2025-05-09,FULL,LOW
C001314,Mangesh Thakur,M,1988-07-01,38,+91 50891 47988,mangesh.thakur88@example.com,Mumbai,Maharashtra,400152,mr,salaried,2023-11-11,FULL,MEDIUM
C001315,Ashok Sawant,M,1990-04-02,36,+91 52594 93893,ashok.sawan80@example.com,Pune,Maharashtra,411552,hinglish,salaried,2014-07-11,FULL,LOW
C001316,Komal Dixit,F,1954-02-09,72,+91 59760 53601,komal.dixit80@example.com,Delhi,Delhi,110312,hi,senior_citizen,2015-11-03,RE_KYC_DUE,LOW
C001317,Kunal Gupta,M,1994-09-24,32,+91 50419 22531,kunalgupta882@example.com,Mumbai,Maharashtra,400788,hinglish,salaried,2012-11-09,FULL,HIGH
C001318,Pallavi Gokhale,F,1980-03-10,46,+91 56249 78193,pallavi.gokha54@example.com,Bengaluru,Karnataka,560473,hinglish,salaried,2018-05-07,FULL,MEDIUM
C001319,Rajesh Tiwari,M,2000-06-03,26,+91 53574 46429,rajesh.tiwar45@example.com,Pune,Maharashtra,411513,hinglish,salaried,2018-10-14,FULL,MEDIUM
C001320,Kunal Kulkarni,M,1985-10-24,40,+91 51472 84202,kunalkulkarni643@example.com,Indore,Madhya Pradesh,452414,hinglish,salaried,2015-02-28,FULL,MEDIUM
C001321,Pallavi Kulkarni,F,1956-12-23,69,+91 57626 37265,pallavi.kulka45@example.com,Thane,Maharashtra,400122,en,senior_citizen,2020-08-12,FULL,LOW
C001322,Siddharth Wagh,M,1992-05-10,34,+91 55179 41760,swagh236@example.com,Nashik,Maharashtra,422848,mr,salaried,2014-01-29,RE_KYC_DUE,LOW
C001323,Rohit Choudhary,M,1996-05-28,30,+91 54298 61361,rohit.choud32@example.com,Nagpur,Maharashtra,440381,en,business,2018-09-17,FULL,LOW
C001324,Karthik Bhosale,M,1987-08-07,39,+91 54724 68627,karthik.bhosale30@example.com,Delhi,Delhi,110915,hi,salaried,2019-12-11,FULL,MEDIUM
C001325,Ganesh Khan,M,1984-06-06,42,+91 52516 55832,ganesh_khan53@example.com,Pune,Maharashtra,411891,hinglish,self_employed,2019-06-28,FULL,LOW
C001326,Rohit Nair,M,1954-05-10,72,+91 55281 38907,rohit.nair95@example.com,Mumbai,Maharashtra,400403,en,senior_citizen,2015-03-08,RE_KYC_DUE,LOW
C001327,Lata Naik,F,1995-01-27,31,+91 55830 71787,lnaik4611@example.com,Nashik,Maharashtra,422223,mr,salaried,2015-02-28,FULL,LOW
C001328,Asha Tiwari,F,1956-05-21,70,+91 54327 05632,atiwari6918@example.com,Pune,Maharashtra,411942,mr,senior_citizen,2012-10-04,RE_KYC_DUE,LOW
C001329,Nitin Deshpande,M,1973-09-11,53,+91 54969 92130,ndeshpande1134@example.com,Nashik,Maharashtra,422218,mr,salaried,2017-05-10,FULL,LOW
C001330,Tushar Tiwari,M,1995-11-21,30,+91 56561 44572,tushar_tiwa74@example.com,Mumbai,Maharashtra,400695,hinglish,salaried,2023-09-25,RE_KYC_DUE,LOW
C001331,Nitin Gaikwad,M,1991-06-28,35,+91 55036 84257,nitin.gaikw18@example.com,Nagpur,Maharashtra,440917,hi,salaried,2017-04-16,RE_KYC_DUE,LOW
C001332,Zoya Wagh,F,1971-01-30,55,+91 57689 50096,zoya.wagh93@example.com,Jaipur,Rajasthan,302856,hi,salaried,2012-06-26,FULL,LOW
C001333,Sneha Yadav,F,1989-01-11,37,+91 54523 43851,snehayadav701@example.com,Hyderabad,Telangana,500663,hinglish,salaried,2013-06-02,FULL,LOW
C001334,Radha Chavan,F,2008-01-18,18,+91 58888 33938,rchavan2518@example.com,Nashik,Maharashtra,422899,mr,student,2026-02-13,FULL,LOW
C001335,Bhavana Chavan,F,1993-09-28,32,+91 50700 30707,bhavana.chava72@example.com,Pune,Maharashtra,411513,mr,salaried,2013-01-14,RE_KYC_DUE,LOW
C001336,Manoj Rao,M,1988-07-06,38,+91 50218 35375,manoj.rao15@example.com,Mumbai,Maharashtra,400776,mr,business,2012-12-17,FULL,LOW
C001337,Manisha Iyer,F,1975-01-15,51,+91 52964 02442,manisha.iyer61@example.com,Ahmedabad,Gujarat,380455,en,homemaker,2024-08-12,FULL,LOW
C001338,Mrunal Apte,F,1962-03-10,64,+91 54107 91614,mrunal_apte99@example.com,Pune,Maharashtra,411043,hinglish,senior_citizen,2023-01-20,FULL,MEDIUM
C001339,Deepa Naidu,F,1976-04-22,50,+91 53145 67049,deepanaidu310@example.com,Mumbai,Maharashtra,400969,hi,business,2017-06-12,RE_KYC_DUE,MEDIUM
C001340,Ganesh Wagh,M,1993-10-31,32,+91 54191 96425,ganesh_wagh25@example.com,Mumbai,Maharashtra,400909,hinglish,salaried,2014-04-18,RE_KYC_DUE,LOW
C001341,Suresh Deshpande,M,1988-02-10,38,+91 54531 76333,suresh.deshpande58@example.com,Indore,Madhya Pradesh,452666,hi,salaried,2011-11-23,FULL,LOW
C001342,Anjali Bhatt,F,1952-07-20,74,+91 57446 39761,anjali.bhatt56@example.com,Hyderabad,Telangana,500926,hinglish,senior_citizen,2020-03-18,FULL,LOW
C001343,Ramesh Naidu,M,1952-04-11,74,+91 58883 89574,rameshnaidu387@example.com,Pune,Maharashtra,411122,hinglish,senior_citizen,2018-10-25,FULL,LOW
C001344,Sanjay Jadhav,M,1977-07-26,49,+91 58979 38647,sanjayjadhav202@example.com,Mumbai,Maharashtra,400760,mr,salaried,2019-11-15,FULL,HIGH
C001345,Pranav Mishra,M,1966-12-03,59,+91 58882 66591,pranav_mish47@example.com,Thane,Maharashtra,400047,mr,salaried,2020-05-24,FULL,MEDIUM
C001346,Sunil More,M,1943-12-05,82,+91 52398 31903,sunil.more63@example.com,Hyderabad,Telangana,500201,hinglish,senior_citizen,2015-07-03,FULL,LOW
C001347,Omkar Kulkarni,M,1966-03-26,60,+91 53119 94338,omkar.kulka55@example.com,Jaipur,Rajasthan,302521,hinglish,senior_citizen,2015-11-28,RE_KYC_DUE,LOW
C001348,Ashok Kulkarni,M,1967-03-22,59,+91 51176 79973,akulkarni6281@example.com,Nashik,Maharashtra,422143,mr,salaried,2021-06-16,RE_KYC_DUE,LOW
C001349,Omkar Naik,M,1972-11-20,53,+91 54262 75586,omkar.naik57@example.com,Delhi,Delhi,110598,hi,business,2018-11-17,FULL,MEDIUM
C001350,Ajay Menon,M,1949-05-05,77,+91 56577 18524,ajay.menon20@example.com,Thane,Maharashtra,400463,hinglish,senior_citizen,2025-06-27,FULL,LOW
C001351,Manoj Banerjee,M,1994-06-03,32,+91 50670 06815,manoj.baner49@example.com,Mumbai,Maharashtra,400290,mr,salaried,2014-02-08,RE_KYC_DUE,LOW
C001352,Mahesh Gokhale,M,1984-12-06,41,+91 56741 20136,mahesh.gokhale95@example.com,Thane,Maharashtra,400682,hinglish,salaried,2016-10-18,FULL,LOW
C001353,Vijay Pandey,M,1995-11-22,30,+91 56161 87348,vijay.pande21@example.com,Delhi,Delhi,110537,hinglish,salaried,2024-06-11,FULL,LOW
C001354,Tejaswini Gokhale,F,1941-11-04,84,+91 55748 63407,tejaswini.gokha97@example.com,Thane,Maharashtra,400209,en,senior_citizen,2022-12-02,RE_KYC_DUE,LOW
C001355,Rekha Nair,F,1995-06-14,31,+91 59296 55099,rekha.nair49@example.com,Pune,Maharashtra,411716,en,homemaker,2017-07-03,FULL,LOW
C001356,Omkar Desai,M,1958-03-22,68,+91 51720 23151,omkar.desai56@example.com,Nagpur,Maharashtra,440931,mr,senior_citizen,2020-04-28,FULL,LOW
C001357,Vaishali Mishra,F,1974-08-14,52,+91 55291 23713,vaishali.mishra37@example.com,Mumbai,Maharashtra,400008,mr,salaried,2024-01-20,FULL,MEDIUM
C001358,Aditya Gupta,M,1982-08-13,44,+91 55851 35615,adityagupta647@example.com,Nagpur,Maharashtra,440497,hi,salaried,2023-11-17,FULL,LOW
C001359,Vandana Bhosale,F,1988-03-05,38,+91 55113 21583,vandana_bhos22@example.com,Mumbai,Maharashtra,400144,hi,business,2021-04-24,FULL,MEDIUM
C001360,Priya Deshmukh,F,1996-08-15,30,+91 57245 34464,priya_desh18@example.com,Pune,Maharashtra,411481,en,salaried,2014-11-07,FULL,LOW
C001361,Sana Sharma,F,2004-10-27,21,+91 54670 47642,sanasharma368@example.com,Jaipur,Rajasthan,302999,hi,salaried,2023-06-25,FULL,HIGH
C001362,Aditya Kale,M,1995-10-27,30,+91 58880 38973,akale3017@example.com,Mumbai,Maharashtra,400880,hi,salaried,2025-08-20,FULL,LOW
C001363,Sana Gokhale,F,1969-03-22,57,+91 51663 75874,sanagokhale925@example.com,Mumbai,Maharashtra,400180,en,salaried,2023-05-10,FULL,LOW
C001364,Divya Yadav,F,2003-11-30,22,+91 54782 14888,divya.yadav15@example.com,Pune,Maharashtra,411581,mr,salaried,2025-07-07,FULL,LOW
C001365,Jyoti Salunkhe,F,1999-12-14,26,+91 52845 19923,jyoti.salunkhe32@example.com,Hyderabad,Telangana,500838,hinglish,salaried,2022-07-20,FULL,LOW
C001366,Revati Gupta,F,1988-01-20,38,+91 50701 46105,revatigupta780@example.com,Mumbai,Maharashtra,400166,en,salaried,2017-09-24,FULL,LOW
C001367,Harleen Menon,F,1997-10-26,28,+91 52520 95459,hmenon8608@example.com,Pune,Maharashtra,411787,hi,salaried,2021-09-15,FULL,LOW
C001368,Suresh Patil,M,1987-11-07,38,+91 54172 04758,sureshpatil849@example.com,Hyderabad,Telangana,500551,en,salaried,2013-06-06,FULL,LOW
C001369,Sunita Apte,F,2004-05-10,22,+91 52863 17621,sunita.apte38@example.com,Nagpur,Maharashtra,440127,en,salaried,2024-01-23,FULL,LOW
C001370,Mahesh Rao,M,1969-03-01,57,+91 51150 99880,mahesh_rao91@example.com,Bengaluru,Karnataka,560177,en,salaried,2015-06-25,FULL,LOW
C001371,Tejaswini Sheikh,F,1963-11-10,62,+91 52481 70253,tejaswini.sheik82@example.com,Thane,Maharashtra,400597,hinglish,senior_citizen,2025-02-15,FULL,LOW
C001372,Joseph Gupta,M,2001-06-07,25,+91 52695 33007,joseph.gupta90@example.com,Jaipur,Rajasthan,302600,hinglish,salaried,2022-07-30,FULL,LOW
C001373,Anita Choudhary,F,1999-09-07,27,+91 52048 69211,anita.choudhary81@example.com,Lucknow,Uttar Pradesh,226667,hinglish,homemaker,2020-05-17,FULL,LOW
C001374,Aditya Jadhav,M,1943-03-20,83,+91 58758 70842,aditya.jadha47@example.com,Pune,Maharashtra,411862,hinglish,senior_citizen,2022-04-22,FULL,LOW
C001375,Swati Gaikwad,F,2001-08-13,25,+91 57358 82628,swatigaikwad576@example.com,Pune,Maharashtra,411527,hi,homemaker,2021-10-21,FULL,LOW
C001376,Shweta Apte,F,1944-02-08,82,+91 57183 07932,shweta.apte55@example.com,Mumbai,Maharashtra,400275,mr,senior_citizen,2022-06-06,FULL,LOW
C001377,Nitin Yadav,M,1965-08-24,61,+91 51428 77760,nyadav2592@example.com,Indore,Madhya Pradesh,452536,hi,senior_citizen,2025-12-03,FULL,MEDIUM
C001378,Shalini Pandey,F,1956-12-06,69,+91 59428 19421,shalini.pande59@example.com,Pune,Maharashtra,411201,hinglish,senior_citizen,2021-03-28,FULL,LOW
C001379,Imran Rao,M,1961-09-14,65,+91 50996 84097,irao3062@example.com,Nashik,Maharashtra,422042,hi,senior_citizen,2012-01-26,FULL,LOW
C001380,Deepa Mehta,F,2000-07-10,26,+91 53468 63322,deepamehta254@example.com,Pune,Maharashtra,411313,hi,homemaker,2024-04-30,FULL,MEDIUM
C001381,Usha Khan,F,1991-05-16,35,+91 52578 14867,usha.khan54@example.com,Mumbai,Maharashtra,400817,en,salaried,2013-08-13,RE_KYC_DUE,LOW
C001382,Omkar Tiwari,M,1951-04-08,75,+91 51763 16188,omkar.tiwari68@example.com,Ahmedabad,Gujarat,380984,hinglish,senior_citizen,2023-12-13,FULL,LOW
C001383,Rajesh Gupta,M,2001-09-11,25,+91 57204 61191,rajesh_gupt75@example.com,Nagpur,Maharashtra,440823,en,self_employed,2026-03-07,MIN_KYC,HIGH
C001384,Priya Rao,F,1994-12-12,31,+91 51175 12149,priya.rao82@example.com,Mumbai,Maharashtra,400979,hinglish,self_employed,2019-06-26,FULL,LOW
C001385,Parag Desai,M,1979-07-20,47,+91 55347 95811,pdesai2443@example.com,Pune,Maharashtra,411678,mr,business,2016-04-11,FULL,LOW
C001386,Sarita Kulkarni,F,1949-10-16,76,+91 51488 13664,skulkarni8319@example.com,Hyderabad,Telangana,500426,hinglish,senior_citizen,2024-03-09,FULL,LOW
C001387,Girish Apte,M,1956-10-06,69,+91 57240 55502,girish_apte62@example.com,Mumbai,Maharashtra,400931,hi,senior_citizen,2021-07-20,FULL,LOW
C001388,Sanjay Jadhav,M,1944-01-11,82,+91 59312 22101,sanjay.jadha61@example.com,Thane,Maharashtra,400880,mr,senior_citizen,2023-03-18,FULL,MEDIUM
C001389,Gurdeep Mishra,M,1971-11-10,54,+91 58437 28626,gurdeepmishra962@example.com,Ahmedabad,Gujarat,380500,hinglish,salaried,2014-09-05,FULL,MEDIUM
C001390,Meena Nair,F,1999-10-29,26,+91 56757 59259,meena.nair95@example.com,Bengaluru,Karnataka,560031,en,salaried,2022-12-25,FULL,LOW
C001391,Pooja Tiwari,F,1945-08-11,81,+91 56943 86777,pooja.tiwar63@example.com,Pune,Maharashtra,411683,hi,senior_citizen,2026-01-11,FULL,LOW
C001392,Omkar Choudhary,M,1983-09-14,43,+91 58959 15160,omkar.choud28@example.com,Pune,Maharashtra,411137,hi,salaried,2015-06-03,FULL,LOW
C001393,Lata Shah,F,1988-08-12,38,+91 53664 43420,lata.shah43@example.com,Pune,Maharashtra,411697,hi,salaried,2022-11-09,FULL,LOW
C001394,Ananya Verma,F,1974-04-15,52,+91 58022 94291,ananya.verma16@example.com,Mumbai,Maharashtra,400268,hinglish,salaried,2013-05-31,RE_KYC_DUE,MEDIUM
C001395,Bhavana Mane,F,1945-01-27,81,+91 52343 76362,bhavana_mane16@example.com,Pune,Maharashtra,411911,en,senior_citizen,2025-06-27,FULL,LOW
C001396,Kunal Kale,M,2002-01-04,24,+91 55072 17563,kunal.kale97@example.com,Pune,Maharashtra,411958,hinglish,student,2025-07-17,MIN_KYC,LOW
C001397,Harish Nair,M,1994-06-28,32,+91 54274 37751,harishnair716@example.com,Ahmedabad,Gujarat,380791,en,salaried,2015-01-20,FULL,MEDIUM
C001398,Hemant Agarwal,M,1976-11-13,49,+91 56943 30757,hemant.agarw41@example.com,Mumbai,Maharashtra,400593,mr,self_employed,2023-11-20,FULL,LOW
C001399,Aarti Kale,F,1944-01-28,82,+91 59501 28401,akale919@example.com,Pune,Maharashtra,411951,hinglish,senior_citizen,2014-04-09,FULL,LOW
C001400,Usha Thakur,F,1984-12-15,41,+91 50144 84471,usha_thak19@example.com,Hyderabad,Telangana,500649,hinglish,salaried,2020-10-12,RE_KYC_DUE,LOW
C001401,Sana Joshi,F,1975-05-18,51,+91 55315 77669,sana.joshi25@example.com,Pune,Maharashtra,411840,hinglish,homemaker,2013-06-18,FULL,LOW
C001402,Lata Mishra,F,1955-03-14,71,+91 58623 42644,lata_mish53@example.com,Delhi,Delhi,110634,en,senior_citizen,2022-10-30,FULL,HIGH
C001403,Lakshmi Kale,F,1968-08-04,58,+91 58890 53410,lakshmi.kale91@example.com,Delhi,Delhi,110626,en,self_employed,2021-09-15,FULL,LOW
C001404,Rekha Sheikh,F,2000-11-15,25,+91 50762 24676,rsheikh3653@example.com,Pune,Maharashtra,411599,en,salaried,2022-09-02,FULL,LOW
C001405,Sagar Sawant,M,1999-04-19,27,+91 50354 03687,ssawant804@example.com,Thane,Maharashtra,400645,hinglish,salaried,2022-08-02,FULL,MEDIUM
C001406,Anil More,M,1953-03-31,73,+91 55980 64261,amore2332@example.com,Bengaluru,Karnataka,560892,hinglish,senior_citizen,2023-01-10,FULL,LOW
C001407,Amit Banerjee,M,1976-06-19,50,+91 57140 00246,amitbanerjee246@example.com,Lucknow,Uttar Pradesh,226584,hinglish,salaried,2012-06-29,RE_KYC_DUE,LOW
C001408,Ananya Pandey,F,1976-09-09,50,+91 51165 59307,ananya.pande77@example.com,Pune,Maharashtra,411607,hinglish,self_employed,2018-11-11,FULL,LOW
C001409,Manoj Shinde,M,1951-03-13,75,+91 53098 47522,manoj.shinde51@example.com,Ahmedabad,Gujarat,380522,hinglish,senior_citizen,2021-07-09,FULL,LOW
C001410,Swati Khan,F,1989-10-23,36,+91 56847 16312,swatikhan86@example.com,Mumbai,Maharashtra,400716,en,self_employed,2014-12-17,RE_KYC_DUE,LOW
C001411,Farah Salunkhe,F,1970-07-23,56,+91 55238 93314,farah.salun65@example.com,Thane,Maharashtra,400043,mr,business,2021-08-22,FULL,LOW
C001412,Rajesh Sharma,M,2002-05-07,24,+91 52199 49289,rajesh.sharma48@example.com,Pune,Maharashtra,411642,en,salaried,2022-07-17,FULL,LOW
C001413,Anthony Apte,M,1993-04-18,33,+91 52595 32002,anthonyapte403@example.com,Mumbai,Maharashtra,400603,hi,self_employed,2024-09-06,FULL,LOW
C001414,Nisha Kale,F,1985-08-19,41,+91 57284 55871,nkale8952@example.com,Pune,Maharashtra,411863,mr,business,2023-09-07,FULL,MEDIUM
C001415,Sagar More,M,1994-09-01,32,+91 50337 93403,sagar.more71@example.com,Pune,Maharashtra,411446,hi,salaried,2024-02-09,FULL,LOW
C001416,Gurdeep Rao,M,1960-10-25,65,+91 51339 29849,gurdeep.rao14@example.com,Mumbai,Maharashtra,400411,mr,senior_citizen,2019-03-10,FULL,LOW
C001417,Nisha Mane,F,1986-12-18,39,+91 57235 91188,nmane1429@example.com,Nagpur,Maharashtra,440219,en,salaried,2015-05-27,FULL,LOW
C001418,Chinmay Pandey,M,1988-03-27,38,+91 57093 24411,chinmay.pande87@example.com,Pune,Maharashtra,411262,en,business,2014-04-21,FULL,MEDIUM
C001419,Sarita Shinde,F,1995-11-21,30,+91 56645 88995,sarita_shin92@example.com,Mumbai,Maharashtra,400605,mr,business,2022-01-05,FULL,MEDIUM
C001420,Gurpreet Shinde,F,1979-12-27,46,+91 55450 90559,gurpreet.shinde89@example.com,Pune,Maharashtra,411893,hinglish,business,2022-12-23,FULL,LOW
C001421,Siddharth Jadhav,M,1992-06-09,34,+91 58076 39386,siddharth.jadhav73@example.com,Hyderabad,Telangana,500011,en,salaried,2021-04-28,FULL,LOW
C001422,Smita Das,F,1995-12-20,30,+91 55787 24281,smitadas495@example.com,Delhi,Delhi,110988,hi,salaried,2022-06-09,FULL,LOW
C001423,Rekha Nair,F,1999-05-10,27,+91 50906 92011,rnair924@example.com,Pune,Maharashtra,411901,mr,salaried,2022-03-23,FULL,LOW
C001424,Ishita Nair,F,1986-11-28,39,+91 55451 30954,ishita.nair29@example.com,Mumbai,Maharashtra,400674,mr,self_employed,2022-09-10,FULL,MEDIUM
C001425,Tushar Bhatt,M,1983-09-19,43,+91 51894 01535,tushar_bhat76@example.com,Indore,Madhya Pradesh,452862,hinglish,self_employed,2025-02-07,FULL,LOW
C001426,Aarti Pillai,F,2002-11-22,23,+91 57453 44178,aarti_pill78@example.com,Indore,Madhya Pradesh,452739,hinglish,salaried,2026-01-27,FULL,MEDIUM
C001427,Anthony Mehta,M,1995-09-15,31,+91 50942 32436,anthony.mehta87@example.com,Pune,Maharashtra,411320,mr,salaried,2016-03-01,FULL,LOW
C001428,Shweta Kamat,F,1956-12-23,69,+91 59758 01904,shweta_kama92@example.com,Pune,Maharashtra,411112,hinglish,senior_citizen,2015-12-30,FULL,LOW
C001429,Sanjay Pawar,M,1974-03-01,52,+91 57345 31262,sanjay.pawar78@example.com,Thane,Maharashtra,400586,mr,salaried,2012-05-24,FULL,LOW
C001430,Deepak Naik,M,2006-07-27,20,+91 50350 44903,deepak.naik38@example.com,Indore,Madhya Pradesh,452992,hi,student,2025-02-07,FULL,HIGH
C001431,Pranav Iyer,M,1994-10-01,31,+91 54752 08039,piyer519@example.com,Lucknow,Uttar Pradesh,226670,hinglish,self_employed,2017-10-07,FULL,MEDIUM
C001432,Rohit Pillai,M,1989-02-01,37,+91 50378 91670,rohit.pillai96@example.com,Mumbai,Maharashtra,400174,en,salaried,2019-02-18,FULL,LOW
C001433,Vaishali Gaikwad,F,1986-03-04,40,+91 50428 66778,vaishali.gaikw21@example.com,Hyderabad,Telangana,500617,hinglish,salaried,2023-02-15,FULL,LOW
C001434,Amit Agarwal,M,1956-07-28,70,+91 59764 46896,aagarwal6560@example.com,Pune,Maharashtra,411224,mr,senior_citizen,2021-08-20,FULL,MEDIUM
C001435,Sneha Das,F,1961-05-19,65,+91 57845 75899,sneha_das41@example.com,Pune,Maharashtra,411360,hi,senior_citizen,2018-09-29,FULL,LOW
C001436,Aniket Bhatt,M,2001-06-02,25,+91 51962 63564,aniket.bhatt78@example.com,Bengaluru,Karnataka,560300,en,self_employed,2023-01-17,FULL,LOW
C001437,Harish Choudhary,M,1953-03-20,73,+91 58221 92783,hchoudhary2389@example.com,Nagpur,Maharashtra,440535,en,senior_citizen,2024-04-28,FULL,LOW
C001438,Vandana Pandey,F,1983-04-20,43,+91 54798 35735,vpandey8715@example.com,Hyderabad,Telangana,500660,en,salaried,2011-12-18,FULL,LOW
C001439,Gurpreet Patil,F,1992-06-26,34,+91 56618 26420,gurpreet.patil29@example.com,Pune,Maharashtra,411473,hi,self_employed,2022-03-14,FULL,LOW
C001440,Anthony Singh,M,1971-08-28,55,+91 59009 61030,asingh6986@example.com,Pune,Maharashtra,411448,en,salaried,2014-09-01,FULL,LOW
C001441,Zoya Thakur,F,2001-03-27,25,+91 54980 24444,zoya.thaku81@example.com,Thane,Maharashtra,400568,mr,homemaker,2022-01-12,RE_KYC_DUE,LOW
C001442,Chinmay Naik,M,1999-09-04,27,+91 57781 47803,cnaik6460@example.com,Nagpur,Maharashtra,440482,mr,salaried,2025-08-06,FULL,LOW
C001443,Priya Verma,F,1971-09-24,55,+91 56523 71214,priya_verm27@example.com,Mumbai,Maharashtra,400513,hi,self_employed,2024-08-27,FULL,LOW
C001444,Sanjay Jadhav,M,1991-08-16,35,+91 59388 02910,sanjay_jadh79@example.com,Pune,Maharashtra,411012,hi,salaried,2021-08-04,FULL,LOW
C001445,Sarita Shah,F,1973-08-07,53,+91 53526 54492,sarita.shah50@example.com,Nashik,Maharashtra,422011,hi,salaried,2022-11-12,FULL,MEDIUM
C001446,Smita Apte,F,2006-10-17,19,+91 59771 72543,smita_apte73@example.com,Mumbai,Maharashtra,400957,hinglish,student,2026-01-10,FULL,LOW
C001447,Harpreet Sawant,M,1997-03-30,29,+91 56442 95568,harpreetsawant712@example.com,Delhi,Delhi,110034,hi,salaried,2022-08-16,FULL,LOW
C001448,Imran Deshpande,M,1971-12-24,54,+91 58772 11104,imran.deshpande59@example.com,Pune,Maharashtra,411976,hi,business,2021-11-02,FULL,MEDIUM
C001449,Vijay Desai,M,1953-05-03,73,+91 54754 10110,vijay.desai59@example.com,Pune,Maharashtra,411732,mr,senior_citizen,2018-03-02,FULL,MEDIUM
C001450,Pranav Sawant,M,1979-02-23,47,+91 52451 18583,pranav.sawan10@example.com,Thane,Maharashtra,400880,hinglish,salaried,2025-03-23,FULL,LOW
C001451,Sayali Gupta,F,1992-03-19,34,+91 56318 85527,sayali.gupta22@example.com,Mumbai,Maharashtra,400886,en,salaried,2014-01-06,RE_KYC_DUE,MEDIUM
C001452,Rohit Deshmukh,M,1997-09-09,29,+91 53902 14107,rohitdeshmukh208@example.com,Jaipur,Rajasthan,302852,hi,salaried,2016-09-23,RE_KYC_DUE,LOW
C001453,Sarita Deshmukh,F,1983-11-06,42,+91 58782 18011,sarita.deshmukh49@example.com,Pune,Maharashtra,411924,en,salaried,2024-12-28,FULL,LOW
C001454,Kavita Menon,F,1998-05-29,28,+91 52129 38685,kavita.menon86@example.com,Nagpur,Maharashtra,440909,en,salaried,2021-04-14,FULL,LOW
C001455,Sagar Chavan,M,1980-10-09,45,+91 57182 37487,sagar_chav16@example.com,Delhi,Delhi,110809,hinglish,salaried,2020-12-04,FULL,MEDIUM
C001456,Zoya Pawar,F,2001-02-03,25,+91 53801 06806,zoyapawar934@example.com,Mumbai,Maharashtra,400384,mr,salaried,2019-07-05,FULL,LOW
C001457,Faisal Kadam,M,1984-04-02,42,+91 53864 15877,faisal.kadam68@example.com,Lucknow,Uttar Pradesh,226194,hinglish,salaried,2019-08-30,FULL,MEDIUM
C001458,Siddharth Rao,M,1969-12-14,56,+91 58496 51736,siddharthrao296@example.com,Indore,Madhya Pradesh,452194,hi,salaried,2023-03-04,FULL,LOW
C001459,Swapnil Deshmukh,M,1974-03-30,52,+91 55014 25958,swapnil.deshmukh39@example.com,Pune,Maharashtra,411281,hinglish,salaried,2025-06-16,FULL,LOW
C001460,Venkat Thakur,M,1998-07-15,28,+91 55264 11902,venkat.thakur16@example.com,Pune,Maharashtra,411993,en,self_employed,2020-05-15,FULL,LOW
C001461,Lakshmi Mane,F,1968-12-18,57,+91 50004 01518,lakshmimane251@example.com,Nashik,Maharashtra,422697,mr,salaried,2018-08-04,FULL,LOW
C001462,Anthony Chavan,M,1956-08-27,70,+91 51090 07938,anthony.chavan55@example.com,Hyderabad,Telangana,500437,en,senior_citizen,2017-05-06,RE_KYC_DUE,LOW
C001463,Mahesh Shah,M,1994-01-26,32,+91 53549 81583,maheshshah793@example.com,Nagpur,Maharashtra,440784,mr,salaried,2015-12-19,FULL,LOW
C001464,Joseph Rao,M,1973-09-14,53,+91 57301 14798,josephrao136@example.com,Mumbai,Maharashtra,400883,hi,self_employed,2024-11-06,FULL,LOW
C001465,Ajay Nair,M,1984-09-13,42,+91 53713 84139,ajay.nair97@example.com,Pune,Maharashtra,411207,mr,salaried,2020-08-18,FULL,LOW
C001466,Deepa Naik,F,1985-07-18,41,+91 51036 28947,deepa.naik63@example.com,Indore,Madhya Pradesh,452551,hi,salaried,2019-04-12,FULL,LOW
C001467,Neha Iyer,F,1993-05-12,33,+91 56513 61021,niyer1624@example.com,Mumbai,Maharashtra,400994,hinglish,homemaker,2020-09-23,FULL,LOW
C001468,Siddharth Naik,M,1969-06-20,57,+91 58322 02001,siddharth.naik25@example.com,Pune,Maharashtra,411933,mr,salaried,2024-06-28,FULL,LOW
C001469,Neha Singh,F,1958-09-10,68,+91 54413 48176,nehasingh54@example.com,Thane,Maharashtra,400871,mr,senior_citizen,2025-07-17,RE_KYC_DUE,LOW
C001470,Archana Salunkhe,F,2007-02-19,19,+91 52369 03011,archana.salunkhe58@example.com,Thane,Maharashtra,400959,mr,student,2025-06-06,FULL,LOW
C001471,Ashok Shah,M,1963-05-18,63,+91 52057 61446,ashok.shah43@example.com,Ahmedabad,Gujarat,380300,en,senior_citizen,2014-09-13,FULL,LOW
C001472,Mahesh Shah,M,1999-07-20,27,+91 56437 41128,maheshshah448@example.com,Pune,Maharashtra,411029,hinglish,salaried,2022-03-26,FULL,LOW
C001473,Meena Mane,F,1991-12-07,34,+91 59580 26948,meena.mane57@example.com,Hyderabad,Telangana,500959,hinglish,salaried,2024-09-24,FULL,MEDIUM
C001474,Zoya Shah,F,1984-11-07,41,+91 55043 97284,zoya.shah42@example.com,Pune,Maharashtra,411063,hinglish,homemaker,2018-03-12,FULL,MEDIUM
C001475,Deepak Pillai,M,1967-05-26,59,+91 54864 17256,deepak.pilla17@example.com,Bengaluru,Karnataka,560623,hinglish,business,2022-05-28,FULL,LOW
C001476,Karthik Yadav,M,1976-03-17,50,+91 59148 78139,karthik.yadav55@example.com,Pune,Maharashtra,411351,en,salaried,2012-05-28,FULL,LOW
C001477,Swati Dixit,F,1973-10-18,52,+91 56367 71652,swati_dixi56@example.com,Thane,Maharashtra,400472,hinglish,homemaker,2025-03-25,FULL,LOW
C001478,Bhavana Gokhale,F,1989-08-17,37,+91 53541 45069,bhavana_gokh27@example.com,Pune,Maharashtra,411388,hinglish,salaried,2019-04-08,FULL,LOW
C001479,Dinesh Tiwari,M,1997-03-12,29,+91 55728 20420,dtiwari2248@example.com,Pune,Maharashtra,411632,mr,business,2018-06-19,FULL,MEDIUM
C001480,Mrunal Yadav,F,1968-06-29,58,+91 59939 56014,mrunal.yadav19@example.com,Thane,Maharashtra,400572,en,salaried,2013-03-05,FULL,MEDIUM
C001481,Vandana Gokhale,F,1977-10-24,48,+91 59545 41821,vandanagokhale869@example.com,Jaipur,Rajasthan,302454,hinglish,self_employed,2012-08-16,FULL,LOW
C001482,Anita Kulkarni,F,1996-06-18,30,+91 57330 20466,anita.kulka22@example.com,Mumbai,Maharashtra,400102,mr,salaried,2020-04-27,FULL,LOW
C001483,Tejaswini Gupta,F,1945-05-25,81,+91 54216 27867,tgupta116@example.com,Mumbai,Maharashtra,400121,hinglish,senior_citizen,2016-12-20,FULL,LOW
C001484,Chinmay Desai,M,1956-03-21,70,+91 50313 36658,chinmay.desai53@example.com,Thane,Maharashtra,400113,en,senior_citizen,2013-01-06,FULL,LOW
C001485,Rahul More,M,1996-10-06,29,+91 53572 54823,rahul.more14@example.com,Bengaluru,Karnataka,560753,hinglish,salaried,2015-02-12,RE_KYC_DUE,LOW
C001486,Ganesh Sawant,M,2004-11-22,21,+91 58964 52387,ganesh.sawant59@example.com,Mumbai,Maharashtra,400850,hinglish,student,2023-09-11,FULL,MEDIUM
C001487,Anita Naidu,F,1980-09-04,46,+91 54952 98568,anitanaidu301@example.com,Nashik,Maharashtra,422529,hi,salaried,2023-06-29,FULL,LOW
C001488,Rohit Das,M,1993-07-25,33,+91 51635 00532,rohit.das41@example.com,Pune,Maharashtra,411965,en,salaried,2014-12-23,RE_KYC_DUE,LOW
C001489,Priya Shinde,F,1974-06-20,52,+91 59736 20839,priya.shinde58@example.com,Pune,Maharashtra,411281,en,salaried,2019-10-19,FULL,LOW
C001490,Usha Gupta,F,1995-12-10,30,+91 55459 25823,ushagupta941@example.com,Lucknow,Uttar Pradesh,226796,hi,salaried,2017-08-01,RE_KYC_DUE,LOW
C001491,Abhijit Gokhale,M,2000-12-25,25,+91 57957 07860,abhijit.gokhale89@example.com,Mumbai,Maharashtra,400215,en,business,2025-02-07,FULL,LOW
C001492,Ishita Agarwal,F,1998-01-10,28,+91 52704 86169,ishitaagarwal562@example.com,Lucknow,Uttar Pradesh,226666,hinglish,salaried,2021-11-06,FULL,LOW
C001493,Aarti Deshmukh,F,1945-11-26,80,+91 55009 09210,adeshmukh1889@example.com,Delhi,Delhi,110005,en,senior_citizen,2021-01-09,FULL,LOW
C001494,Sayali Mishra,F,1985-01-24,41,+91 54020 89780,smishra6376@example.com,Hyderabad,Telangana,500056,en,salaried,2024-10-18,FULL,LOW
C001495,Sana Patil,F,1966-06-20,60,+91 57690 03640,spatil8667@example.com,Ahmedabad,Gujarat,380049,hinglish,senior_citizen,2012-09-30,FULL,LOW
C001496,Priya Bhatt,F,1993-04-12,33,+91 51566 94340,priya.bhatt91@example.com,Pune,Maharashtra,411464,en,homemaker,2014-08-22,FULL,LOW
C001497,Siddharth Kulkarni,M,1943-10-13,82,+91 50792 24370,siddharth_kulk91@example.com,Bengaluru,Karnataka,560696,en,senior_citizen,2016-11-04,FULL,LOW
C001498,Kunal Iyer,M,1967-10-10,58,+91 59146 55416,kunaliyer660@example.com,Pune,Maharashtra,411757,hinglish,salaried,2024-12-16,FULL,LOW
C001499,Rekha Bhatt,F,1978-11-07,47,+91 53206 84540,rekha_bhat22@example.com,Mumbai,Maharashtra,400202,mr,salaried,2024-04-06,FULL,LOW
C001500,Tushar Chavan,M,2008-08-04,18,+91 50257 89798,tchavan588@example.com,Pune,Maharashtra,411661,hinglish,salaried,2026-05-26,FULL,LOW
C001501,Siddharth Sheikh,M,1979-09-25,47,+91 57927 30757,siddharthsheikh791@example.com,Bengaluru,Karnataka,560196,en,business,2012-02-27,FULL,LOW
C001502,Akshay Verma,M,1992-08-14,34,+91 59436 87237,akshayverma326@example.com,Nashik,Maharashtra,422566,mr,salaried,2017-02-13,FULL,MEDIUM
C001503,Joseph More,M,1992-06-19,34,+91 51658 99824,jmore1454@example.com,Jaipur,Rajasthan,302839,hi,salaried,2018-12-10,FULL,LOW
C001504,Kunal Sharma,M,1983-09-26,43,+91 57735 58528,kunal.sharm85@example.com,Nagpur,Maharashtra,440265,en,business,2019-01-17,FULL,MEDIUM
C001505,Rajesh Deshmukh,M,1996-08-21,30,+91 50009 39548,rajesh_desh73@example.com,Pune,Maharashtra,411066,hinglish,salaried,2025-04-26,FULL,LOW
C001506,Swapnil Bhosale,M,1945-06-26,81,+91 56263 37446,sbhosale2640@example.com,Pune,Maharashtra,411331,hi,senior_citizen,2024-03-25,FULL,LOW
C001507,Ashok Desai,M,1991-06-03,35,+91 50372 05794,adesai7324@example.com,Pune,Maharashtra,411173,mr,self_employed,2018-11-10,FULL,LOW
C001508,Priya Mishra,F,1955-06-16,71,+91 52923 56757,priya.mishra17@example.com,Delhi,Delhi,110203,hi,senior_citizen,2024-09-17,FULL,LOW
C001509,Farah Naidu,F,1974-03-02,52,+91 55927 08051,farah.naidu57@example.com,Jaipur,Rajasthan,302765,hinglish,salaried,2021-04-04,FULL,LOW
C001510,Faisal Tiwari,M,1960-03-11,66,+91 52312 46556,faisaltiwari949@example.com,Nagpur,Maharashtra,440890,en,senior_citizen,2018-09-06,FULL,LOW
C001511,Rahul Chavan,M,2001-04-30,25,+91 54355 20509,rchavan3207@example.com,Delhi,Delhi,110283,en,salaried,2021-03-28,FULL,MEDIUM
C001512,Rohit Choudhary,M,1984-10-11,41,+91 55878 62311,rohit_chou95@example.com,Nashik,Maharashtra,422148,mr,salaried,2012-07-20,RE_KYC_DUE,MEDIUM
C001513,Prakash Das,M,1962-02-17,64,+91 56816 66571,prakash.das14@example.com,Hyderabad,Telangana,500919,en,senior_citizen,2022-03-17,FULL,LOW
C001514,Deepa Agarwal,F,1985-04-26,41,+91 50566 80486,deepa.agarw30@example.com,Delhi,Delhi,110888,hinglish,salaried,2018-02-08,FULL,LOW
C001515,Mrunal Mehta,F,1990-12-05,35,+91 55370 33181,mrunal_meht53@example.com,Mumbai,Maharashtra,400289,en,homemaker,2015-12-20,FULL,LOW
C001516,Anil Agarwal,M,1989-04-20,37,+91 57436 74029,anil.agarwal17@example.com,Pune,Maharashtra,411952,hi,self_employed,2023-11-12,FULL,LOW
C001517,Faisal Rao,M,1962-06-19,64,+91 55241 16267,faisal.rao95@example.com,Mumbai,Maharashtra,400469,hinglish,senior_citizen,2024-02-23,FULL,LOW
C001518,Farah Naidu,F,2000-06-14,26,+91 54848 49978,farahnaidu901@example.com,Nagpur,Maharashtra,440135,en,self_employed,2021-11-12,FULL,HIGH
C001519,Smita Pawar,F,1968-09-02,58,+91 53627 82441,smita.pawar81@example.com,Pune,Maharashtra,411504,hi,homemaker,2015-07-08,FULL,LOW
C001520,Joseph Apte,M,1971-12-06,54,+91 58926 54794,joseph.apte72@example.com,Pune,Maharashtra,411049,en,salaried,2025-03-13,FULL,LOW
C001521,Farah Mane,F,1960-05-05,66,+91 56123 55304,farah_mane50@example.com,Lucknow,Uttar Pradesh,226978,hinglish,senior_citizen,2021-01-29,FULL,LOW
C001522,Sanjay Bhosale,M,1973-10-19,52,+91 56317 74511,sanjay_bhos73@example.com,Pune,Maharashtra,411221,hi,salaried,2012-05-08,RE_KYC_DUE,LOW
C001523,Meena Dixit,F,1986-07-25,40,+91 53263 85800,meenadixit790@example.com,Pune,Maharashtra,411706,hi,self_employed,2022-09-10,FULL,MEDIUM
C001524,Tushar Choudhary,M,1953-07-19,73,+91 59588 63594,tushar_chou87@example.com,Nashik,Maharashtra,422735,mr,senior_citizen,2019-10-28,FULL,LOW
C001525,Mrunal Agarwal,F,1999-12-10,26,+91 58205 51558,mrunal.agarw82@example.com,Thane,Maharashtra,400488,en,self_employed,2025-12-12,FULL,LOW
C001526,Gurpreet Yadav,F,1956-04-06,70,+91 52494 18828,gurpreetyadav998@example.com,Pune,Maharashtra,411267,hinglish,senior_citizen,2018-06-26,RE_KYC_DUE,LOW
C001527,Geeta Kamat,F,1999-06-03,27,+91 53368 14838,geeta.kamat95@example.com,Pune,Maharashtra,411612,mr,homemaker,2023-06-07,FULL,LOW
C001528,Srinivas Tiwari,M,1994-07-22,32,+91 59418 86102,srinivastiwari153@example.com,Mumbai,Maharashtra,400326,hi,salaried,2016-11-29,FULL,MEDIUM
C001529,Rajesh Thakur,M,1995-07-31,31,+91 56573 25261,rthakur2765@example.com,Hyderabad,Telangana,500928,en,salaried,2018-07-02,FULL,LOW
C001530,Aarti Wagh,F,1960-04-01,66,+91 57262 11882,aarti.wagh64@example.com,Pune,Maharashtra,411405,hi,senior_citizen,2023-12-23,RE_KYC_DUE,MEDIUM
C001531,Srinivas Banerjee,M,2007-01-18,19,+91 50856 91413,srinivas.banerjee95@example.com,Pune,Maharashtra,411943,mr,salaried,2025-03-01,FULL,LOW
C001532,Abhijit Naidu,M,2000-09-28,25,+91 55093 60363,abhijit_naid50@example.com,Delhi,Delhi,110479,hi,salaried,2021-08-25,FULL,LOW
C001533,Aniket Gokhale,M,1964-04-07,62,+91 53208 35756,aniket_gokh78@example.com,Delhi,Delhi,110356,hi,senior_citizen,2013-05-25,FULL,MEDIUM
C001534,Amit Kulkarni,M,1974-03-10,52,+91 55832 82949,amit.kulka40@example.com,Hyderabad,Telangana,500861,en,salaried,2023-01-03,FULL,LOW
C001535,Shweta Kamat,F,1989-04-22,37,+91 59348 57815,shwetakamat111@example.com,Delhi,Delhi,110222,hi,self_employed,2018-03-29,RE_KYC_DUE,LOW
C001536,Farah Rao,F,1959-04-24,67,+91 58264 41604,farah.rao33@example.com,Delhi,Delhi,110163,hinglish,senior_citizen,2019-12-27,RE_KYC_DUE,LOW
C001537,Asha Tiwari,F,1994-01-06,32,+91 55550 75980,asha_tiwa24@example.com,Lucknow,Uttar Pradesh,226550,hinglish,salaried,2014-01-15,FULL,LOW
C001538,Asha Kulkarni,F,1984-01-14,42,+91 53470 93750,asha.kulkarni71@example.com,Nagpur,Maharashtra,440968,mr,salaried,2012-11-18,FULL,LOW
C001539,Arun Rao,M,1954-07-14,72,+91 50764 99601,arun.rao13@example.com,Hyderabad,Telangana,500090,en,senior_citizen,2025-10-31,FULL,LOW
C001540,Anil Sawant,M,1970-10-06,55,+91 51690 71892,anilsawant175@example.com,Pune,Maharashtra,411649,hinglish,salaried,2025-05-02,FULL,LOW
C001541,Lata Pandey,F,1966-12-07,59,+91 55128 50376,latapandey62@example.com,Pune,Maharashtra,411427,mr,salaried,2026-03-04,FULL,LOW
C001542,Ajay Sheikh,M,1988-07-19,38,+91 59534 98653,ajay.sheik38@example.com,Thane,Maharashtra,400743,en,self_employed,2019-01-01,FULL,MEDIUM
C001543,Parag Pandey,M,1946-02-27,80,+91 51340 62864,parag.pande13@example.com,Mumbai,Maharashtra,400059,en,senior_citizen,2012-10-25,FULL,LOW
C001544,Omkar Singh,M,1973-02-02,53,+91 59103 35804,omkarsingh647@example.com,Pune,Maharashtra,411844,hi,salaried,2017-07-25,FULL,LOW
C001545,Omkar Gokhale,M,1976-09-07,50,+91 55516 70381,omkar.gokha57@example.com,Pune,Maharashtra,411666,hi,self_employed,2013-02-24,FULL,LOW
C001546,Harish Pandey,M,1966-10-27,59,+91 54501 79129,hpandey1764@example.com,Bengaluru,Karnataka,560710,en,salaried,2015-01-18,FULL,LOW
C001547,Anita Naik,F,1967-07-27,59,+91 52808 30618,anita_naik47@example.com,Mumbai,Maharashtra,400091,en,salaried,2024-03-10,FULL,LOW
C001548,Neha Deshpande,F,1959-03-10,67,+91 50775 23383,ndeshpande989@example.com,Delhi,Delhi,110134,hi,senior_citizen,2019-06-19,FULL,MEDIUM
C001549,Sarita Gaikwad,F,1991-09-25,35,+91 50860 17133,sarita_gaik56@example.com,Pune,Maharashtra,411700,hinglish,salaried,2023-11-09,RE_KYC_DUE,LOW
C001550,Faisal Gaikwad,M,1981-05-12,45,+91 55047 87290,faisalgaikwad359@example.com,Nashik,Maharashtra,422536,hi,salaried,2022-04-07,RE_KYC_DUE,LOW
C001551,Lakshmi Thakur,F,1990-04-20,36,+91 51521 59210,lakshmi.thakur21@example.com,Pune,Maharashtra,411694,mr,self_employed,2017-02-28,RE_KYC_DUE,LOW
C001552,Pranav Deshmukh,M,1963-06-09,63,+91 57481 86269,pranav.deshm39@example.com,Delhi,Delhi,110128,hinglish,senior_citizen,2022-01-14,FULL,LOW
C001553,Rajesh Kulkarni,M,1998-07-20,28,+91 52727 81380,rajeshkulkarni658@example.com,Delhi,Delhi,110158,en,business,2019-02-25,FULL,LOW
C001554,Jyoti Sheikh,F,1971-10-10,54,+91 52719 95860,jsheikh1996@example.com,Lucknow,Uttar Pradesh,226970,hinglish,homemaker,2023-04-11,FULL,LOW
C001555,Sneha Verma,F,1980-03-23,46,+91 51134 06097,sneha_verm22@example.com,Delhi,Delhi,110155,hinglish,business,2026-01-29,FULL,LOW
C001556,Akshay Naidu,M,2007-07-07,19,+91 50750 78200,akshay.naidu50@example.com,Pune,Maharashtra,411017,hi,student,2026-04-27,FULL,LOW
C001557,Kunal Deshpande,M,2008-05-02,18,+91 54005 73972,kunal_desh98@example.com,Ahmedabad,Gujarat,380904,en,student,2026-05-09,FULL,LOW
C001558,Harish Yadav,M,2007-10-20,18,+91 58885 67783,harish_yada27@example.com,Mumbai,Maharashtra,400216,en,salaried,2026-01-29,FULL,LOW
C001559,Smita Saxena,F,2002-08-05,24,+91 59096 30387,smita.saxena50@example.com,Indore,Madhya Pradesh,452089,hi,student,2023-06-22,FULL,LOW
C001560,Lakshmi Gupta,F,1992-12-14,33,+91 51450 51370,lgupta8503@example.com,Pune,Maharashtra,411108,en,salaried,2014-05-17,FULL,LOW
C001561,Revati Kale,F,1975-10-29,50,+91 59024 30225,revati_kale25@example.com,Hyderabad,Telangana,500918,hinglish,salaried,2016-11-03,FULL,LOW
C001562,Joseph Reddy,M,1998-02-28,28,+91 54542 34547,joseph.reddy98@example.com,Pune,Maharashtra,411445,mr,salaried,2023-07-02,FULL,LOW
C001563,Aditya Menon,M,1968-06-29,58,+91 53439 64651,aditya.menon18@example.com,Jaipur,Rajasthan,302837,hinglish,salaried,2023-01-24,FULL,LOW
C001564,Ramesh Nair,M,2001-08-12,25,+91 51520 86623,ramesh.nair77@example.com,Indore,Madhya Pradesh,452231,hi,salaried,2020-02-05,FULL,LOW
C001565,Gurpreet Sharma,F,1988-07-03,38,+91 52282 33183,gsharma7288@example.com,Pune,Maharashtra,411501,mr,salaried,2022-07-11,FULL,MEDIUM
C001566,Shweta Yadav,F,1991-09-06,35,+91 50693 19986,shwetayadav246@example.com,Ahmedabad,Gujarat,380113,en,business,2015-04-18,FULL,LOW
C001567,Suresh Shinde,M,2002-05-02,24,+91 57744 46475,suresh.shind95@example.com,Hyderabad,Telangana,500136,hinglish,student,2021-06-02,FULL,LOW
C001568,Shalini Joshi,F,1997-07-13,29,+91 58267 69687,shalini_josh31@example.com,Nagpur,Maharashtra,440906,en,salaried,2024-07-13,FULL,LOW
C001569,Tushar Bhosale,M,1992-12-07,33,+91 56572 18424,tushar.bhosa32@example.com,Nashik,Maharashtra,422497,mr,homemaker,2016-12-02,FULL,LOW
C001570,Ganesh Pawar,M,1957-03-20,69,+91 58436 06977,ganesh.pawar22@example.com,Nashik,Maharashtra,422516,mr,senior_citizen,2022-05-04,FULL,HIGH
C001571,Lata Dixit,F,1988-06-05,38,+91 56566 27419,latadixit94@example.com,Thane,Maharashtra,400815,hinglish,self_employed,2013-03-26,FULL,LOW
C001572,Zoya Kadam,F,1972-12-02,53,+91 51188 20429,zoya.kadam61@example.com,Hyderabad,Telangana,500769,en,homemaker,2014-06-14,FULL,HIGH
C001573,Tushar Naik,M,1988-03-03,38,+91 54955 08015,tnaik8175@example.com,Bengaluru,Karnataka,560296,hinglish,business,2020-05-10,FULL,LOW
C001574,Shalini Kulkarni,F,1959-11-24,66,+91 54220 97725,shalini.kulka66@example.com,Jaipur,Rajasthan,302285,hi,senior_citizen,2018-12-26,FULL,LOW
C001575,Kunal Thakur,M,1961-09-04,65,+91 56780 38192,kunal.thakur41@example.com,Nagpur,Maharashtra,440700,hi,senior_citizen,2025-04-17,FULL,LOW
C001576,Venkat Verma,M,1953-06-03,73,+91 58925 21585,venkat_verm22@example.com,Ahmedabad,Gujarat,380187,hinglish,senior_citizen,2023-02-16,FULL,LOW
C001577,Deepak Deshpande,M,1974-01-17,52,+91 52305 79407,deepak.deshpande99@example.com,Delhi,Delhi,110405,hinglish,business,2015-09-02,FULL,HIGH
C001578,Joseph Shah,M,1999-06-21,27,+91 55328 12509,joseph.shah81@example.com,Pune,Maharashtra,411731,hinglish,salaried,2025-02-08,FULL,LOW
C001579,Chinmay Shah,M,1957-06-13,69,+91 52062 86644,chinmay.shah29@example.com,Ahmedabad,Gujarat,380628,en,senior_citizen,2012-01-11,FULL,LOW
C001580,Kavita Shah,F,1996-06-11,30,+91 52302 01364,kavita.shah86@example.com,Jaipur,Rajasthan,302204,hi,salaried,2019-03-24,FULL,LOW
C001581,Omkar Khan,M,1997-04-25,29,+91 52614 06840,omkar_khan19@example.com,Pune,Maharashtra,411271,hi,self_employed,2016-12-26,FULL,LOW
C001582,Sayali Shah,F,1986-03-14,40,+91 54208 14738,sshah3523@example.com,Hyderabad,Telangana,500550,en,homemaker,2018-02-21,FULL,LOW
C001583,Arun Kale,M,1956-03-07,70,+91 56146 22301,arun_kale42@example.com,Thane,Maharashtra,400125,mr,senior_citizen,2017-09-29,FULL,MEDIUM
C001584,Seema Thakur,F,1991-07-18,35,+91 50542 10892,seemathakur614@example.com,Thane,Maharashtra,400484,mr,self_employed,2015-01-03,RE_KYC_DUE,LOW
C001585,Yogesh Agarwal,M,1990-09-02,36,+91 57862 42375,yogesh.agarwal78@example.com,Delhi,Delhi,110816,hi,business,2011-11-22,RE_KYC_DUE,MEDIUM
C001586,Aarti Singh,F,1969-09-28,56,+91 54373 95509,aarti.singh79@example.com,Pune,Maharashtra,411405,mr,salaried,2013-11-25,FULL,LOW
C001587,Meena Patil,F,1990-06-05,36,+91 57077 55315,meena.patil90@example.com,Ahmedabad,Gujarat,380496,en,homemaker,2013-02-11,FULL,MEDIUM
C001588,Aditya Deshmukh,M,1988-05-20,38,+91 54554 71333,aditya.deshmukh49@example.com,Nashik,Maharashtra,422333,mr,salaried,2022-06-25,FULL,LOW
C001589,Harpreet Gupta,M,1989-07-06,37,+91 56459 08021,harpreet.gupta40@example.com,Pune,Maharashtra,411599,en,business,2022-02-23,FULL,LOW
C001590,Omkar Rao,M,1994-01-31,32,+91 53259 10801,orao9210@example.com,Mumbai,Maharashtra,400316,hinglish,salaried,2016-01-18,FULL,HIGH
C001591,Sayali More,F,2007-03-01,19,+91 56171 29664,sayali.more72@example.com,Pune,Maharashtra,411663,hi,salaried,2025-06-05,FULL,LOW
C001592,Pranav Salunkhe,M,1979-04-02,47,+91 59676 42580,pranav.salunkhe91@example.com,Pune,Maharashtra,411752,hi,salaried,2014-12-31,FULL,LOW
C001593,Vikram Deshmukh,M,1945-05-08,81,+91 58719 83092,vikram_desh79@example.com,Pune,Maharashtra,411011,mr,senior_citizen,2024-01-05,FULL,LOW
C001594,Sunita Apte,F,1997-12-27,28,+91 57936 40402,sunitaapte963@example.com,Hyderabad,Telangana,500094,en,salaried,2019-02-15,FULL,LOW
C001595,Rekha Apte,F,1944-07-05,82,+91 54550 31962,rekha.apte87@example.com,Pune,Maharashtra,411205,hi,senior_citizen,2023-05-10,FULL,LOW
C001596,Pooja Saxena,F,1967-04-23,59,+91 55167 33357,pooja.saxen96@example.com,Nashik,Maharashtra,422433,mr,business,2024-10-16,FULL,MEDIUM
C001597,Kavita Thakur,F,1957-10-02,68,+91 55866 96984,kavita.thakur78@example.com,Jaipur,Rajasthan,302891,hinglish,senior_citizen,2023-11-16,FULL,MEDIUM
C001598,Bhavana Chavan,F,1995-02-19,31,+91 50156 72195,bhavana.chava18@example.com,Hyderabad,Telangana,500840,en,salaried,2017-06-22,FULL,LOW
C001599,Revati Chavan,F,1951-10-03,74,+91 56047 15658,revati_chav15@example.com,Nashik,Maharashtra,422152,hi,senior_citizen,2023-09-26,FULL,LOW
C001600,Rajesh Deshpande,M,1996-08-12,30,+91 56283 24074,rajeshdeshpande95@example.com,Pune,Maharashtra,411130,hinglish,salaried,2015-09-24,FULL,LOW
C001601,Sunil Yadav,M,1983-03-28,43,+91 52773 49089,syadav4526@example.com,Nagpur,Maharashtra,440300,en,salaried,2015-04-29,RE_KYC_DUE,LOW
C001602,Lata Thakur,F,2004-11-26,21,+91 58575 20122,lata.thaku93@example.com,Hyderabad,Telangana,500306,en,student,2024-03-04,FULL,LOW
C001603,Aditya Iyer,M,1952-05-06,74,+91 58982 06778,aiyer6249@example.com,Nashik,Maharashtra,422464,mr,senior_citizen,2019-08-28,FULL,LOW
C001604,Gurdeep Choudhary,M,1998-06-25,28,+91 52467 52720,gurdeep.choudhary84@example.com,Mumbai,Maharashtra,400666,hinglish,salaried,2021-05-21,FULL,LOW
C001605,Vandana Wagh,F,1952-05-28,74,+91 52100 77649,vandana_wagh48@example.com,Mumbai,Maharashtra,400461,hinglish,senior_citizen,2025-04-04,FULL,MEDIUM
C001606,Vikram Singh,M,1964-09-16,62,+91 59611 28380,vikram.singh81@example.com,Mumbai,Maharashtra,400764,en,senior_citizen,2024-05-16,FULL,LOW
C001607,Amit Chavan,M,1987-12-27,38,+91 56035 72098,amit_chav23@example.com,Nagpur,Maharashtra,440274,mr,salaried,2025-04-24,FULL,LOW
C001608,Vijay Tiwari,M,1985-09-26,41,+91 53884 49192,vijaytiwari768@example.com,Pune,Maharashtra,411085,mr,business,2012-06-18,FULL,MEDIUM
C001609,Jyoti Dixit,F,1976-05-16,50,+91 50736 88934,jdixit1534@example.com,Nagpur,Maharashtra,440182,mr,salaried,2012-06-12,FULL,LOW
C001610,Harpreet Deshmukh,M,1949-07-05,77,+91 55769 88462,hdeshmukh5952@example.com,Indore,Madhya Pradesh,452953,hinglish,senior_citizen,2026-01-29,FULL,LOW
C001611,Rahul Menon,M,1969-02-10,57,+91 57099 25453,rahul.menon30@example.com,Jaipur,Rajasthan,302420,hi,salaried,2015-09-18,RE_KYC_DUE,LOW
C001612,Venkat Iyer,M,2006-04-18,20,+91 55670 79327,venkat.iyer79@example.com,Ahmedabad,Gujarat,380176,en,student,2026-02-13,FULL,LOW
C001613,Nisha Desai,F,2006-06-29,20,+91 56627 28567,nishadesai63@example.com,Pune,Maharashtra,411587,hi,salaried,2026-04-23,FULL,HIGH
C001614,Arun Agarwal,M,2002-10-15,23,+91 54141 89757,arunagarwal712@example.com,Mumbai,Maharashtra,400601,hi,student,2021-07-03,FULL,LOW
C001615,Priya Iyer,F,1994-11-30,31,+91 57539 70228,piyer6239@example.com,Pune,Maharashtra,411521,hinglish,salaried,2015-02-14,FULL,LOW
C001616,Farah Chavan,F,1980-07-17,46,+91 54379 19751,farah.chavan61@example.com,Pune,Maharashtra,411362,hinglish,self_employed,2024-08-27,FULL,LOW
C001617,Harpreet Desai,M,1972-06-16,54,+91 51460 08896,harpreet_desa73@example.com,Ahmedabad,Gujarat,380650,en,salaried,2020-06-07,FULL,LOW
C001618,Zoya Gokhale,F,1998-11-14,27,+91 57291 66171,zoya_gokh76@example.com,Thane,Maharashtra,400824,en,salaried,2022-05-15,FULL,LOW
C001619,Manoj Gupta,M,1942-07-18,84,+91 52683 74935,manoj.gupta82@example.com,Nashik,Maharashtra,422697,mr,senior_citizen,2014-09-23,FULL,HIGH
C001620,Geeta Sawant,F,1971-08-25,55,+91 56534 32875,gsawant1507@example.com,Pune,Maharashtra,411927,hi,salaried,2012-09-07,FULL,LOW
C001621,Nandini Kadam,F,1968-05-07,58,+91 50388 82455,nandini_kada93@example.com,Mumbai,Maharashtra,400273,en,salaried,2015-11-02,FULL,LOW
C001622,Zoya Kadam,F,1974-01-21,52,+91 50184 09334,zkadam7748@example.com,Nagpur,Maharashtra,440152,mr,self_employed,2019-10-22,FULL,LOW
C001623,Rohit Reddy,M,1999-04-05,27,+91 50062 07462,rohit.reddy40@example.com,Nashik,Maharashtra,422506,mr,salaried,2022-04-12,FULL,LOW
C001624,Faisal Banerjee,M,1986-09-19,40,+91 59494 75452,fbanerjee10@example.com,Bengaluru,Karnataka,560638,en,salaried,2016-09-02,FULL,LOW
C001625,Ganesh Kamat,M,1986-04-10,40,+91 54143 60896,ganesh.kamat50@example.com,Pune,Maharashtra,411190,mr,business,2022-06-15,FULL,LOW
C001626,Madhuri Mehta,F,1984-08-21,42,+91 55299 95643,madhuri.mehta36@example.com,Thane,Maharashtra,400738,en,business,2018-04-26,RE_KYC_DUE,MEDIUM
C001627,Keerthi Bhatt,F,2004-06-11,22,+91 53492 75383,keerthibhatt89@example.com,Mumbai,Maharashtra,400349,mr,salaried,2024-01-14,FULL,LOW
C001628,Lata Gaikwad,F,1999-07-26,27,+91 59501 26330,latagaikwad725@example.com,Mumbai,Maharashtra,400028,hi,salaried,2020-09-17,FULL,LOW
C001629,Vaishali Salunkhe,F,1984-08-23,42,+91 57646 77280,vaishali_salu17@example.com,Pune,Maharashtra,411677,hi,homemaker,2023-05-23,FULL,LOW
C001630,Usha Nair,F,1990-07-04,36,+91 58352 21256,usha.nair71@example.com,Mumbai,Maharashtra,400818,hi,salaried,2024-12-16,FULL,LOW
C001631,Madhuri Wagh,F,1985-05-12,41,+91 56621 30394,madhuri_wagh80@example.com,Mumbai,Maharashtra,400290,hinglish,self_employed,2025-08-08,FULL,LOW
C001632,Anita Singh,F,1946-06-12,80,+91 55238 52668,asingh8931@example.com,Pune,Maharashtra,411985,hi,senior_citizen,2020-09-01,FULL,MEDIUM
C001633,Archana Deshpande,F,1955-11-11,70,+91 56142 56770,adeshpande661@example.com,Pune,Maharashtra,411294,en,senior_citizen,2013-03-01,FULL,HIGH
C001634,Shweta Agarwal,F,1992-09-06,34,+91 59833 39281,shweta.agarwal49@example.com,Delhi,Delhi,110208,en,salaried,2023-07-05,FULL,LOW
C001635,Kavita Singh,F,2006-05-21,20,+91 53345 26645,kavita.singh86@example.com,Bengaluru,Karnataka,560421,en,student,2024-07-06,FULL,LOW
C001636,Mrunal Shinde,F,1941-10-24,84,+91 52579 69155,mrunal.shinde16@example.com,Bengaluru,Karnataka,560011,hinglish,senior_citizen,2013-02-15,FULL,MEDIUM
C001637,Rajesh Pillai,M,1986-06-21,40,+91 54091 74401,rajeshpillai901@example.com,Mumbai,Maharashtra,400996,mr,business,2020-07-17,FULL,LOW
C001638,Rupali Sawant,F,1955-12-16,70,+91 59131 43014,rupali.sawan28@example.com,Bengaluru,Karnataka,560390,hinglish,senior_citizen,2013-11-05,RE_KYC_DUE,LOW
C001639,Ishita Menon,F,1997-08-16,29,+91 51443 15851,ishita.menon64@example.com,Pune,Maharashtra,411832,mr,salaried,2018-06-11,RE_KYC_DUE,LOW
C001640,Aniket Kadam,M,1959-12-04,66,+91 59495 66419,aniketkadam368@example.com,Pune,Maharashtra,411972,hinglish,senior_citizen,2019-09-16,FULL,MEDIUM
C001641,Rekha Das,F,1963-10-26,62,+91 52692 82729,rekhadas892@example.com,Pune,Maharashtra,411521,mr,senior_citizen,2021-09-05,FULL,LOW
C001642,Neha Gaikwad,F,2003-09-07,23,+91 50393 37053,neha.gaikwad52@example.com,Hyderabad,Telangana,500980,en,student,2022-12-31,FULL,LOW
C001643,Kavita Naik,F,1988-08-24,38,+91 55718 81632,kavita.naik14@example.com,Pune,Maharashtra,411891,en,salaried,2024-01-17,FULL,LOW
C001644,Keerthi Apte,F,1992-06-24,34,+91 51369 12423,keerthi_apte41@example.com,Thane,Maharashtra,400882,mr,salaried,2024-05-19,FULL,MEDIUM
C001645,Vaishali Saxena,F,1991-01-21,35,+91 50634 45833,vaishali.saxen26@example.com,Indore,Madhya Pradesh,452949,hi,salaried,2018-01-01,FULL,LOW
C001646,Gurpreet Menon,F,1995-09-26,31,+91 55561 11525,gurpreetmenon267@example.com,Delhi,Delhi,110426,hinglish,salaried,2017-10-27,FULL,LOW
C001647,Srinivas Pandey,M,1989-11-02,36,+91 59696 64817,srinivas.pande66@example.com,Delhi,Delhi,110118,hi,salaried,2020-11-23,FULL,MEDIUM
C001648,Sayali Salunkhe,F,1941-11-17,84,+91 59254 75718,sayalisalunkhe756@example.com,Mumbai,Maharashtra,400442,hi,senior_citizen,2014-09-12,RE_KYC_DUE,MEDIUM
C001649,Tushar More,M,1970-08-29,56,+91 53208 68956,tusharmore847@example.com,Ahmedabad,Gujarat,380082,en,homemaker,2013-09-30,FULL,LOW
C001650,Mrunal Verma,F,1995-05-14,31,+91 57313 01485,mrunal.verma98@example.com,Indore,Madhya Pradesh,452411,hi,salaried,2019-08-23,FULL,LOW
C001651,Sarita Saxena,F,1969-11-23,56,+91 52696 30717,ssaxena4505@example.com,Mumbai,Maharashtra,400634,hi,salaried,2015-07-20,FULL,LOW
C001652,Harleen Apte,F,1952-08-07,74,+91 53894 84561,harleen.apte33@example.com,Pune,Maharashtra,411610,en,senior_citizen,2014-06-05,FULL,LOW
C001653,Sagar Naik,M,1950-08-30,76,+91 54510 93505,sagar_naik49@example.com,Pune,Maharashtra,411229,en,senior_citizen,2018-09-18,FULL,MEDIUM
C001654,Mahesh Naik,M,1994-10-22,31,+91 59718 11839,mahesh.naik61@example.com,Pune,Maharashtra,411437,mr,salaried,2022-09-16,FULL,LOW
C001655,Rekha Bhosale,F,1956-07-28,70,+91 54113 82094,rekha.bhosa50@example.com,Jaipur,Rajasthan,302111,hinglish,senior_citizen,2023-01-30,FULL,LOW
C001656,Harleen Kadam,F,1996-05-24,30,+91 59714 12437,harleenkadam15@example.com,Ahmedabad,Gujarat,380435,en,self_employed,2018-03-03,FULL,LOW
C001657,Pranav Naik,M,1960-01-15,66,+91 52479 01198,pranav_naik79@example.com,Pune,Maharashtra,411249,hinglish,senior_citizen,2013-11-22,FULL,LOW
C001658,Sunil Thakur,M,1988-05-18,38,+91 54266 08904,sunil.thakur82@example.com,Delhi,Delhi,110342,hi,self_employed,2021-11-09,RE_KYC_DUE,LOW
C001659,Sarita Joshi,F,2002-07-27,24,+91 56481 49452,sjoshi9657@example.com,Delhi,Delhi,110803,en,student,2025-01-21,FULL,LOW
C001660,Smita Jadhav,F,1975-07-12,51,+91 54600 73765,smita.jadha27@example.com,Thane,Maharashtra,400144,mr,salaried,2015-04-11,RE_KYC_DUE,LOW
C001661,Vandana Bhatt,F,1965-10-10,60,+91 51636 62109,vandana.bhatt45@example.com,Mumbai,Maharashtra,400367,hinglish,senior_citizen,2019-05-25,FULL,LOW
C001662,Ramesh Joshi,M,1996-04-03,30,+91 54564 63359,rjoshi8570@example.com,Lucknow,Uttar Pradesh,226001,hi,self_employed,2015-07-10,FULL,MEDIUM
C001663,Manoj Patil,M,1979-11-17,46,+91 56762 30385,manoj_pati10@example.com,Pune,Maharashtra,411789,mr,self_employed,2014-09-24,RE_KYC_DUE,LOW
C001664,Priya Salunkhe,F,1948-06-18,78,+91 51515 94576,priya_salu79@example.com,Pune,Maharashtra,411738,en,senior_citizen,2019-12-07,FULL,LOW
C001665,Komal Mane,F,2005-09-25,21,+91 56919 61099,komal.mane84@example.com,Pune,Maharashtra,411558,hi,student,2024-06-29,FULL,LOW
C001666,Gurpreet Shah,F,2005-04-07,21,+91 57654 53232,gurpreet.shah30@example.com,Pune,Maharashtra,411686,mr,student,2015-08-20,FULL,LOW
C001667,Siddharth Salunkhe,M,1985-04-18,41,+91 56654 58691,siddharth_salu77@example.com,Jaipur,Rajasthan,302160,hi,self_employed,2022-08-13,FULL,LOW
C001668,Geeta Shah,F,1987-03-26,39,+91 57407 27882,geeta.shah14@example.com,Bengaluru,Karnataka,560713,en,self_employed,2016-07-10,FULL,LOW
C001669,Asha Desai,F,1995-11-06,30,+91 52682 05235,asha_desa58@example.com,Indore,Madhya Pradesh,452979,hinglish,homemaker,2021-08-25,FULL,LOW
C001670,Jyoti Salunkhe,F,1993-10-12,32,+91 56841 86802,jyoti_salu16@example.com,Nagpur,Maharashtra,440330,mr,salaried,2018-11-13,FULL,LOW
C001671,Neha Kale,F,1985-10-10,40,+91 56370 74971,nkale4051@example.com,Pune,Maharashtra,411966,hi,business,2022-04-30,FULL,LOW
C001672,Sunita Saxena,F,1984-12-23,41,+91 59530 46405,sunitasaxena973@example.com,Pune,Maharashtra,411287,hinglish,salaried,2021-06-14,FULL,LOW
C001673,Revati Chavan,F,1992-11-16,33,+91 52549 00764,revati_chav29@example.com,Mumbai,Maharashtra,400120,mr,salaried,2012-06-14,FULL,LOW
C001674,Sunita Jadhav,F,1981-04-13,45,+91 53742 73218,sunita.jadhav88@example.com,Nashik,Maharashtra,422302,mr,salaried,2021-09-27,FULL,LOW
C001675,Sagar Naidu,M,1982-10-04,43,+91 50834 36486,sagarnaidu138@example.com,Hyderabad,Telangana,500254,en,self_employed,2023-11-12,FULL,LOW
C001676,Rajesh Tiwari,M,1982-01-08,44,+91 59383 48942,rajesh.tiwari23@example.com,Pune,Maharashtra,411872,en,self_employed,2014-06-08,FULL,LOW
C001677,Shweta Salunkhe,F,1991-08-26,35,+91 52914 60839,shwetasalunkhe763@example.com,Delhi,Delhi,110038,hi,salaried,2021-12-26,FULL,LOW
C001678,Aditya Kulkarni,M,1973-06-18,53,+91 52502 77203,aditya_kulk84@example.com,Pune,Maharashtra,411267,hinglish,salaried,2023-05-15,FULL,LOW
C001679,Anthony Das,M,1974-08-19,52,+91 52024 97945,anthonydas18@example.com,Pune,Maharashtra,411808,mr,salaried,2020-07-02,FULL,LOW
C001680,Rekha Apte,F,1993-04-13,33,+91 55182 43121,rekha.apte90@example.com,Mumbai,Maharashtra,400025,mr,salaried,2019-03-20,FULL,LOW
C001681,Rahul Agarwal,M,2007-11-21,18,+91 51389 30474,rahulagarwal777@example.com,Pune,Maharashtra,411083,mr,student,2026-02-26,MIN_KYC,LOW
C001682,Jyoti Sheikh,F,1967-12-27,58,+91 54919 80955,jyoti_shei20@example.com,Pune,Maharashtra,411289,hinglish,salaried,2014-03-20,RE_KYC_DUE,LOW
C001683,Dinesh Desai,M,1988-10-15,37,+91 51929 70491,dineshdesai265@example.com,Delhi,Delhi,110061,en,self_employed,2019-11-22,FULL,LOW
C001684,Sachin Pillai,M,1987-04-26,39,+91 57763 01740,sachin.pillai73@example.com,Indore,Madhya Pradesh,452253,hinglish,salaried,2021-04-03,FULL,LOW
C001685,Divya Agarwal,F,1975-11-26,50,+91 54654 63912,divya.agarwal92@example.com,Pune,Maharashtra,411322,hi,salaried,2017-09-21,FULL,LOW
C001686,Rohit Deshmukh,M,1995-09-18,31,+91 55565 39763,rohit.deshmukh93@example.com,Hyderabad,Telangana,500601,en,salaried,2021-02-05,FULL,LOW
C001687,Sachin Nair,M,1997-03-03,29,+91 56135 18873,snair4401@example.com,Indore,Madhya Pradesh,452012,hinglish,salaried,2026-02-28,FULL,LOW
C001688,Anjali Kamat,F,1952-05-11,74,+91 55997 90370,anjali.kamat97@example.com,Ahmedabad,Gujarat,380017,en,senior_citizen,2024-07-03,FULL,LOW
C001689,Vijay Jadhav,M,1996-03-18,30,+91 59070 57150,vijayjadhav159@example.com,Bengaluru,Karnataka,560298,en,salaried,2014-04-04,RE_KYC_DUE,LOW
C001690,Suresh Thakur,M,1956-10-26,69,+91 54156 09957,suresh.thaku13@example.com,Mumbai,Maharashtra,400391,mr,senior_citizen,2015-07-07,FULL,LOW
C001691,Pooja Pillai,F,1987-07-18,39,+91 57562 34175,pooja.pilla23@example.com,Pune,Maharashtra,411137,hi,salaried,2019-04-17,FULL,MEDIUM
C001692,Shalini Shinde,F,1987-01-26,39,+91 50088 97713,sshinde2627@example.com,Mumbai,Maharashtra,400993,hi,homemaker,2015-12-28,FULL,LOW
C001693,Anil Kamat,M,2001-01-13,25,+91 56196 25982,akamat6945@example.com,Mumbai,Maharashtra,400855,hinglish,salaried,2022-08-21,FULL,LOW
C001694,Harleen Gaikwad,F,2005-06-23,21,+91 54005 17174,harleen.gaikw98@example.com,Thane,Maharashtra,400569,hinglish,student,2017-07-11,FULL,LOW
C001695,Vijay Shah,M,1971-04-12,55,+91 59089 83509,vijayshah56@example.com,Pune,Maharashtra,411581,mr,self_employed,2014-04-20,FULL,LOW
C001696,Pooja Gaikwad,F,1994-12-21,31,+91 51348 75112,poojagaikwad254@example.com,Thane,Maharashtra,400874,mr,homemaker,2014-04-06,FULL,LOW
C001697,Pooja Khan,F,1987-07-20,39,+91 51950 69023,pooja.khan89@example.com,Mumbai,Maharashtra,400440,en,salaried,2016-11-04,FULL,LOW
C001698,Mahesh Bhatt,M,1999-08-03,27,+91 57376 60202,mbhatt2214@example.com,Pune,Maharashtra,411127,en,business,2025-09-29,FULL,LOW
C001699,Akshay Deshpande,M,1966-12-30,59,+91 51758 02334,akshay.deshpande45@example.com,Mumbai,Maharashtra,400736,hinglish,salaried,2016-10-24,FULL,LOW
C001700,Srinivas Nair,M,1968-09-28,57,+91 50184 04820,srinivas.nair37@example.com,Thane,Maharashtra,400228,mr,salaried,2024-09-30,FULL,LOW
C001701,Amit Naik,M,1991-12-22,34,+91 56595 15035,amitnaik386@example.com,Delhi,Delhi,110869,hinglish,self_employed,2012-02-27,FULL,MEDIUM
C001702,Vijay Shinde,M,1979-01-30,47,+91 53382 55145,vijayshinde249@example.com,Bengaluru,Karnataka,560548,en,salaried,2023-02-28,FULL,LOW
C001703,Rahul Naidu,M,1983-05-13,43,+91 55377 84878,rahul_naid36@example.com,Hyderabad,Telangana,500905,hinglish,homemaker,2022-03-12,FULL,MEDIUM
C001704,Kavita Naik,F,1998-06-08,28,+91 58155 21490,kavitanaik134@example.com,Hyderabad,Telangana,500647,en,homemaker,2016-10-14,FULL,LOW
C001705,Srinivas Singh,M,1948-10-18,77,+91 54738 97664,srinivas.singh65@example.com,Nagpur,Maharashtra,440744,hi,senior_citizen,2016-08-21,FULL,MEDIUM
C001706,Harpreet Gokhale,M,2003-01-19,23,+91 55073 68458,hgokhale992@example.com,Lucknow,Uttar Pradesh,226994,hi,salaried,2021-05-10,RE_KYC_DUE,HIGH
C001707,Ganesh Naik,M,1957-06-24,69,+91 55980 26461,ganesh.naik55@example.com,Mumbai,Maharashtra,400965,en,senior_citizen,2025-06-08,FULL,MEDIUM
C001708,Revati Joshi,F,2006-12-06,19,+91 50335 18498,rjoshi9766@example.com,Bengaluru,Karnataka,560490,en,student,2025-05-20,FULL,LOW
C001709,Vinayak Rao,M,1995-10-05,30,+91 50436 24071,vinayakrao22@example.com,Delhi,Delhi,110952,hinglish,salaried,2023-10-27,FULL,LOW
C001710,Jyoti Singh,F,1974-07-01,52,+91 57921 67161,jyotisingh416@example.com,Hyderabad,Telangana,500674,en,salaried,2023-01-14,FULL,LOW
C001711,Aditya Gupta,M,1991-09-01,35,+91 54876 47598,aditya.gupta59@example.com,Pune,Maharashtra,411423,hi,salaried,2025-07-18,FULL,LOW
C001712,Gurpreet Rao,F,1968-08-03,58,+91 52048 04344,gurpreet.rao80@example.com,Jaipur,Rajasthan,302053,hinglish,salaried,2016-06-01,RE_KYC_DUE,LOW
C001713,Manoj Nair,M,1975-05-22,51,+91 56488 92259,manojnair931@example.com,Pune,Maharashtra,411753,hinglish,business,2013-06-05,FULL,HIGH
C001714,Archana Sheikh,F,1985-07-06,41,+91 58514 49282,archanasheikh488@example.com,Mumbai,Maharashtra,400113,mr,salaried,2020-04-23,FULL,LOW
C001715,Lakshmi Menon,F,1971-09-14,55,+91 50829 99275,lakshmimenon900@example.com,Nagpur,Maharashtra,440789,hi,self_employed,2021-05-05,FULL,LOW
C001716,Seema Deshmukh,F,1949-06-10,77,+91 50364 41532,seemadeshmukh168@example.com,Delhi,Delhi,110446,hi,senior_citizen,2017-06-17,FULL,LOW
C001717,Smita Desai,F,2004-06-16,22,+91 51116 56056,smita.desai94@example.com,Pune,Maharashtra,411189,hinglish,salaried,2012-09-15,RE_KYC_DUE,LOW
C001718,Sneha Sheikh,F,1988-05-29,38,+91 58425 43819,snehasheikh332@example.com,Mumbai,Maharashtra,400149,hinglish,salaried,2021-05-03,FULL,MEDIUM
C001719,Keerthi Das,F,1992-07-27,34,+91 56801 79461,kdas2383@example.com,Pune,Maharashtra,411589,mr,salaried,2014-10-23,FULL,LOW
C001720,Kavita Thakur,F,1943-02-10,83,+91 50500 28032,kthakur2065@example.com,Nagpur,Maharashtra,440240,hi,senior_citizen,2015-08-24,FULL,MEDIUM
C001721,Karthik Chavan,M,2006-03-14,20,+91 53516 72713,karthikchavan384@example.com,Mumbai,Maharashtra,400341,en,salaried,2024-06-05,FULL,MEDIUM
C001722,Imran Salunkhe,M,1995-05-09,31,+91 52946 15031,imransalunkhe820@example.com,Indore,Madhya Pradesh,452944,hinglish,salaried,2015-04-01,FULL,LOW
C001723,Sachin Nair,M,2007-12-19,18,+91 50782 76964,sachin.nair60@example.com,Bengaluru,Karnataka,560458,hinglish,student,2026-02-04,FULL,MEDIUM
C001724,Sunita Pillai,F,1990-12-05,35,+91 52891 16618,sunitapillai327@example.com,Nashik,Maharashtra,422637,hi,salaried,2021-04-06,FULL,LOW
C001725,Karthik Mane,M,1992-07-03,34,+91 50136 36537,karthik.mane58@example.com,Bengaluru,Karnataka,560787,hinglish,business,2018-09-30,FULL,MEDIUM
C001726,Neha Kale,F,1990-08-31,36,+91 50912 00652,neha_kale77@example.com,Nagpur,Maharashtra,440943,en,homemaker,2012-03-13,FULL,LOW
C001727,Gurdeep Gupta,M,2000-03-14,26,+91 52136 82607,gurdeep.gupta11@example.com,Hyderabad,Telangana,500521,en,self_employed,2025-10-05,FULL,LOW
C001728,Rahul Agarwal,M,1954-06-16,72,+91 52311 24068,rahul.agarw52@example.com,Pune,Maharashtra,411696,en,senior_citizen,2019-12-20,RE_KYC_DUE,LOW
C001729,Aditya Verma,M,1990-08-17,36,+91 55475 17019,aditya.verma92@example.com,Thane,Maharashtra,400188,hinglish,homemaker,2022-06-24,FULL,LOW
C001730,Farah Joshi,F,1974-12-04,51,+91 59347 60388,farah_josh39@example.com,Pune,Maharashtra,411413,en,homemaker,2017-05-26,FULL,HIGH
C001731,Shalini Banerjee,F,1986-07-16,40,+91 52910 24470,shalinibanerjee890@example.com,Hyderabad,Telangana,500252,hinglish,homemaker,2018-04-25,FULL,LOW
C001732,Prakash Saxena,M,2006-04-28,20,+91 52650 26843,prakash.saxen74@example.com,Bengaluru,Karnataka,560075,hinglish,salaried,2015-04-17,FULL,MEDIUM
C001733,Gurdeep Banerjee,M,1997-09-04,29,+91 52703 28992,gurdeep_bane82@example.com,Indore,Madhya Pradesh,452133,hi,salaried,2021-06-21,FULL,LOW
C001734,Usha Sawant,F,1994-11-18,31,+91 54567 91853,ushasawant198@example.com,Bengaluru,Karnataka,560279,hinglish,homemaker,2013-08-22,FULL,MEDIUM
C001735,Rekha Mishra,F,1978-05-23,48,+91 50055 16440,rmishra4251@example.com,Lucknow,Uttar Pradesh,226545,hi,self_employed,2018-11-14,FULL,LOW
C001736,Anil Wagh,M,1993-07-04,33,+91 53508 68816,anilwagh399@example.com,Indore,Madhya Pradesh,452376,hi,salaried,2013-08-27,FULL,LOW
C001737,Sanjay More,M,1990-05-21,36,+91 58772 78016,smore4585@example.com,Delhi,Delhi,110220,en,self_employed,2012-03-06,FULL,LOW
C001738,Mahesh Choudhary,M,1982-09-09,44,+91 58258 18025,mchoudhary8252@example.com,Hyderabad,Telangana,500734,en,salaried,2014-02-28,FULL,MEDIUM
C001739,Sanjay Singh,M,1982-09-16,44,+91 54568 99246,sanjay.singh26@example.com,Ahmedabad,Gujarat,380966,hinglish,salaried,2017-04-20,FULL,LOW
C001740,Shweta Kulkarni,F,1985-01-16,41,+91 50116 36919,shwetakulkarni697@example.com,Pune,Maharashtra,411832,mr,salaried,2012-09-05,RE_KYC_DUE,LOW
C001741,Abhijit Saxena,M,1951-08-07,75,+91 55214 50467,abhijit.saxena25@example.com,Pune,Maharashtra,411882,en,senior_citizen,2021-05-11,FULL,LOW
C001742,Tushar Joshi,M,1977-06-01,49,+91 56552 58303,tushar.joshi44@example.com,Lucknow,Uttar Pradesh,226475,hinglish,salaried,2012-04-24,FULL,MEDIUM
C001743,Rekha Sharma,F,2008-07-25,18,+91 50860 93084,rekha.sharma20@example.com,Bengaluru,Karnataka,560525,en,salaried,2026-05-28,FULL,LOW
C001744,Pallavi Sharma,F,1991-06-07,35,+91 58149 54809,pallavisharma838@example.com,Indore,Madhya Pradesh,452292,hi,salaried,2012-01-28,RE_KYC_DUE,LOW
C001745,Arun Shinde,M,1999-02-22,27,+91 59121 20529,ashinde7194@example.com,Hyderabad,Telangana,500936,hinglish,salaried,2019-09-29,FULL,LOW
C001746,Harleen Deshpande,F,1993-12-21,32,+91 55543 76912,harleen.deshp66@example.com,Delhi,Delhi,110115,hi,business,2018-05-08,RE_KYC_DUE,MEDIUM
C001747,Archana Patil,F,1995-03-26,31,+91 53864 66560,archana.patil67@example.com,Ahmedabad,Gujarat,380302,hinglish,salaried,2019-04-19,FULL,LOW
C001748,Aditya Sawant,M,1963-08-29,63,+91 51408 83493,aditya_sawa91@example.com,Pune,Maharashtra,411272,mr,senior_citizen,2020-06-24,FULL,MEDIUM
C001749,Chinmay Iyer,M,1955-12-11,70,+91 57908 65450,chinmay.iyer11@example.com,Mumbai,Maharashtra,400886,mr,senior_citizen,2018-12-09,FULL,MEDIUM
C001750,Divya Apte,F,1996-01-11,30,+91 52570 97492,divyaapte647@example.com,Lucknow,Uttar Pradesh,226096,hi,self_employed,2014-10-31,RE_KYC_DUE,LOW
C001751,Anjali Gokhale,F,1979-12-05,46,+91 55348 12735,anjali.gokhale36@example.com,Pune,Maharashtra,411519,en,salaried,2020-05-08,FULL,LOW
C001752,Bhavana Rao,F,2004-09-05,22,+91 59648 89868,bhavana.rao14@example.com,Pune,Maharashtra,411399,mr,salaried,2024-11-13,FULL,LOW
C001753,Parag Pandey,M,1988-01-21,38,+91 53348 71612,ppandey3083@example.com,Delhi,Delhi,110332,en,salaried,2017-01-02,FULL,LOW
C001754,Prakash Verma,M,2005-11-01,20,+91 50132 92216,pverma4317@example.com,Hyderabad,Telangana,500526,hinglish,student,2024-03-30,FULL,LOW
C001755,Sanjay Banerjee,M,1994-11-13,31,+91 57695 02374,sbanerjee9228@example.com,Bengaluru,Karnataka,560918,en,salaried,2020-04-28,FULL,LOW
C001756,Imran Choudhary,M,1979-05-14,47,+91 53283 23592,imranchoudhary778@example.com,Nashik,Maharashtra,422870,hi,self_employed,2014-06-04,FULL,MEDIUM
C001757,Usha Mishra,F,1956-01-29,70,+91 50661 35884,usha.mishra21@example.com,Mumbai,Maharashtra,400812,hinglish,senior_citizen,2014-12-22,RE_KYC_DUE,LOW
C001758,Lata Shah,F,1973-07-11,53,+91 52053 75735,lshah115@example.com,Nashik,Maharashtra,422577,hi,homemaker,2015-02-20,RE_KYC_DUE,LOW
C001759,Abhijit Gokhale,M,1995-02-04,31,+91 52276 23694,abhijit.gokha75@example.com,Jaipur,Rajasthan,302467,hinglish,self_employed,2017-06-15,FULL,MEDIUM
C001760,Keerthi Apte,F,1952-02-12,74,+91 51216 46468,keerthi.apte43@example.com,Bengaluru,Karnataka,560870,en,senior_citizen,2024-09-16,FULL,LOW
C001761,Aditya Singh,M,1986-06-25,40,+91 51000 84270,aditya_sing86@example.com,Pune,Maharashtra,411372,hinglish,self_employed,2024-06-20,FULL,LOW
C001762,Ananya Kale,F,1972-11-25,53,+91 50618 28310,ananya_kale96@example.com,Pune,Maharashtra,411481,en,self_employed,2016-06-08,FULL,MEDIUM
C001763,Deepa Rao,F,2004-06-24,22,+91 58647 42576,drao4498@example.com,Nashik,Maharashtra,422634,hi,salaried,2026-03-14,FULL,MEDIUM
C001764,Komal Desai,F,1995-09-15,31,+91 57084 48713,kdesai9327@example.com,Nagpur,Maharashtra,440795,en,salaried,2016-05-31,FULL,LOW
C001765,Rahul Dixit,M,1941-12-21,84,+91 54750 54565,rahuldixit680@example.com,Hyderabad,Telangana,500543,en,senior_citizen,2017-07-02,FULL,MEDIUM
C001766,Sana Dixit,F,1998-08-02,28,+91 55539 07231,sdixit3303@example.com,Hyderabad,Telangana,500591,en,salaried,2017-06-01,FULL,MEDIUM
C001767,Sayali Pandey,F,1975-10-03,50,+91 54689 16646,sayali.pande40@example.com,Bengaluru,Karnataka,560185,en,salaried,2025-03-28,FULL,LOW
C001768,Sneha Saxena,F,1999-02-20,27,+91 51001 62447,sneha.saxen38@example.com,Bengaluru,Karnataka,560350,en,salaried,2021-03-01,FULL,MEDIUM
C001769,Sneha Sawant,F,1985-05-14,41,+91 54556 11041,sneha.sawant26@example.com,Delhi,Delhi,110043,hinglish,salaried,2013-12-23,FULL,LOW
C001770,Neha Dixit,F,1986-12-05,39,+91 52221 39520,neha.dixit35@example.com,Bengaluru,Karnataka,560638,hinglish,salaried,2013-05-25,FULL,LOW
C001771,Sayali Yadav,F,1994-09-18,32,+91 52318 33667,sayaliyadav824@example.com,Hyderabad,Telangana,500548,en,business,2015-11-08,FULL,LOW
C001772,Sanjay Pandey,M,1943-05-10,83,+91 53423 96394,sanjay_pand90@example.com,Pune,Maharashtra,411160,mr,senior_citizen,2017-07-10,FULL,MEDIUM
C001773,Revati Deshpande,F,1997-02-15,29,+91 57981 77366,revati_desh20@example.com,Pune,Maharashtra,411010,mr,homemaker,2023-03-25,FULL,LOW
C001774,Deepak Mane,M,1961-09-23,65,+91 51238 47262,deepakmane150@example.com,Delhi,Delhi,110120,en,senior_citizen,2022-01-29,FULL,LOW
C001775,Farah Pillai,F,1967-06-14,59,+91 50213 07163,farah.pilla78@example.com,Thane,Maharashtra,400387,hinglish,business,2019-10-13,FULL,MEDIUM
C001776,Aniket Chavan,M,1992-05-12,34,+91 51404 60257,aniket.chava21@example.com,Delhi,Delhi,110431,hi,salaried,2019-05-23,FULL,MEDIUM
C001777,Vikram Chavan,M,1992-07-21,34,+91 55081 72542,vchavan1657@example.com,Lucknow,Uttar Pradesh,226388,hinglish,salaried,2017-05-15,FULL,LOW
C001778,Girish Desai,M,1961-12-04,64,+91 54695 19291,girish.desai42@example.com,Pune,Maharashtra,411199,hi,senior_citizen,2014-08-29,FULL,MEDIUM
C001779,Prakash Iyer,M,1957-12-26,68,+91 55379 88463,prakash.iyer93@example.com,Mumbai,Maharashtra,400084,hi,senior_citizen,2021-08-21,FULL,LOW
C001780,Venkat Sharma,M,1976-05-25,50,+91 58478 09718,vsharma4437@example.com,Nashik,Maharashtra,422198,hi,salaried,2013-07-16,FULL,LOW
C001781,Vaishali Desai,F,1970-02-06,56,+91 58994 09777,vaishali.desai38@example.com,Hyderabad,Telangana,500446,hinglish,homemaker,2018-04-23,FULL,HIGH
C001782,Lakshmi Choudhary,F,1997-08-28,29,+91 53103 52191,lakshmi.choud19@example.com,Pune,Maharashtra,411511,mr,salaried,2019-02-06,FULL,MEDIUM
C001783,Siddharth Jadhav,M,2008-02-20,18,+91 55590 97098,siddharth.jadhav24@example.com,Indore,Madhya Pradesh,452918,hinglish,salaried,2026-04-03,FULL,LOW
C001784,Radha Verma,F,1969-12-01,56,+91 53526 57458,radha.verma82@example.com,Jaipur,Rajasthan,302964,hi,self_employed,2023-11-11,FULL,LOW
C001785,Shweta Sharma,F,1998-01-08,28,+91 54910 68214,ssharma1946@example.com,Nagpur,Maharashtra,440756,hi,business,2025-09-07,FULL,LOW
C001786,Archana Bhosale,F,1992-05-25,34,+91 56215 90060,archanabhosale892@example.com,Thane,Maharashtra,400694,mr,salaried,2012-12-07,FULL,MEDIUM
C001787,Karthik Gaikwad,M,1943-07-19,83,+91 51171 39615,karthik.gaikw59@example.com,Pune,Maharashtra,411369,hinglish,senior_citizen,2016-09-08,FULL,LOW
C001788,Akshay Desai,M,1987-06-01,39,+91 55704 07008,akshay_desa59@example.com,Pune,Maharashtra,411065,hinglish,business,2019-08-27,FULL,LOW
C001789,Yogesh Singh,M,1967-10-05,59,+91 56508 13123,yogesh.singh43@example.com,Ahmedabad,Gujarat,380153,hinglish,salaried,2022-09-01,FULL,MEDIUM
C001790,Kunal Gaikwad,M,1976-12-15,49,+91 52959 91498,kunal_gaik32@example.com,Pune,Maharashtra,411158,hinglish,salaried,2013-02-27,FULL,LOW
C001791,Anita Kamat,F,1995-07-15,31,+91 51273 39952,anita.kamat89@example.com,Pune,Maharashtra,411778,hinglish,salaried,2016-07-13,FULL,LOW
C001792,Anthony Joshi,M,1945-07-01,81,+91 57419 08502,anthony.joshi38@example.com,Thane,Maharashtra,400294,en,senior_citizen,2021-02-07,FULL,LOW
C001793,Sarita Singh,F,1999-03-28,27,+91 58606 51167,sarita.singh64@example.com,Lucknow,Uttar Pradesh,226833,hinglish,self_employed,2024-01-11,FULL,LOW
C001794,Geeta Agarwal,F,1957-06-15,69,+91 52292 21181,geeta_agar60@example.com,Pune,Maharashtra,411069,hinglish,senior_citizen,2025-01-03,FULL,LOW
C001795,Abhijit Choudhary,M,1978-02-09,48,+91 53445 68835,abhijit.choud16@example.com,Nashik,Maharashtra,422305,mr,salaried,2018-05-13,FULL,LOW
C001796,Srinivas Banerjee,M,1952-10-09,74,+91 55504 10325,srinivas.baner41@example.com,Mumbai,Maharashtra,400566,en,senior_citizen,2024-05-02,RE_KYC_DUE,LOW
C001797,Sneha Chavan,F,2006-08-15,20,+91 58031 72340,sneha.chavan53@example.com,Nagpur,Maharashtra,440798,mr,student,2026-03-02,FULL,LOW
C001798,Sneha Kadam,F,2008-02-10,18,+91 52739 56834,sneha_kada39@example.com,Bengaluru,Karnataka,560940,en,student,2026-04-28,FULL,LOW
C001799,Pooja Patil,F,1953-04-12,73,+91 53884 28536,pooja.patil76@example.com,Pune,Maharashtra,411199,hi,senior_citizen,2022-05-02,FULL,MEDIUM
C001800,Rahul Naidu,M,1971-04-09,55,+91 59869 19668,rahul.naidu82@example.com,Indore,Madhya Pradesh,452097,hinglish,self_employed,2019-02-04,FULL,LOW
C001801,Amit Deshpande,M,2002-11-06,23,+91 56859 09070,amitdeshpande600@example.com,Mumbai,Maharashtra,400635,hi,salaried,2025-08-17,FULL,MEDIUM
C001802,Rajesh Naidu,M,1987-12-01,38,+91 53841 38857,rajesh.naidu58@example.com,Nagpur,Maharashtra,440461,en,salaried,2018-06-22,FULL,LOW
C001803,Amit Sheikh,M,1997-11-18,28,+91 59634 95652,amit.sheikh45@example.com,Pune,Maharashtra,411089,en,salaried,2025-09-21,FULL,LOW
C001804,Revati Tiwari,F,1953-02-19,73,+91 53693 00426,revati.tiwari15@example.com,Ahmedabad,Gujarat,380428,hinglish,senior_citizen,2018-12-16,FULL,LOW
C001805,Anjali Apte,F,1961-02-11,65,+91 53760 20868,anjali_apte58@example.com,Nashik,Maharashtra,422007,mr,senior_citizen,2013-07-04,FULL,LOW
C001806,Sarita Gokhale,F,1997-12-22,28,+91 57739 86858,sarita.gokhale19@example.com,Pune,Maharashtra,411355,en,salaried,2025-03-01,RE_KYC_DUE,MEDIUM
C001807,Anita Menon,F,2002-04-09,24,+91 56370 19086,anita.menon65@example.com,Mumbai,Maharashtra,400625,hinglish,student,2021-07-30,FULL,LOW
C001808,Karthik Desai,M,1955-09-19,71,+91 59339 26846,kdesai9310@example.com,Pune,Maharashtra,411395,hi,senior_citizen,2024-11-14,FULL,MEDIUM
C001809,Harish Saxena,M,1993-01-18,33,+91 59397 90168,hsaxena9559@example.com,Nashik,Maharashtra,422370,mr,salaried,2019-01-10,RE_KYC_DUE,LOW
C001810,Vikram More,M,1949-01-31,77,+91 51918 97496,vikram_more60@example.com,Indore,Madhya Pradesh,452989,hinglish,senior_citizen,2018-11-13,FULL,LOW
C001811,Gurdeep Shinde,M,1984-08-15,42,+91 55333 55805,gurdeep.shind21@example.com,Thane,Maharashtra,400914,hinglish,salaried,2016-11-13,FULL,LOW
C001812,Rekha Kamat,F,2008-01-21,18,+91 53577 60386,rekha_kama79@example.com,Nashik,Maharashtra,422442,hi,student,2026-03-24,FULL,LOW
C001813,Deepa Mishra,F,1989-01-22,37,+91 52305 31902,deepa.mishr59@example.com,Pune,Maharashtra,411798,hinglish,salaried,2012-03-22,RE_KYC_DUE,LOW
C001814,Mrunal Pandey,F,1983-08-07,43,+91 58218 30903,mrunal.pandey16@example.com,Delhi,Delhi,110294,hi,self_employed,2019-12-27,FULL,MEDIUM
C001815,Farah Das,F,1973-06-19,53,+91 55308 22705,farah.das52@example.com,Pune,Maharashtra,411123,mr,self_employed,2012-07-08,FULL,LOW
C001816,Omkar Tiwari,M,1967-02-16,59,+91 56483 63187,otiwari7101@example.com,Pune,Maharashtra,411093,en,self_employed,2020-01-01,FULL,MEDIUM
C001817,Farah Dixit,F,1985-07-14,41,+91 54791 03538,fdixit5412@example.com,Pune,Maharashtra,411403,en,salaried,2016-04-26,FULL,LOW
C001818,Usha Saxena,F,1976-11-13,49,+91 55841 14406,usaxena218@example.com,Pune,Maharashtra,411533,mr,self_employed,2021-10-10,FULL,HIGH
C001819,Anita Apte,F,1982-10-03,43,+91 57314 06812,anita_apte18@example.com,Nagpur,Maharashtra,440917,mr,self_employed,2017-06-29,FULL,MEDIUM
C001820,Zoya Shah,F,1996-03-02,30,+91 55762 72826,zoyashah381@example.com,Mumbai,Maharashtra,400030,en,salaried,2023-03-22,FULL,MEDIUM
C001821,Mangesh Menon,M,1974-06-16,52,+91 57217 49817,mangesh.menon55@example.com,Bengaluru,Karnataka,560228,en,salaried,2011-10-09,FULL,LOW
C001822,Kavita Kulkarni,F,2006-01-20,20,+91 51462 78424,kavita.kulkarni43@example.com,Pune,Maharashtra,411962,mr,student,2025-04-01,FULL,LOW
C001823,Pranav Salunkhe,M,1973-10-02,52,+91 53363 51956,pranav.salunkhe47@example.com,Mumbai,Maharashtra,400506,mr,self_employed,2018-11-20,FULL,MEDIUM
C001824,Divya Wagh,F,2007-11-04,18,+91 52523 91472,dwagh1986@example.com,Pune,Maharashtra,411820,hi,student,2025-12-08,FULL,LOW
C001825,Chinmay Kale,M,1967-08-01,59,+91 50478 46384,chinmay_kale29@example.com,Delhi,Delhi,110266,hi,salaried,2017-12-13,FULL,HIGH
C001826,Ananya Kamat,F,1996-12-19,29,+91 50948 03221,akamat6111@example.com,Hyderabad,Telangana,500704,hinglish,salaried,2021-02-26,FULL,LOW
C001827,Vandana Gokhale,F,1963-08-16,63,+91 52951 50113,vandana_gokh27@example.com,Indore,Madhya Pradesh,452824,hi,senior_citizen,2015-12-13,FULL,MEDIUM
C001828,Venkat More,M,1999-07-18,27,+91 56652 96246,vmore3347@example.com,Pune,Maharashtra,411380,hinglish,self_employed,2018-03-17,FULL,MEDIUM
C001829,Sarita Naidu,F,1985-12-07,40,+91 57064 59442,sarita.naidu76@example.com,Nagpur,Maharashtra,440014,en,business,2020-12-05,FULL,MEDIUM
C001830,Archana Mane,F,1963-02-22,63,+91 53866 20104,archana.mane75@example.com,Thane,Maharashtra,400667,en,senior_citizen,2015-11-11,FULL,LOW
C001831,Asha Gaikwad,F,1972-12-31,53,+91 54124 57375,ashagaikwad490@example.com,Nagpur,Maharashtra,440431,mr,self_employed,2015-10-29,FULL,LOW
C001832,Seema Sheikh,F,1978-05-23,48,+91 57333 17519,seema.sheik81@example.com,Bengaluru,Karnataka,560366,hinglish,homemaker,2011-10-11,FULL,LOW
C001833,Sagar Yadav,M,1994-08-31,32,+91 50777 99375,sagar.yadav85@example.com,Pune,Maharashtra,411452,en,salaried,2017-05-19,FULL,LOW
C001834,Pooja Pandey,F,1972-11-26,53,+91 59666 44413,poojapandey669@example.com,Mumbai,Maharashtra,400543,hi,salaried,2012-12-31,RE_KYC_DUE,LOW
C001835,Mrunal Naik,F,1975-02-20,51,+91 59622 46352,mrunalnaik840@example.com,Pune,Maharashtra,411354,en,salaried,2017-03-31,FULL,LOW
C001836,Ajay Pillai,M,1973-05-09,53,+91 58070 02532,ajay_pill68@example.com,Pune,Maharashtra,411955,mr,salaried,2013-08-10,FULL,LOW
C001837,Nisha Saxena,F,1986-11-06,39,+91 52620 32650,nishasaxena802@example.com,Lucknow,Uttar Pradesh,226048,hi,self_employed,2018-08-29,FULL,LOW
C001838,Komal Jadhav,F,2002-01-03,24,+91 53405 59471,komal.jadha29@example.com,Pune,Maharashtra,411540,hi,student,2022-05-26,FULL,LOW
C001839,Rajesh Naik,M,1984-01-29,42,+91 58752 39522,rajesh.naik30@example.com,Pune,Maharashtra,411544,en,self_employed,2022-12-13,FULL,LOW
C001840,Anita Gokhale,F,1995-09-29,30,+91 59616 01335,anita.gokha35@example.com,Indore,Madhya Pradesh,452493,hinglish,self_employed,2017-07-17,FULL,LOW
C001841,Faisal Bhatt,M,1945-07-10,81,+91 53524 77376,faisal.bhatt58@example.com,Pune,Maharashtra,411564,hi,senior_citizen,2013-10-18,FULL,LOW
C001842,Vijay Mehta,M,1988-06-20,38,+91 57246 68523,vijay.mehta35@example.com,Bengaluru,Karnataka,560994,hinglish,salaried,2019-02-03,FULL,LOW
C001843,Amit Sharma,M,1973-06-02,53,+91 57570 85197,amitsharma196@example.com,Nagpur,Maharashtra,440558,mr,salaried,2026-02-28,FULL,LOW
C001844,Anil Yadav,M,1982-10-01,43,+91 55418 03506,anilyadav435@example.com,Nagpur,Maharashtra,440198,en,salaried,2012-02-28,FULL,LOW
C001845,Jyoti Banerjee,F,1999-10-02,26,+91 55367 32777,jbanerjee2067@example.com,Delhi,Delhi,110395,en,salaried,2022-12-14,FULL,LOW
C001846,Neha Joshi,F,1943-02-19,83,+91 57283 10088,neha.joshi23@example.com,Pune,Maharashtra,411904,mr,senior_citizen,2024-07-02,FULL,MEDIUM
C001847,Parag More,M,1994-12-28,31,+91 50984 75758,paragmore566@example.com,Mumbai,Maharashtra,400588,mr,salaried,2019-12-18,FULL,LOW
C001848,Rajesh Das,M,2007-04-06,19,+91 57431 78901,rajeshdas253@example.com,Jaipur,Rajasthan,302182,hinglish,student,2025-12-12,FULL,MEDIUM
C001849,Pallavi Kamat,F,1972-09-10,54,+91 58703 30082,pallavi_kama13@example.com,Jaipur,Rajasthan,302478,hi,self_employed,2023-11-05,FULL,LOW
C001850,Suresh Pillai,M,1996-09-25,30,+91 55152 95993,suresh.pillai18@example.com,Delhi,Delhi,110884,hinglish,salaried,2015-12-25,FULL,LOW
C001851,Rahul Gupta,M,2005-07-29,21,+91 52629 91195,rahul.gupta65@example.com,Pune,Maharashtra,411539,hinglish,student,2025-06-20,FULL,LOW
C001852,Arun Yadav,M,1944-04-29,82,+91 51380 94673,arunyadav776@example.com,Nashik,Maharashtra,422379,mr,senior_citizen,2017-07-18,FULL,LOW
C001853,Aniket Verma,M,1988-09-19,38,+91 52608 23581,aniket.verma41@example.com,Pune,Maharashtra,411535,mr,self_employed,2017-05-31,FULL,LOW
C001854,Ajay Jadhav,M,2005-06-02,21,+91 52974 14247,ajadhav5962@example.com,Pune,Maharashtra,411238,hinglish,student,2024-08-08,FULL,LOW
C001855,Nandini Sharma,F,1951-01-27,75,+91 51881 32361,nandini.sharm39@example.com,Mumbai,Maharashtra,400263,hinglish,senior_citizen,2021-10-29,FULL,LOW
C001856,Parag Patil,M,1952-05-22,74,+91 56714 54266,paragpatil138@example.com,Mumbai,Maharashtra,400880,hi,senior_citizen,2023-01-22,FULL,MEDIUM
C001857,Mangesh Deshpande,M,1998-03-13,28,+91 58396 61717,mangesh.deshpande61@example.com,Pune,Maharashtra,411589,hinglish,salaried,2025-12-23,FULL,LOW
C001858,Vikram Salunkhe,M,1984-10-06,42,+91 51237 26235,vikram.salun63@example.com,Mumbai,Maharashtra,400419,en,salaried,2023-01-10,FULL,LOW
C001859,Vaishali Naik,F,1987-12-31,38,+91 52663 43779,vnaik3318@example.com,Mumbai,Maharashtra,400861,en,self_employed,2016-10-08,FULL,LOW
C001860,Aarti Nair,F,1967-07-11,59,+91 52782 78786,anair1423@example.com,Mumbai,Maharashtra,400958,hi,self_employed,2019-03-08,FULL,LOW
C001861,Rohit Reddy,M,1967-02-20,59,+91 56462 64344,rohit.reddy96@example.com,Jaipur,Rajasthan,302730,hi,homemaker,2014-06-08,FULL,MEDIUM
C001862,Tejaswini Bhosale,F,1972-07-23,54,+91 55498 66875,tejaswinibhosale412@example.com,Pune,Maharashtra,411592,hi,homemaker,2011-12-05,FULL,LOW
C001863,Sunita Tiwari,F,1991-03-18,35,+91 59929 48733,sunitatiwari370@example.com,Indore,Madhya Pradesh,452731,hinglish,self_employed,2021-02-10,FULL,MEDIUM
C001864,Vaishali Verma,F,1976-07-24,50,+91 56913 53597,vaishali_verm52@example.com,Pune,Maharashtra,411893,mr,salaried,2025-01-11,RE_KYC_DUE,LOW
C001865,Prakash Patil,M,1959-04-13,67,+91 51150 56959,prakash.patil22@example.com,Mumbai,Maharashtra,400682,mr,senior_citizen,2015-11-12,FULL,LOW
C001866,Revati Singh,F,1994-02-18,32,+91 51027 43584,rsingh5238@example.com,Mumbai,Maharashtra,400065,hinglish,salaried,2013-11-28,RE_KYC_DUE,LOW
C001867,Tejaswini Nair,F,1944-08-11,82,+91 55583 75551,tejaswini.nair88@example.com,Mumbai,Maharashtra,400535,en,senior_citizen,2018-04-06,FULL,MEDIUM
C001868,Archana Kale,F,1988-12-15,37,+91 54073 80480,archana_kale53@example.com,Mumbai,Maharashtra,400204,mr,salaried,2019-10-09,FULL,LOW
C001869,Jyoti Mishra,F,1959-05-19,67,+91 50101 17461,jyotimishra397@example.com,Pune,Maharashtra,411909,hi,senior_citizen,2021-03-30,FULL,LOW
C001870,Swapnil Naik,M,2004-01-25,22,+91 53260 90259,snaik2609@example.com,Mumbai,Maharashtra,400391,hi,salaried,2022-07-17,FULL,LOW
C001871,Sagar Desai,M,1992-08-18,34,+91 56363 22863,sdesai454@example.com,Indore,Madhya Pradesh,452048,hi,salaried,2022-12-17,FULL,MEDIUM
C001872,Aarti Shinde,F,1968-05-01,58,+91 54638 60266,aarti.shinde85@example.com,Delhi,Delhi,110342,hi,salaried,2018-09-24,FULL,LOW
C001873,Smita Apte,F,1985-04-02,41,+91 52708 16319,sapte1440@example.com,Nashik,Maharashtra,422984,mr,self_employed,2014-09-29,FULL,LOW
C001874,Ajay Shinde,M,1992-09-21,34,+91 56149 79349,ajay_shin22@example.com,Lucknow,Uttar Pradesh,226653,hinglish,self_employed,2012-02-28,FULL,LOW
C001875,Deepa Singh,F,1995-08-24,31,+91 50686 96806,dsingh9317@example.com,Thane,Maharashtra,400669,mr,salaried,2019-01-21,FULL,LOW
C001876,Mahesh Mishra,M,1996-07-23,30,+91 52525 65549,mahesh.mishra35@example.com,Bengaluru,Karnataka,560473,en,salaried,2019-05-17,FULL,LOW
C001877,Radha Gupta,F,1989-08-10,37,+91 56786 54335,radha_gupt56@example.com,Bengaluru,Karnataka,560671,en,self_employed,2012-07-02,FULL,LOW
C001878,Vijay Salunkhe,M,1969-05-11,57,+91 55533 21149,vijaysalunkhe361@example.com,Pune,Maharashtra,411500,hinglish,salaried,2016-10-16,FULL,LOW
C001879,Meena Agarwal,F,1999-10-15,26,+91 52552 54924,meena_agar64@example.com,Nashik,Maharashtra,422345,mr,salaried,2026-01-05,FULL,LOW
C001880,Revati Gokhale,F,2004-04-04,22,+91 55513 13295,rgokhale3566@example.com,Pune,Maharashtra,411367,hi,salaried,2023-04-16,FULL,LOW
C001881,Harish Pillai,M,1997-12-04,28,+91 52575 04092,harishpillai816@example.com,Indore,Madhya Pradesh,452698,hi,salaried,2023-07-12,FULL,LOW
C001882,Girish Agarwal,M,1991-04-15,35,+91 57273 55880,girish_agar12@example.com,Delhi,Delhi,110796,en,business,2019-12-18,FULL,HIGH
C001883,Anil Sharma,M,1947-03-29,79,+91 51955 58835,anil.sharma87@example.com,Pune,Maharashtra,411664,hi,senior_citizen,2024-04-12,FULL,MEDIUM
C001884,Sagar Dixit,M,1974-09-04,52,+91 50417 86534,sdixit3524@example.com,Pune,Maharashtra,411270,hi,salaried,2011-11-15,FULL,LOW
C001885,Deepa Kadam,F,1943-04-02,83,+91 55769 16988,dkadam9628@example.com,Ahmedabad,Gujarat,380440,hinglish,senior_citizen,2024-03-18,FULL,LOW
C001886,Komal Tiwari,F,1947-10-23,78,+91 57583 68501,komaltiwari525@example.com,Delhi,Delhi,110408,hinglish,senior_citizen,2024-02-28,FULL,LOW
C001887,Usha Apte,F,1944-07-02,82,+91 58918 01273,ushaapte843@example.com,Delhi,Delhi,110763,en,senior_citizen,2018-09-29,FULL,LOW
C001888,Archana Saxena,F,2002-07-08,24,+91 58735 06923,archanasaxena326@example.com,Nashik,Maharashtra,422468,hi,salaried,2026-04-21,FULL,LOW
C001889,Omkar Gupta,M,1979-11-20,46,+91 56130 20976,omkar.gupta75@example.com,Mumbai,Maharashtra,400963,hi,salaried,2024-12-26,RE_KYC_DUE,LOW
C001890,Radha Joshi,F,1962-07-21,64,+91 54245 44820,radha_josh96@example.com,Lucknow,Uttar Pradesh,226234,hinglish,senior_citizen,2017-04-04,FULL,MEDIUM
C001891,Shalini Shah,F,1952-02-21,74,+91 56813 86034,shalini.shah93@example.com,Pune,Maharashtra,411917,hinglish,senior_citizen,2018-08-15,FULL,MEDIUM
C001892,Sneha Das,F,1955-10-20,70,+91 55488 28863,sneha_das35@example.com,Mumbai,Maharashtra,400067,hi,senior_citizen,2014-08-01,FULL,LOW
C001893,Anjali Gaikwad,F,1998-12-07,27,+91 53221 22884,anjali.gaikw80@example.com,Mumbai,Maharashtra,400123,hi,salaried,2023-04-03,FULL,LOW
C001894,Rupali Bhosale,F,1965-03-14,61,+91 52722 60612,rupali.bhosale76@example.com,Pune,Maharashtra,411263,hi,senior_citizen,2014-11-01,RE_KYC_DUE,LOW
C001895,Nisha Sawant,F,1954-01-08,72,+91 58563 63913,nishasawant952@example.com,Ahmedabad,Gujarat,380264,en,senior_citizen,2018-06-21,FULL,LOW
C001896,Harpreet Sheikh,M,1970-03-20,56,+91 58627 81025,harpreet.sheik35@example.com,Mumbai,Maharashtra,400893,hi,salaried,2022-10-26,FULL,MEDIUM
C001897,Amit Kulkarni,M,2001-10-29,24,+91 50681 16105,amit.kulka29@example.com,Ahmedabad,Gujarat,380389,en,salaried,2019-02-04,FULL,LOW
C001898,Sana Verma,F,1986-12-31,39,+91 55800 87430,sana.verma99@example.com,Lucknow,Uttar Pradesh,226007,hinglish,business,2025-08-27,FULL,LOW
C001899,Kavita Apte,F,1972-04-16,54,+91 56984 30369,kavita.apte23@example.com,Pune,Maharashtra,411069,hi,salaried,2016-07-25,FULL,LOW
C001900,Prakash Yadav,M,1967-07-22,59,+91 54403 62194,prakashyadav715@example.com,Thane,Maharashtra,400026,hinglish,salaried,2017-10-16,RE_KYC_DUE,LOW
C001901,Keerthi Deshpande,F,1979-05-17,47,+91 57041 92883,keerthideshpande999@example.com,Nagpur,Maharashtra,440323,hi,salaried,2016-09-20,FULL,LOW
C001902,Anjali Naidu,F,1984-10-08,41,+91 50349 57129,anaidu4568@example.com,Mumbai,Maharashtra,400669,hi,salaried,2024-05-22,FULL,LOW
C001903,Manoj Thakur,M,1995-10-28,30,+91 52017 56021,mthakur1747@example.com,Mumbai,Maharashtra,400333,en,salaried,2022-10-17,FULL,LOW
C001904,Sagar Bhosale,M,1955-07-03,71,+91 54955 63782,sagar_bhos88@example.com,Mumbai,Maharashtra,400570,en,senior_citizen,2013-04-30,FULL,LOW
C001905,Farah Pandey,F,2001-08-20,25,+91 50740 41922,fpandey4594@example.com,Nagpur,Maharashtra,440012,mr,business,2022-06-20,FULL,MEDIUM
C001906,Seema Sheikh,F,2001-06-19,25,+91 56885 20845,seema_shei91@example.com,Nagpur,Maharashtra,440532,hi,salaried,2023-09-07,RE_KYC_DUE,LOW
C001907,Jyoti Khan,F,1943-05-12,83,+91 55429 12677,jkhan8050@example.com,Mumbai,Maharashtra,400315,mr,senior_citizen,2018-10-26,FULL,MEDIUM
C001908,Girish Sheikh,M,1945-01-25,81,+91 53143 26155,gsheikh3198@example.com,Pune,Maharashtra,411529,en,senior_citizen,2015-07-07,FULL,LOW
C001909,Divya Naidu,F,1944-04-02,82,+91 50377 93741,dnaidu9640@example.com,Mumbai,Maharashtra,400280,mr,senior_citizen,2024-01-17,FULL,LOW
C001910,Omkar Chavan,M,1960-12-12,65,+91 50193 12496,omkar.chava69@example.com,Mumbai,Maharashtra,400071,mr,senior_citizen,2014-07-24,FULL,LOW
C001911,Shalini Bhatt,F,1978-05-12,48,+91 59761 75369,shalinibhatt986@example.com,Mumbai,Maharashtra,400820,en,self_employed,2025-12-12,FULL,MEDIUM
C001912,Rahul Chavan,M,1993-06-29,33,+91 56720 69332,rchavan5884@example.com,Pune,Maharashtra,411336,hi,self_employed,2021-12-19,FULL,LOW
C001913,Anita Khan,F,1997-01-01,29,+91 59858 13133,anita.khan31@example.com,Pune,Maharashtra,411706,mr,salaried,2026-01-08,FULL,LOW
C001914,Abhijit Thakur,M,1988-04-30,38,+91 53487 14623,abhijitthakur849@example.com,Thane,Maharashtra,400639,mr,salaried,2018-04-17,FULL,MEDIUM
C001915,Zoya Sharma,F,1993-12-14,32,+91 52053 79265,zsharma5108@example.com,Pune,Maharashtra,411284,en,self_employed,2013-10-22,RE_KYC_DUE,LOW
C001916,Sneha Patil,F,1992-06-27,34,+91 56545 58322,sneha.patil44@example.com,Mumbai,Maharashtra,400335,hinglish,salaried,2012-07-20,FULL,LOW
C001917,Anjali More,F,1994-04-05,32,+91 56365 56188,anjali.more36@example.com,Mumbai,Maharashtra,400254,hinglish,business,2015-07-12,FULL,LOW
C001918,Harpreet Naik,M,1956-02-04,70,+91 56189 49058,harpreet.naik14@example.com,Mumbai,Maharashtra,400519,hinglish,senior_citizen,2013-07-28,FULL,LOW
C001919,Ganesh Thakur,M,1976-03-27,50,+91 51342 01536,ganesh.thaku18@example.com,Hyderabad,Telangana,500617,en,salaried,2018-06-27,FULL,LOW
C001920,Bhavana Gokhale,F,1977-10-19,48,+91 59705 55656,bhavana_gokh46@example.com,Mumbai,Maharashtra,400140,en,salaried,2013-09-08,RE_KYC_DUE,LOW
C001921,Ishita Gupta,F,1993-08-13,33,+91 52133 80438,igupta4641@example.com,Pune,Maharashtra,411586,hinglish,salaried,2021-05-25,FULL,LOW
C001922,Venkat Deshmukh,M,1987-12-25,38,+91 57992 60728,venkat.deshm10@example.com,Pune,Maharashtra,411152,hi,self_employed,2017-08-13,FULL,MEDIUM
C001923,Siddharth Das,M,2001-09-16,25,+91 52491 16792,siddharth.das95@example.com,Lucknow,Uttar Pradesh,226020,hinglish,salaried,2021-11-22,FULL,MEDIUM
C001924,Amit Joshi,M,1999-10-09,26,+91 53507 17430,amitjoshi300@example.com,Ahmedabad,Gujarat,380874,en,salaried,2025-03-18,FULL,LOW
C001925,Sayali Kulkarni,F,1994-09-21,32,+91 59266 03854,sayali_kulk97@example.com,Delhi,Delhi,110464,en,self_employed,2020-07-13,FULL,MEDIUM
C001926,Shweta Das,F,1998-07-12,28,+91 56220 09408,shweta.das70@example.com,Jaipur,Rajasthan,302682,hinglish,business,2018-02-11,FULL,LOW
C001927,Meena Rao,F,1992-11-06,33,+91 56768 80582,mrao7240@example.com,Mumbai,Maharashtra,400817,mr,salaried,2024-08-20,FULL,LOW
C001928,Pranav Bhosale,M,2002-12-28,23,+91 59209 70083,pranav.bhosa63@example.com,Mumbai,Maharashtra,400515,hi,student,2016-05-27,FULL,MEDIUM
C001929,Abhijit Thakur,M,1967-12-07,58,+91 56726 80373,athakur224@example.com,Thane,Maharashtra,400638,hinglish,business,2022-05-24,FULL,LOW
C001930,Faisal Salunkhe,M,1984-05-25,42,+91 58514 48165,faisal_salu14@example.com,Jaipur,Rajasthan,302884,hinglish,salaried,2016-09-08,FULL,LOW
C001931,Faisal Joshi,M,2003-01-05,23,+91 56563 93298,fjoshi5089@example.com,Pune,Maharashtra,411427,mr,salaried,2023-12-19,FULL,LOW
C001932,Asha Pawar,F,1948-04-28,78,+91 55851 46305,apawar8269@example.com,Pune,Maharashtra,411066,hinglish,senior_citizen,2021-08-23,FULL,LOW
C001933,Madhuri Choudhary,F,1994-07-05,32,+91 55051 24960,mchoudhary7451@example.com,Ahmedabad,Gujarat,380847,en,salaried,2024-01-10,FULL,MEDIUM
C001934,Tushar Gaikwad,M,1982-02-06,44,+91 55965 71681,tushar_gaik76@example.com,Jaipur,Rajasthan,302567,hinglish,salaried,2019-05-18,FULL,LOW
C001935,Ramesh Dixit,M,1992-11-28,33,+91 50839 20450,ramesh_dixi52@example.com,Pune,Maharashtra,411478,en,self_employed,2023-03-30,FULL,LOW
C001936,Mangesh Apte,M,1966-09-24,60,+91 57916 96050,mapte9926@example.com,Mumbai,Maharashtra,400059,mr,senior_citizen,2013-06-07,FULL,LOW
C001937,Yogesh Singh,M,1956-08-29,70,+91 57906 44740,yogesh.singh70@example.com,Pune,Maharashtra,411924,mr,senior_citizen,2016-06-18,FULL,LOW
C001938,Manoj Dixit,M,1977-11-26,48,+91 50400 55986,manoj.dixit75@example.com,Pune,Maharashtra,411099,hi,self_employed,2020-10-28,RE_KYC_DUE,LOW
C001939,Arun Naidu,M,2001-01-17,25,+91 55872 59444,anaidu2634@example.com,Pune,Maharashtra,411966,hinglish,salaried,2020-03-24,FULL,LOW
C001940,Faisal Chavan,M,1982-06-12,44,+91 56462 57643,fchavan611@example.com,Pune,Maharashtra,411519,mr,salaried,2012-07-28,FULL,LOW
C001941,Hemant Iyer,M,1990-09-27,35,+91 55798 02736,hemantiyer352@example.com,Bengaluru,Karnataka,560187,hinglish,self_employed,2016-09-25,FULL,LOW
C001942,Mangesh Das,M,1998-08-05,28,+91 58175 09769,mangesh.das14@example.com,Pune,Maharashtra,411941,mr,salaried,2019-10-08,FULL,LOW
C001943,Anthony Nair,M,1962-12-02,63,+91 50479 68395,anthony.nair90@example.com,Ahmedabad,Gujarat,380805,hinglish,senior_citizen,2025-08-14,FULL,MEDIUM
C001944,Hemant Naik,M,1972-03-14,54,+91 50761 30031,hnaik4389@example.com,Mumbai,Maharashtra,400440,hinglish,salaried,2025-09-21,FULL,LOW
C001945,Vijay Naik,M,2000-11-12,25,+91 50903 36550,vijay.naik67@example.com,Pune,Maharashtra,411605,mr,salaried,2021-07-04,FULL,LOW
C001946,Geeta Jadhav,F,1995-10-20,30,+91 50777 81188,geeta.jadha74@example.com,Pune,Maharashtra,411530,hinglish,homemaker,2014-09-09,FULL,LOW
C001947,Zoya Rao,F,1997-12-20,28,+91 53070 41204,zoyarao926@example.com,Mumbai,Maharashtra,400390,en,salaried,2019-05-07,FULL,LOW
C001948,Faisal Salunkhe,M,1998-10-31,27,+91 56938 51010,faisalsalunkhe530@example.com,Ahmedabad,Gujarat,380481,hinglish,salaried,2017-07-24,RE_KYC_DUE,LOW
C001949,Anjali Gaikwad,F,1995-06-02,31,+91 57841 92143,anjali_gaik35@example.com,Pune,Maharashtra,411750,mr,salaried,2024-05-04,FULL,LOW
C001950,Prakash Banerjee,M,1946-06-24,80,+91 58231 28273,prakash_bane30@example.com,Bengaluru,Karnataka,560143,hinglish,senior_citizen,2021-07-27,FULL,LOW
C001951,Ramesh Menon,M,1994-10-24,31,+91 56731 33503,ramesh_meno20@example.com,Nagpur,Maharashtra,440151,mr,self_employed,2021-10-15,FULL,MEDIUM
C001952,Karthik Yadav,M,1982-06-04,44,+91 57491 99579,kyadav1150@example.com,Pune,Maharashtra,411292,hi,salaried,2023-10-18,FULL,LOW
C001953,Meena Kulkarni,F,1946-11-05,79,+91 59867 68920,meena.kulkarni34@example.com,Pune,Maharashtra,411568,hinglish,senior_citizen,2021-07-31,FULL,LOW
C001954,Nisha Pawar,F,1945-08-05,81,+91 57600 78455,nisha.pawar78@example.com,Hyderabad,Telangana,500312,hinglish,senior_citizen,2022-04-15,FULL,LOW
C001955,Rupali Mishra,F,2001-09-10,25,+91 59489 77782,rupalimishra193@example.com,Mumbai,Maharashtra,400819,hinglish,salaried,2019-11-01,FULL,LOW
C001956,Gurpreet Dixit,F,1977-04-05,49,+91 52102 88709,gurpreet.dixit15@example.com,Nashik,Maharashtra,422972,hi,self_employed,2016-10-08,FULL,MEDIUM
C001957,Rohit Bhatt,M,1996-07-02,30,+91 50118 03801,rohit.bhatt84@example.com,Mumbai,Maharashtra,400532,mr,salaried,2017-08-02,RE_KYC_DUE,LOW
C001958,Meena Thakur,F,1944-05-09,82,+91 51421 58022,mthakur5298@example.com,Nashik,Maharashtra,422259,mr,senior_citizen,2022-04-30,FULL,MEDIUM
C001959,Madhuri Saxena,F,1972-09-23,54,+91 54239 37768,madhuri.saxena56@example.com,Nashik,Maharashtra,422886,hi,salaried,2020-10-07,FULL,MEDIUM
C001960,Aniket Kale,M,1991-08-19,35,+91 57120 77462,aniketkale780@example.com,Mumbai,Maharashtra,400741,en,self_employed,2022-01-20,RE_KYC_DUE,MEDIUM
C001961,Amit Wagh,M,1981-02-19,45,+91 55968 08857,awagh7864@example.com,Pune,Maharashtra,411153,en,salaried,2020-03-18,FULL,LOW
C001962,Gurpreet Pillai,F,2000-09-28,25,+91 51881 66689,gurpreet.pillai23@example.com,Lucknow,Uttar Pradesh,226753,hi,salaried,2022-11-24,FULL,MEDIUM
C001963,Anjali Verma,F,1968-02-22,58,+91 58003 50859,anjali_verm10@example.com,Delhi,Delhi,110546,hinglish,self_employed,2022-01-12,FULL,MEDIUM
C001964,Pranav Naidu,M,1996-06-01,30,+91 52841 84021,pranav.naidu96@example.com,Pune,Maharashtra,411982,en,salaried,2019-07-30,FULL,LOW
C001965,Abhijit Menon,M,1948-08-20,78,+91 59586 84097,abhijit.menon57@example.com,Pune,Maharashtra,411894,hinglish,senior_citizen,2019-12-10,FULL,LOW
C001966,Usha Naidu,F,1991-06-07,35,+91 57594 70528,usha.naidu58@example.com,Lucknow,Uttar Pradesh,226886,hi,salaried,2015-06-05,FULL,LOW
C001967,Pallavi Yadav,F,1976-06-22,50,+91 58395 79804,pallaviyadav688@example.com,Delhi,Delhi,110672,hi,salaried,2025-01-11,FULL,LOW
C001968,Mrunal Iyer,F,1965-01-03,61,+91 53834 26345,miyer8790@example.com,Hyderabad,Telangana,500106,en,senior_citizen,2024-07-17,FULL,LOW
C001969,Keerthi Deshpande,F,1998-05-01,28,+91 50555 39576,keerthi.deshp69@example.com,Pune,Maharashtra,411738,hinglish,business,2020-05-26,FULL,LOW
C001970,Madhuri Saxena,F,1999-08-21,27,+91 53165 69601,msaxena3384@example.com,Nagpur,Maharashtra,440648,hi,salaried,2021-11-04,FULL,MEDIUM
C001971,Usha Reddy,F,1997-06-28,29,+91 50624 41235,usha_redd75@example.com,Pune,Maharashtra,411746,en,homemaker,2020-08-19,FULL,LOW
C001972,Anita Nair,F,1987-01-25,39,+91 53482 46321,anitanair691@example.com,Bengaluru,Karnataka,560446,hinglish,salaried,2019-06-14,FULL,LOW
C001973,Farah Tiwari,F,1996-01-04,30,+91 51762 91062,farah_tiwa66@example.com,Mumbai,Maharashtra,400195,hi,salaried,2021-05-06,FULL,MEDIUM
C001974,Nandini Pawar,F,1962-12-23,63,+91 58625 93357,npawar5815@example.com,Ahmedabad,Gujarat,380220,en,senior_citizen,2021-10-24,FULL,LOW
C001975,Ashok Apte,M,1988-09-23,38,+91 56733 64356,aapte3182@example.com,Pune,Maharashtra,411503,hinglish,homemaker,2025-01-07,FULL,MEDIUM
C001976,Manisha Banerjee,F,1948-10-26,77,+91 52673 06225,manisha_bane60@example.com,Thane,Maharashtra,400852,en,senior_citizen,2022-12-05,FULL,MEDIUM
C001977,Farah Bhatt,F,1973-03-15,53,+91 53833 88031,fbhatt9631@example.com,Nashik,Maharashtra,422678,hi,self_employed,2023-12-13,FULL,LOW
C001978,Sachin Singh,M,1967-09-17,59,+91 58088 76660,sachinsingh333@example.com,Hyderabad,Telangana,500481,en,salaried,2012-05-28,FULL,LOW
C001979,Manisha Bhosale,F,2000-09-30,25,+91 58684 54331,mbhosale4552@example.com,Hyderabad,Telangana,500919,en,salaried,2025-05-31,FULL,MEDIUM
C001980,Pallavi Shah,F,1974-03-04,52,+91 57613 42386,pallavi.shah95@example.com,Delhi,Delhi,110106,en,homemaker,2016-02-04,FULL,LOW
C001981,Anil Desai,M,2000-10-15,25,+91 54824 31853,anildesai462@example.com,Pune,Maharashtra,411006,hi,salaried,2024-08-01,FULL,LOW
C001982,Geeta Sawant,F,1988-02-26,38,+91 50643 09945,geeta_sawa92@example.com,Jaipur,Rajasthan,302170,hinglish,salaried,2019-11-09,FULL,LOW
C001983,Vandana Saxena,F,1954-03-24,72,+91 55956 49700,vandana_saxe16@example.com,Mumbai,Maharashtra,400312,hinglish,senior_citizen,2018-11-27,FULL,LOW
C001984,Mahesh Dixit,M,1998-04-29,28,+91 51799 20338,mahesh.dixit97@example.com,Delhi,Delhi,110786,hinglish,business,2020-09-02,FULL,LOW
C001985,Chinmay Shah,M,1992-08-13,34,+91 54811 12566,chinmay.shah52@example.com,Lucknow,Uttar Pradesh,226538,hi,self_employed,2018-06-25,FULL,MEDIUM
C001986,Nisha Kulkarni,F,1995-07-09,31,+91 55994 21336,nkulkarni217@example.com,Nashik,Maharashtra,422956,mr,salaried,2017-02-13,FULL,LOW
C001987,Chinmay Reddy,M,2002-01-03,24,+91 59943 46501,chinmayreddy507@example.com,Hyderabad,Telangana,500247,hinglish,salaried,2022-08-11,FULL,LOW
C001988,Revati Saxena,F,1967-08-24,59,+91 59934 11946,revatisaxena236@example.com,Pune,Maharashtra,411851,hinglish,business,2016-05-16,FULL,MEDIUM
C001989,Harpreet Reddy,M,1982-03-14,44,+91 55436 37496,harpreet_redd19@example.com,Bengaluru,Karnataka,560118,en,self_employed,2025-07-11,FULL,LOW
C001990,Anjali Apte,F,1979-10-23,46,+91 57593 60013,anjali.apte62@example.com,Nashik,Maharashtra,422292,hi,salaried,2016-09-14,FULL,LOW
C001991,Anjali Bhatt,F,1955-05-20,71,+91 52647 87289,anjali.bhatt18@example.com,Pune,Maharashtra,411068,mr,senior_citizen,2025-08-19,FULL,LOW
C001992,Vinayak Sharma,M,1961-09-24,65,+91 52223 78352,vinayak_shar89@example.com,Bengaluru,Karnataka,560459,en,senior_citizen,2016-10-07,FULL,LOW
C001993,Vinayak Shinde,M,2000-02-11,26,+91 52950 82239,vshinde3396@example.com,Nagpur,Maharashtra,440732,mr,salaried,2019-11-28,FULL,LOW
C001994,Seema More,F,1970-07-29,56,+91 50965 42005,smore7566@example.com,Nagpur,Maharashtra,440301,en,salaried,2011-11-23,FULL,LOW
C001995,Nandini Shinde,F,1981-03-07,45,+91 55194 62826,nandini_shin17@example.com,Jaipur,Rajasthan,302253,hi,salaried,2022-12-13,FULL,LOW
C001996,Asha Naidu,F,1984-07-14,42,+91 55109 45590,asha_naid60@example.com,Indore,Madhya Pradesh,452335,hinglish,homemaker,2019-09-14,FULL,MEDIUM
C001997,Anjali Agarwal,F,2002-12-31,23,+91 52217 75014,anjali.agarwal77@example.com,Indore,Madhya Pradesh,452027,hinglish,salaried,2022-12-25,FULL,LOW
C001998,Aditya Sharma,M,1970-10-28,55,+91 52110 03950,adityasharma923@example.com,Bengaluru,Karnataka,560718,en,salaried,2011-12-10,FULL,LOW
C001999,Seema Bhatt,F,1943-12-03,82,+91 54217 59557,seema.bhatt99@example.com,Nashik,Maharashtra,422174,hi,senior_citizen,2021-03-18,FULL,LOW
C002000,Aniket Saxena,M,1966-10-15,59,+91 57622 50140,aniket.saxen35@example.com,Pune,Maharashtra,411980,en,salaried,2021-12-13,FULL,LOW
