device_id,customer_id,device_model,os,app_version,first_seen,last_seen,is_primary
DEV67C02B02,C000001,iQOO Z9,Android 14,5.2.0,2023-10-14T19:00:03+05:30,2026-03-23T15:07:59+05:30,false
DEVF9C84947,C000001,Galaxy A15,Android 14,5.16.1,2025-03-21T14:19:45+05:30,2026-07-05T13:35:52+05:30,true
DEVD48859D2,C000002,vivo Y28,Android 14,5.16.1,2026-06-02T17:21:01+05:30,2026-09-05T22:38:18+05:30,true
DEVDCEEA583,C000003,Galaxy M14,Android 13,5.2.0,2025-05-10T13:48:26+05:30,2025-07-03T17:34:38+05:30,false
DEVD2FF871E,C000003,Redmi Note 12,Android 13,5.15.2,2025-10-31T17:32:29+05:30,2026-07-09T20:57:53+05:30,true
DEV77D2F3FB,C000004,realme 12 Pro,Android 14,5.16.1,2026-02-27T11:54:21+05:30,2026-09-20T15:32:32+05:30,true
DEV7D6185DA,C000005,Galaxy M34,Android 14,5.15.2,2022-05-06T19:06:39+05:30,2026-07-03T09:52:32+05:30,true
DEVCDDACE4E,C000006,Galaxy M34,Android 14,5.12.3,2022-03-28T20:49:16+05:30,2026-08-16T14:13:42+05:30,true
DEVEAE773FB,C000007,Redmi Note 13,Android 14,5.15.2,2024-03-14T20:44:13+05:30,2026-09-09T23:13:49+05:30,true
DEV7F3B95F8,C000008,Galaxy M14,Android 13,5.6.2,2026-02-18T09:54:52+05:30,2026-08-09T20:53:38+05:30,false
DEVB03D0C62,C000008,Redmi 13C,Android 13,5.12.3,2026-09-06T14:52:33+05:30,2026-09-07T13:21:40+05:30,true
DEV24A4AE6C,C000010,Redmi Note 13,Android 14,5.16.1,2024-12-03T15:42:58+05:30,2026-09-23T13:06:34+05:30,true
DEV366875F7,C000011,iPhone 13,iOS 17.6,5.16.1,2023-08-24T13:08:26+05:30,2026-09-18T14:04:36+05:30,true
DEVE6BA36CD,C000014,OnePlus Nord CE4,Android 14,5.14.0,2026-01-17T19:47:26+05:30,2026-09-16T19:23:08+05:30,true
DEVBB948B3D,C000015,Galaxy A15,Android 14,5.12.3,2024-10-19T17:08:39+05:30,2026-08-29T07:37:35+05:30,true
DEVF04AB703,C000017,Galaxy A15,Android 14,5.16.1,2020-11-13T19:58:45+05:30,2026-09-15T19:47:26+05:30,true
DEVE9CCB93B,C000019,Galaxy A15,Android 14,5.6.2,2025-10-21T12:02:33+05:30,2026-07-12T23:16:59+05:30,false
DEV201150AE,C000019,vivo T3,Android 14,5.14.0,2026-07-19T13:47:29+05:30,2026-08-15T08:32:45+05:30,true
DEV65D9D8DB,C000022,iPhone 13,iOS 17.6,5.14.0,2022-12-31T14:19:18+05:30,2026-07-22T22:06:24+05:30,true
DEVDFBEB26A,C000024,realme narzo 60,Android 13,5.15.2,2021-09-26T13:14:21+05:30,2026-09-17T09:08:12+05:30,true
DEV345910C9,C000025,Redmi Note 12,Android 13,5.15.2,2023-04-27T17:50:26+05:30,2026-09-14T16:30:00+05:30,true
DEVA06E7176,C000026,OnePlus Nord CE4,Android 14,5.15.2,2026-05-11T16:02:36+05:30,2026-07-30T11:49:25+05:30,true
DEV6EB0AF88,C000027,iPhone 15,iOS 18.5,5.16.1,2024-05-26T09:07:22+05:30,2026-07-26T22:45:00+05:30,true
DEV04433701,C000028,vivo T3,Android 14,5.15.2,2023-12-07T09:06:14+05:30,2026-09-21T21:26:36+05:30,true
DEV883A424F,C000029,realme 12 Pro,Android 14,5.16.1,2024-02-23T14:55:52+05:30,2026-08-23T16:53:27+05:30,true
DEV8CCEC4F8,C000030,Galaxy A54,Android 14,5.15.2,2025-10-12T16:57:43+05:30,2026-08-27T17:51:42+05:30,true
DEV414AC3ED,C000031,OnePlus Nord CE4,Android 14,4.9.8,2021-11-12T19:18:19+05:30,2025-08-13T14:52:21+05:30,false
DEV561BC514,C000031,iQOO Z9,Android 14,5.12.3,2023-09-28T19:50:29+05:30,2026-09-22T12:59:59+05:30,true
DEV9FDFBB04,C000033,Galaxy A15,Android 14,5.6.2,2024-12-26T17:52:45+05:30,2025-10-12T09:29:34+05:30,false
DEVBFCBE998,C000033,iPhone 14,iOS 18.1,5.15.2,2025-05-25T15:50:02+05:30,2026-09-20T17:07:12+05:30,true
DEV985B4BB6,C000034,Galaxy A15,Android 14,5.12.3,2026-03-01T19:24:43+05:30,2026-09-10T12:08:28+05:30,true
DEV77F748B1,C000036,Galaxy M34,Android 14,5.2.0,2022-03-10T17:45:03+05:30,2026-05-14T10:11:01+05:30,false
DEVED2815F6,C000036,Galaxy M34,Android 14,5.15.2,2022-02-20T18:33:50+05:30,2026-09-03T22:46:11+05:30,true
DEVEB4D382B,C000037,Redmi 13C,Android 13,5.15.2,2026-01-28T20:35:58+05:30,2026-07-22T21:48:06+05:30,true
DEV5936B39B,C000038,iPhone 14,iOS 18.1,4.9.8,2020-12-31T17:41:24+05:30,2022-08-15T13:59:12+05:30,false
DEV7CF0D887,C000038,iPhone 13,iOS 17.6,5.16.1,2023-05-24T11:23:50+05:30,2026-09-22T18:31:50+05:30,true
DEV6B490481,C000039,Redmi Note 12,Android 13,5.15.2,2021-04-05T09:54:14+05:30,2026-08-31T21:51:27+05:30,true
DEV687A34F1,C000041,Galaxy M34,Android 14,5.15.2,2021-10-23T14:20:07+05:30,2026-09-10T07:34:17+05:30,true
DEVAEC447D8,C000042,iQOO Z9,Android 14,5.9.8,2023-05-01T14:29:25+05:30,2026-07-08T15:04:24+05:30,false
DEV80687563,C000042,Redmi Note 13,Android 14,5.15.2,2026-07-08T19:08:47+05:30,2026-09-07T15:08:06+05:30,true
DEV9DC66A54,C000043,OnePlus Nord CE4,Android 14,5.16.1,2026-01-24T09:49:24+05:30,2026-09-24T11:06:29+05:30,true
DEVB7F8C870,C000044,iPhone 15,iOS 18.5,5.6.2,2020-12-27T09:37:07+05:30,2026-08-11T12:14:31+05:30,false
DEV64500990,C000044,Galaxy A15,Android 14,5.14.0,2026-08-15T20:52:48+05:30,2026-09-10T15:16:16+05:30,true
DEVD3EFB519,C000045,vivo Y28,Android 14,5.15.2,2026-03-30T15:16:46+05:30,2026-09-17T13:58:10+05:30,true
DEVE2205F77,C000046,iPhone 11,iOS 17.5,5.15.2,2026-05-03T17:15:44+05:30,2026-09-11T09:20:59+05:30,true
DEVD2CAACAA,C000047,moto g84,Android 14,4.9.8,2025-06-18T11:06:16+05:30,2026-07-18T11:59:18+05:30,false
DEV7F2A6B8F,C000047,Redmi Note 13,Android 14,5.14.0,2026-07-19T17:59:18+05:30,2026-08-20T12:02:15+05:30,true
DEV7C20D715,C000048,moto g84,Android 14,5.16.1,2023-11-16T19:57:55+05:30,2026-08-19T10:59:07+05:30,true
DEVA04ECEB3,C000050,Galaxy M34,Android 14,5.16.1,2021-03-01T17:31:08+05:30,2026-09-25T12:47:40+05:30,true
DEV2592705C,C000051,Redmi 13C,Android 13,5.12.3,2025-03-15T14:25:56+05:30,2026-06-30T19:43:13+05:30,true
DEV62E4DDBA,C000052,iPhone 11,iOS 17.5,5.9.8,2024-10-29T18:41:43+05:30,2026-03-08T20:08:45+05:30,false
DEVCA4F7FA2,C000052,OPPO A79,Android 14,5.16.1,2026-03-05T10:43:51+05:30,2026-08-31T23:02:03+05:30,true
DEV94F7F852,C000053,iPhone 13,iOS 17.6,5.16.1,2023-09-17T20:14:21+05:30,2026-09-18T23:06:20+05:30,true
DEV3FBAE95A,C000054,iPhone 14,iOS 18.1,4.9.8,2022-10-21T10:15:13+05:30,2026-07-13T19:30:03+05:30,false
DEV387C82DC,C000054,vivo Y28,Android 14,5.12.3,2026-09-12T17:22:22+05:30,2026-09-15T13:53:07+05:30,true
DEV134D7A71,C000055,Redmi 13C,Android 13,5.9.8,2022-05-02T19:45:49+05:30,2026-07-12T12:58:58+05:30,false
DEVCA666A8E,C000055,OnePlus Nord CE4,Android 14,5.16.1,2026-07-13T15:58:58+05:30,2026-08-03T19:03:25+05:30,true
DEVF2ED9ADE,C000056,Galaxy A15,Android 14,5.15.2,2022-05-09T12:15:40+05:30,2026-09-14T10:01:29+05:30,true
DEVC58DC3C9,C000059,Galaxy A15,Android 14,5.14.0,2024-06-12T10:04:20+05:30,2026-08-29T08:18:41+05:30,true
DEV377EB076,C000060,realme narzo 60,Android 13,5.16.1,2026-02-12T20:13:31+05:30,2026-09-13T10:29:39+05:30,true
DEV42B78133,C000064,moto g84,Android 14,4.9.8,2025-11-22T15:18:55+05:30,2026-07-04T13:06:18+05:30,false
DEV3D5C06A6,C000064,moto g54,Android 14,5.16.1,2026-08-09T09:06:41+05:30,2026-09-05T16:24:16+05:30,true
DEV60F2F16D,C000065,vivo T3,Android 14,5.14.0,2026-03-08T15:18:46+05:30,2026-07-02T13:44:18+05:30,true
DEV024BB7BD,C000066,Galaxy S23,Android 15,5.16.1,2024-09-04T19:29:27+05:30,2026-09-25T17:05:41+05:30,true
DEVBFC8544F,C000067,OnePlus Nord CE4,Android 14,5.16.1,2025-02-06T15:14:21+05:30,2026-09-09T10:07:11+05:30,true
DEVDBDB2131,C000068,Galaxy A54,Android 14,5.14.0,2020-12-28T15:10:45+05:30,2026-08-19T08:14:28+05:30,true
DEV73ABCB73,C000069,iPhone 13,iOS 17.6,5.2.0,2026-01-14T11:52:14+05:30,2026-07-18T14:43:34+05:30,false
DEVCB1763B0,C000069,Redmi Note 12,Android 13,5.14.0,2026-08-24T11:44:38+05:30,2026-09-01T08:11:00+05:30,true
DEVE6E353F4,C000070,Redmi Note 13,Android 14,5.6.2,2022-09-19T12:02:37+05:30,2026-07-20T12:33:19+05:30,false
DEVDD70173B,C000070,Redmi 13C,Android 13,5.15.2,2026-08-15T10:26:21+05:30,2026-09-16T10:55:00+05:30,true
DEVE2478AE3,C000071,Galaxy M34,Android 14,5.16.1,2022-10-21T20:09:57+05:30,2026-09-21T11:10:37+05:30,true
DEVDDE74CBB,C000072,Galaxy A15,Android 14,5.12.3,2022-06-18T19:26:20+05:30,2026-09-21T07:26:34+05:30,true
DEV01A1D256,C000073,moto g54,Android 14,5.15.2,2026-03-09T14:24:39+05:30,2026-09-16T13:55:42+05:30,true
DEV437751DE,C000074,OPPO A79,Android 14,5.15.2,2021-12-19T11:02:06+05:30,2026-09-13T20:44:10+05:30,true
DEV6F506484,C000075,vivo Y28,Android 14,5.2.0,2024-08-29T18:21:14+05:30,2025-07-21T17:20:31+05:30,false
DEVD76211FD,C000075,Redmi Note 13,Android 14,5.15.2,2024-07-02T19:31:27+05:30,2026-09-01T22:05:41+05:30,true
DEV5C9B2232,C000076,iPhone 14,iOS 18.1,4.9.8,2025-06-16T14:24:50+05:30,2025-12-01T11:26:46+05:30,false
DEVA5B4C7EC,C000076,OnePlus Nord CE4,Android 14,5.16.1,2025-07-28T18:29:17+05:30,2026-08-03T14:02:22+05:30,true
DEV1EB2A29E,C000078,OnePlus Nord CE4,Android 14,5.16.1,2025-01-14T14:26:00+05:30,2026-08-04T08:03:59+05:30,true
DEV7CB4707B,C000079,moto g84,Android 14,4.9.8,2025-10-23T18:25:39+05:30,2026-07-15T16:16:13+05:30,false
DEV87F3AA29,C000079,iQOO Z9,Android 14,5.14.0,2026-07-17T15:16:13+05:30,2026-08-16T19:01:24+05:30,true
DEV406506CB,C000080,Redmi Note 12,Android 13,5.12.3,2025-06-11T11:14:31+05:30,2026-09-22T12:19:02+05:30,true
DEVCB4642A3,C000081,Redmi Note 13,Android 14,5.9.8,2022-04-07T10:30:45+05:30,2026-07-14T13:06:10+05:30,true
DEV2FF652A5,C000082,Redmi Note 12,Android 13,5.16.1,2022-02-26T14:48:01+05:30,2026-09-06T15:59:53+05:30,true
DEVDF795DA2,C000084,iQOO Z9,Android 14,5.16.1,2024-01-20T10:37:26+05:30,2026-09-17T21:23:40+05:30,true
DEV20FEAF6C,C000085,Galaxy A15,Android 14,5.15.2,2026-06-12T14:04:11+05:30,2026-09-25T14:11:27+05:30,true
DEV053E4209,C000087,Galaxy S23,Android 15,4.9.8,2023-01-03T15:04:42+05:30,2026-07-09T18:43:29+05:30,false
DEVE65554C4,C000087,iPhone 13,iOS 17.6,5.16.1,2026-07-11T17:43:29+05:30,2026-08-21T08:42:33+05:30,true
DEV8EC4DA63,C000088,iPhone 15,iOS 18.5,5.14.0,2021-05-17T12:55:44+05:30,2026-08-30T13:50:23+05:30,true
DEV5BE62739,C000089,Redmi Note 13,Android 14,5.14.0,2023-09-01T19:09:59+05:30,2026-09-09T23:20:12+05:30,true
DEV2FACBC8E,C000090,Galaxy M34,Android 14,5.6.2,2020-09-04T18:46:29+05:30,2026-08-28T02:10:11+05:30,false
DEV627073C9,C000090,Galaxy M34,Android 14,5.15.2,2026-08-28T10:10:11+05:30,2026-09-11T13:12:56+05:30,true
DEV434A2B95,C000091,Galaxy A15,Android 14,5.16.1,2022-12-31T09:55:56+05:30,2026-09-24T19:08:20+05:30,true
DEVA6774683,C000092,Galaxy A54,Android 14,5.16.1,2026-04-09T11:33:57+05:30,2026-08-05T17:33:02+05:30,true
DEV03436FC5,C000093,Redmi 13C,Android 13,5.14.0,2023-11-29T09:00:27+05:30,2026-06-29T14:33:30+05:30,true
DEVCC6F7390,C000094,iPhone 15,iOS 18.5,5.9.8,2022-08-02T15:51:40+05:30,2026-09-15T08:32:53+05:30,true
DEVAC30D025,C000095,Redmi Note 12,Android 13,5.16.1,2025-02-12T17:57:27+05:30,2026-09-22T08:05:18+05:30,true
DEV8504373B,C000096,iPhone 13,iOS 17.6,5.16.1,2021-03-25T09:39:19+05:30,2026-09-13T14:13:43+05:30,true
DEV8416B91F,C000098,Galaxy A15,Android 14,5.2.0,2020-06-28T13:21:42+05:30,2026-08-09T08:56:50+05:30,false
DEVE5996889,C000098,Redmi Note 12,Android 13,5.16.1,2026-08-15T13:23:45+05:30,2026-09-05T16:40:06+05:30,true
DEVC7F0F43E,C000100,vivo T3,Android 14,5.2.0,2025-05-10T11:49:37+05:30,2025-11-08T18:35:33+05:30,false
DEV2EEF66AD,C000100,Galaxy M34,Android 14,5.16.1,2025-05-27T10:01:45+05:30,2026-09-04T21:53:52+05:30,true
DEV96BC933D,C000101,OnePlus 11R,Android 15,5.15.2,2024-04-04T17:31:58+05:30,2026-09-05T20:33:11+05:30,true
DEV277028A9,C000102,iPhone 14,iOS 18.1,5.12.3,2024-11-14T12:41:28+05:30,2026-09-20T21:13:53+05:30,true
DEV9C033F6E,C000103,Redmi Note 13,Android 14,5.16.1,2026-02-15T17:32:24+05:30,2026-09-10T20:04:19+05:30,true
DEV7C6E3890,C000106,POCO X6,Android 14,5.16.1,2024-09-08T12:24:17+05:30,2026-09-17T14:56:55+05:30,true
DEV93C5E0DD,C000107,OnePlus Nord CE4,Android 14,5.16.1,2021-07-25T18:48:32+05:30,2026-09-24T14:56:11+05:30,true
DEVAE80125D,C000108,Galaxy A15,Android 14,5.16.1,2024-07-16T15:43:43+05:30,2026-09-13T18:23:50+05:30,true
DEV51AF510B,C000109,Galaxy M14,Android 13,5.15.2,2025-10-20T18:39:08+05:30,2026-09-04T19:38:16+05:30,true
DEVEFBA28F3,C000111,Galaxy M14,Android 13,5.9.8,2020-09-04T10:22:56+05:30,2026-08-21T20:40:53+05:30,false
DEV7CE08ADA,C000111,Redmi Note 13,Android 14,5.12.3,2026-08-28T10:06:53+05:30,2026-09-24T20:04:40+05:30,true
DEV0C205C9A,C000112,moto g84,Android 14,5.16.1,2025-11-10T20:37:36+05:30,2026-09-13T13:02:28+05:30,true
DEVF063E0AF,C000113,Galaxy M14,Android 13,5.15.2,2022-10-31T09:54:36+05:30,2026-08-18T21:18:19+05:30,true
DEVDF79EC45,C000114,POCO X6,Android 14,5.15.2,2026-01-08T11:41:04+05:30,2026-08-03T10:48:24+05:30,true
DEVAF539A36,C000115,realme narzo 60,Android 13,5.16.1,2021-12-30T12:42:12+05:30,2026-06-28T13:37:33+05:30,true
DEV6E3D17A0,C000116,Galaxy A54,Android 14,5.12.3,2026-03-18T14:21:11+05:30,2026-09-18T09:11:05+05:30,true
DEV4A0DD869,C000117,Redmi 13C,Android 13,5.16.1,2026-06-02T18:49:26+05:30,2026-08-22T19:28:13+05:30,true
DEVCE5106DB,C000118,Galaxy A15,Android 14,5.16.1,2021-10-18T09:25:45+05:30,2026-08-31T22:03:38+05:30,true
DEVE8BA3075,C000119,realme 12 Pro,Android 14,5.16.1,2020-07-17T15:20:09+05:30,2026-09-15T12:34:20+05:30,true
DEV8F8E582D,C000121,vivo T3,Android 14,5.16.1,2026-06-09T19:10:12+05:30,2026-07-27T10:49:12+05:30,true
DEVC5BC58E3,C000122,Galaxy M34,Android 14,5.6.2,2024-06-30T17:52:52+05:30,2025-07-27T18:13:34+05:30,false
DEV4FF525FE,C000122,Redmi Note 12,Android 13,5.15.2,2024-07-24T19:59:34+05:30,2026-09-07T15:47:47+05:30,true
DEVDF8AA5DA,C000123,Redmi Note 13,Android 14,5.16.1,2020-07-03T15:02:47+05:30,2026-08-03T15:42:02+05:30,true
DEV875A2FEB,C000124,iPhone 15,iOS 18.5,5.16.1,2026-05-05T09:55:24+05:30,2026-07-28T23:25:13+05:30,true
DEVED78E48F,C000125,iPhone 11,iOS 17.5,5.16.1,2023-09-01T13:00:50+05:30,2026-09-20T11:49:23+05:30,true
DEV2D5CD6A7,C000126,realme narzo 60,Android 13,5.6.2,2025-05-06T13:15:30+05:30,2026-04-25T17:40:51+05:30,false
DEV11B62EC0,C000126,Galaxy M34,Android 14,5.15.2,2025-03-17T09:34:48+05:30,2026-09-19T15:42:45+05:30,true
DEVDF51F132,C000127,Redmi Note 13,Android 14,5.16.1,2022-12-29T09:04:59+05:30,2026-09-12T15:29:33+05:30,true
DEV468EDFD0,C000128,vivo Y28,Android 14,5.6.2,2023-04-05T12:40:13+05:30,2026-08-02T16:36:19+05:30,false
DEVB6643E32,C000128,iPhone 13,iOS 17.6,5.16.1,2026-08-20T14:18:44+05:30,2026-09-11T14:25:24+05:30,true
DEVFEB9CDE0,C000131,iQOO Z9,Android 14,5.15.2,2026-05-07T12:32:59+05:30,2026-09-15T13:27:49+05:30,true
DEV3E36F5AB,C000132,Redmi Note 12,Android 13,5.16.1,2025-09-11T11:31:18+05:30,2026-09-19T12:18:13+05:30,true
DEV88CF716D,C000133,iPhone 13,iOS 17.6,5.14.0,2020-11-20T15:59:49+05:30,2026-09-03T12:27:38+05:30,true
DEV8EF53DFB,C000134,Galaxy S23,Android 15,5.16.1,2026-04-19T19:51:18+05:30,2026-09-11T19:34:37+05:30,true
DEVAAA689FB,C000136,Galaxy M34,Android 14,5.15.2,2025-06-20T17:52:48+05:30,2026-08-04T22:58:48+05:30,true
DEV531968BB,C000137,Galaxy M14,Android 13,5.6.2,2024-02-28T17:15:46+05:30,2026-07-15T13:17:52+05:30,false
DEV40762D85,C000137,Galaxy S23,Android 15,5.16.1,2026-07-15T20:24:48+05:30,2026-09-14T14:49:14+05:30,true
DEV51449AE3,C000138,OPPO A79,Android 14,5.16.1,2022-07-31T14:21:02+05:30,2026-09-23T09:22:41+05:30,true
DEV822874A5,C000139,Galaxy A54,Android 14,5.9.8,2026-05-23T13:16:46+05:30,2026-09-24T11:13:50+05:30,true
DEV8FFC7055,C000141,Redmi Note 13,Android 14,5.6.2,2024-01-10T12:58:30+05:30,2026-02-22T10:54:17+05:30,false
DEV6C2F6E1E,C000141,Galaxy A15,Android 14,5.15.2,2025-08-24T16:23:06+05:30,2026-07-20T11:25:10+05:30,true
DEVA56CC97D,C000143,Galaxy A54,Android 14,5.16.1,2024-02-19T17:08:05+05:30,2026-09-21T16:22:27+05:30,true
DEV491370E0,C000146,Redmi Note 13,Android 14,5.16.1,2020-08-20T10:16:53+05:30,2026-09-08T19:10:47+05:30,true
DEV1F1C72B9,C000147,Redmi Note 13,Android 14,5.16.1,2023-08-22T10:32:55+05:30,2026-09-11T19:49:13+05:30,true
DEVB47B2B27,C000149,iPhone 14,iOS 18.1,5.12.3,2025-03-27T17:50:49+05:30,2026-09-24T17:25:28+05:30,true
DEV1D9EEBED,C000150,Galaxy M34,Android 14,5.9.8,2023-02-26T17:05:51+05:30,2025-12-11T14:37:38+05:30,false
DEV6E7B39AC,C000150,realme narzo 60,Android 13,5.15.2,2025-01-22T20:47:09+05:30,2026-09-26T10:57:03+05:30,true
DEVE764495B,C000151,Galaxy M34,Android 14,5.2.0,2021-04-29T20:48:44+05:30,2026-08-20T09:42:27+05:30,false
DEV29208139,C000151,moto g84,Android 14,5.16.1,2026-08-26T19:45:40+05:30,2026-09-20T15:40:25+05:30,true
DEV910AAF93,C000152,Redmi Note 13,Android 14,5.9.8,2025-04-13T19:35:19+05:30,2026-08-11T17:58:56+05:30,false
DEV1D5727DF,C000152,Galaxy M34,Android 14,5.15.2,2026-08-23T20:55:07+05:30,2026-09-12T08:53:00+05:30,true
DEVEE7EA45F,C000153,Galaxy M34,Android 14,5.6.2,2024-06-13T15:25:47+05:30,2025-12-26T15:41:59+05:30,false
DEV2BC63E40,C000153,Galaxy A15,Android 14,5.14.0,2023-11-10T09:08:01+05:30,2026-09-14T17:56:37+05:30,true
DEV950A60B1,C000154,iPhone 11,iOS 17.5,5.12.3,2026-04-24T11:58:07+05:30,2026-07-02T18:31:32+05:30,true
DEV716459F0,C000155,Galaxy S23,Android 15,5.14.0,2024-10-25T14:16:35+05:30,2026-07-17T10:01:21+05:30,true
DEV8B54B4AA,C000157,moto g54,Android 14,5.2.0,2021-07-29T15:44:02+05:30,2025-11-14T16:21:12+05:30,false
DEV146852E0,C000157,OnePlus Nord CE4,Android 14,5.16.1,2023-01-14T19:44:43+05:30,2026-09-16T13:49:18+05:30,true
DEVD5FBDD74,C000159,realme 12 Pro,Android 14,5.16.1,2023-06-30T19:26:07+05:30,2026-09-20T08:23:58+05:30,true
DEV663C4CF3,C000160,iPhone 15,iOS 18.5,5.15.2,2023-08-17T19:16:12+05:30,2026-09-07T10:00:33+05:30,true
DEV04C7FB5C,C000161,Redmi Note 13,Android 14,5.16.1,2024-06-09T16:35:26+05:30,2026-08-06T20:34:06+05:30,true
DEVB2F7A255,C000162,OPPO A79,Android 14,5.16.1,2021-07-01T19:34:37+05:30,2026-08-19T11:39:29+05:30,true
DEVA2CEB06F,C000163,OnePlus Nord CE4,Android 14,5.16.1,2025-06-19T10:35:34+05:30,2026-09-05T10:32:34+05:30,true
DEV1AFFCE85,C000164,Redmi Note 13,Android 14,5.14.0,2024-10-03T13:43:51+05:30,2026-09-04T12:52:12+05:30,true
DEV09919125,C000166,Galaxy A15,Android 14,5.2.0,2021-08-10T13:09:32+05:30,2026-07-26T23:29:21+05:30,false
DEV08CB3887,C000166,Redmi Note 13,Android 14,5.16.1,2026-07-31T10:22:59+05:30,2026-08-31T18:21:09+05:30,true
DEVFA8424C6,C000167,OnePlus Nord CE4,Android 14,5.15.2,2025-06-03T20:53:05+05:30,2026-09-15T10:41:22+05:30,true
DEVA4A66E7E,C000168,Galaxy S23,Android 15,5.14.0,2020-07-07T17:13:26+05:30,2026-07-07T21:49:31+05:30,true
DEV014A5251,C000169,realme narzo 60,Android 13,5.16.1,2026-06-11T13:58:49+05:30,2026-08-17T17:05:23+05:30,true
DEVC847F8E2,C000170,Redmi Note 13,Android 14,5.16.1,2024-11-09T16:56:28+05:30,2026-08-04T11:41:37+05:30,true
DEVDF94E49D,C000171,OPPO A79,Android 14,5.9.8,2026-01-11T14:15:41+05:30,2026-09-03T08:19:35+05:30,false
DEV434CDC76,C000171,Galaxy M34,Android 14,5.16.1,2026-09-16T17:02:13+05:30,2026-09-18T08:12:44+05:30,true
DEV14B3143D,C000172,Galaxy M34,Android 14,5.15.2,2026-04-06T16:30:35+05:30,2026-06-30T22:28:36+05:30,true
DEV468F26D8,C000173,Galaxy M34,Android 14,5.16.1,2024-06-23T10:15:15+05:30,2026-07-20T10:07:48+05:30,true
DEVF3F01879,C000175,Galaxy M34,Android 14,5.16.1,2026-06-10T16:24:22+05:30,2026-09-13T10:05:22+05:30,true
DEVC867D75D,C000176,iQOO Z9,Android 14,5.9.8,2025-10-26T13:55:54+05:30,2026-08-10T17:52:34+05:30,false
DEV1FF39870,C000176,OnePlus Nord CE4,Android 14,5.12.3,2026-09-14T18:45:47+05:30,2026-09-23T13:28:50+05:30,true
DEV107A0D87,C000177,OnePlus Nord CE4,Android 14,4.9.8,2025-10-13T13:55:08+05:30,2026-07-09T11:44:53+05:30,false
DEV4DE40832,C000177,Redmi Note 13,Android 14,5.14.0,2026-07-09T19:44:53+05:30,2026-07-29T16:58:00+05:30,true
DEV76BC992C,C000178,vivo Y28,Android 14,5.14.0,2020-07-09T17:32:25+05:30,2026-07-05T17:26:52+05:30,true
DEVD5B7CA77,C000179,Redmi Note 12,Android 13,5.14.0,2021-12-21T10:50:11+05:30,2026-09-21T19:14:21+05:30,true
DEV9DFA6DD8,C000180,vivo T3,Android 14,5.16.1,2023-08-14T20:12:55+05:30,2026-09-03T16:35:20+05:30,true
DEV4CC2C6CA,C000182,Redmi Note 13,Android 14,5.2.0,2020-12-25T16:27:40+05:30,2025-03-12T12:52:29+05:30,false
DEV73B99593,C000182,moto g54,Android 14,5.16.1,2023-05-19T18:52:43+05:30,2026-09-14T09:33:54+05:30,true
DEV122B4CF3,C000183,realme narzo 60,Android 13,5.15.2,2025-05-01T10:44:54+05:30,2026-09-19T15:28:05+05:30,true
DEV4BCB07A1,C000184,vivo T3,Android 14,5.15.2,2020-09-02T15:46:38+05:30,2026-08-14T15:08:38+05:30,true
DEVD85B3EE7,C000185,Redmi Note 12,Android 13,5.16.1,2025-01-04T11:24:42+05:30,2026-09-01T12:09:28+05:30,true
DEV836F1092,C000186,Galaxy M34,Android 14,5.12.3,2026-04-22T17:53:17+05:30,2026-08-04T15:27:17+05:30,true
DEV9742D2CA,C000188,iPhone 14,iOS 18.1,5.14.0,2024-08-11T18:51:58+05:30,2026-08-30T11:13:07+05:30,true
DEVA43B719C,C000189,Redmi Note 13,Android 14,5.14.0,2025-09-30T10:11:10+05:30,2026-09-18T09:44:10+05:30,true
DEVC9F2A2EA,C000191,iPhone 14,iOS 18.1,5.6.2,2024-04-22T18:57:45+05:30,2024-12-08T14:35:33+05:30,false
DEV941E7856,C000191,Galaxy M14,Android 13,5.9.8,2023-04-04T17:57:53+05:30,2026-08-21T17:06:53+05:30,true
DEVEB668A1D,C000192,Redmi 13C,Android 13,5.16.1,2021-10-29T12:58:45+05:30,2026-09-22T14:08:00+05:30,true
DEV0C694DA3,C000193,realme narzo 60,Android 13,5.14.0,2023-12-31T11:08:08+05:30,2026-07-07T07:17:01+05:30,true
DEV9409252B,C000194,realme 12 Pro,Android 14,5.15.2,2020-10-16T19:27:14+05:30,2026-08-03T21:34:21+05:30,true
DEVD166030A,C000195,OnePlus Nord CE4,Android 14,5.2.0,2024-10-05T17:19:26+05:30,2026-08-10T05:08:11+05:30,false
DEV36451AF8,C000195,Galaxy M34,Android 14,5.15.2,2026-08-12T17:08:11+05:30,2026-09-26T08:39:03+05:30,true
DEV250FDCE6,C000196,iPhone 14,iOS 18.1,5.9.8,2025-05-12T16:18:13+05:30,2026-01-01T15:43:29+05:30,false
DEV87374935,C000196,Redmi 13C,Android 13,5.12.3,2025-08-10T13:37:45+05:30,2026-07-28T14:54:17+05:30,true
DEVE8ED7DA5,C000197,Redmi Note 13,Android 14,5.14.0,2023-05-02T12:26:57+05:30,2026-09-17T09:05:23+05:30,true
DEV76317568,C000198,iPhone 13,iOS 17.6,5.2.0,2020-07-04T09:53:21+05:30,2023-05-02T18:32:48+05:30,false
DEVA92CE01C,C000198,realme 12 Pro,Android 14,5.15.2,2024-08-28T19:39:54+05:30,2026-08-11T20:02:07+05:30,true
DEVDEEB6B80,C000199,iPhone 13,iOS 17.6,5.16.1,2025-11-03T15:51:33+05:30,2026-08-27T17:48:00+05:30,true
DEVE0824098,C000202,POCO X6,Android 14,5.9.8,2025-02-16T10:29:21+05:30,2025-03-26T15:08:08+05:30,false
DEVD9665648,C000202,Redmi Note 13,Android 14,5.14.0,2023-10-01T10:14:08+05:30,2026-07-03T14:25:10+05:30,true
DEV8F0A3015,C000203,Redmi Note 12,Android 13,5.12.3,2025-08-18T20:51:53+05:30,2026-09-20T08:26:48+05:30,true
DEV81A36D24,C000204,realme 12 Pro,Android 14,5.15.2,2021-07-23T09:58:05+05:30,2026-09-22T17:30:23+05:30,true
DEV6E8FE611,C000205,Galaxy A54,Android 14,5.14.0,2024-01-26T12:26:58+05:30,2026-07-22T14:47:57+05:30,true
DEVFA4217C0,C000207,Galaxy A15,Android 14,5.16.1,2023-12-18T16:30:35+05:30,2026-08-12T18:56:06+05:30,true
DEVE598865F,C000208,Galaxy M34,Android 14,5.2.0,2023-09-23T14:22:28+05:30,2026-09-01T08:17:13+05:30,false
DEV7999D9B6,C000208,moto g84,Android 14,5.15.2,2026-09-02T15:05:08+05:30,2026-09-17T13:51:03+05:30,true
DEVB8FB80D4,C000210,moto g54,Android 14,5.14.0,2023-10-06T19:15:32+05:30,2026-07-08T19:05:50+05:30,true
DEVDC3A9586,C000211,Galaxy M14,Android 13,5.12.3,2021-02-28T19:41:13+05:30,2026-09-23T22:24:30+05:30,true
DEVEDE5AB61,C000213,vivo Y28,Android 14,5.2.0,2024-02-02T20:06:54+05:30,2026-07-12T20:55:32+05:30,false
DEVBE3EB027,C000213,Redmi Note 13,Android 14,5.14.0,2026-07-15T17:55:32+05:30,2026-07-31T07:29:28+05:30,true
DEVACC9D5E6,C000214,OPPO A79,Android 14,5.9.8,2023-01-31T15:10:22+05:30,2026-08-01T14:12:07+05:30,true
DEV545F56E6,C000215,iPhone 13,iOS 17.6,4.9.8,2024-09-23T17:01:03+05:30,2026-08-08T19:00:08+05:30,false
DEV72216687,C000215,Redmi Note 13,Android 14,5.16.1,2026-08-09T20:00:08+05:30,2026-09-21T10:07:04+05:30,true
DEVF789CEA3,C000216,vivo Y28,Android 14,5.16.1,2022-02-08T16:03:32+05:30,2026-08-19T10:00:07+05:30,true
DEV9029C086,C000218,Galaxy M34,Android 14,5.16.1,2022-10-01T14:28:29+05:30,2026-08-14T19:23:28+05:30,true
DEV959ABE48,C000219,Galaxy A54,Android 14,5.9.8,2026-06-10T17:57:35+05:30,2026-09-06T10:40:15+05:30,true
DEV1BC95BF9,C000220,vivo Y28,Android 14,5.16.1,2022-04-15T20:42:27+05:30,2026-09-14T21:28:37+05:30,true
DEVCE455F78,C000222,iPhone 15,iOS 18.5,5.16.1,2026-01-18T17:17:46+05:30,2026-08-01T20:21:53+05:30,true
DEV99261D35,C000223,Redmi Note 13,Android 14,5.16.1,2022-05-13T19:03:39+05:30,2026-08-24T23:16:20+05:30,true
DEVE9D0EC84,C000224,iPhone 13,iOS 17.6,5.16.1,2025-12-31T12:07:46+05:30,2026-09-15T17:00:16+05:30,true
DEV3E0326E1,C000225,Redmi Note 12,Android 13,5.16.1,2023-12-19T18:22:00+05:30,2026-08-10T11:56:07+05:30,true
DEV8AF063A0,C000226,realme 12 Pro,Android 14,5.15.2,2025-01-22T11:01:04+05:30,2026-08-25T09:53:44+05:30,true
DEV36AE3740,C000227,OnePlus 11R,Android 15,5.9.8,2023-07-10T12:46:29+05:30,2026-08-03T12:42:53+05:30,false
DEV78C0599A,C000227,Galaxy M34,Android 14,5.14.0,2026-08-03T14:42:53+05:30,2026-09-13T22:18:22+05:30,true
DEV4B1AA9D9,C000228,Redmi Note 12,Android 13,5.2.0,2023-09-05T16:16:12+05:30,2026-09-16T11:38:45+05:30,false
DEV01082598,C000228,Nokia G42,Android 13,5.16.1,2026-09-16T15:38:45+05:30,2026-09-25T14:25:56+05:30,true
DEVA5FE1778,C000229,moto g84,Android 14,5.6.2,2025-04-29T17:36:30+05:30,2026-09-11T21:40:37+05:30,false
DEV169531FA,C000229,vivo Y28,Android 14,5.14.0,2026-09-14T10:40:37+05:30,2026-09-15T13:13:25+05:30,true
DEV299D9152,C000230,OPPO A79,Android 14,5.14.0,2024-10-25T09:41:26+05:30,2026-09-06T20:23:37+05:30,true
DEV25853E48,C000231,Galaxy M34,Android 14,5.16.1,2021-09-16T17:14:10+05:30,2026-07-18T09:57:42+05:30,true
DEV2B2ED410,C000233,iPhone 15,iOS 18.5,5.15.2,2023-02-03T11:58:42+05:30,2026-09-12T13:41:40+05:30,true
DEVA166AE66,C000234,OnePlus Nord CE4,Android 14,5.15.2,2024-08-22T20:44:56+05:30,2026-07-13T18:03:37+05:30,true
DEVBE38F312,C000235,Galaxy A15,Android 14,4.9.8,2024-06-22T15:32:53+05:30,2024-12-19T12:31:22+05:30,false
DEVC2C01D18,C000235,moto g84,Android 14,5.15.2,2026-04-19T10:27:47+05:30,2026-09-05T17:12:58+05:30,true
DEV7282B339,C000236,moto g84,Android 14,5.15.2,2025-07-12T09:58:08+05:30,2026-09-08T10:45:12+05:30,true
DEV4E68369C,C000237,vivo Y28,Android 14,5.9.8,2026-01-07T09:45:28+05:30,2026-09-07T16:09:55+05:30,false
DEVF3344E07,C000237,vivo Y28,Android 14,5.15.2,2026-09-07T20:09:55+05:30,2026-09-25T11:09:45+05:30,true
DEV65E9A7CE,C000239,vivo T3,Android 14,5.6.2,2024-07-19T20:06:18+05:30,2026-09-02T20:54:22+05:30,false
DEVB1E6243F,C000239,Redmi 13C,Android 13,5.15.2,2026-09-12T19:07:24+05:30,2026-09-14T21:07:46+05:30,true
DEV798C832D,C000240,OnePlus Nord CE4,Android 14,5.6.2,2026-05-24T13:43:46+05:30,2026-06-23T17:58:09+05:30,false
DEV5C9ACCA7,C000240,Galaxy M34,Android 14,5.16.1,2026-05-25T14:34:05+05:30,2026-09-05T13:22:21+05:30,true
DEV58647625,C000241,vivo T3,Android 14,5.15.2,2025-09-17T10:52:15+05:30,2026-09-25T12:24:48+05:30,true
DEV72AA34BF,C000242,Redmi Note 13,Android 14,5.16.1,2024-05-04T20:19:57+05:30,2026-09-13T15:50:39+05:30,true
DEVC8704959,C000243,iPhone 11,iOS 17.5,5.9.8,2025-01-28T17:42:51+05:30,2026-07-11T11:22:20+05:30,false
DEVE8703152,C000243,Galaxy M34,Android 14,5.15.2,2026-08-24T17:44:08+05:30,2026-09-23T13:38:35+05:30,true
DEV2213C3EA,C000245,Galaxy M34,Android 14,5.16.1,2024-02-12T14:39:37+05:30,2026-09-01T13:14:40+05:30,true
DEVDFC41788,C000246,Redmi Note 13,Android 14,5.15.2,2023-02-04T10:22:36+05:30,2026-07-21T17:59:14+05:30,true
DEV9213E574,C000247,OPPO A79,Android 14,5.6.2,2024-03-25T17:00:11+05:30,2024-05-31T19:17:39+05:30,false
DEV57C7F8FB,C000247,iPhone 11,iOS 17.5,5.15.2,2020-11-02T13:23:32+05:30,2026-09-22T10:44:45+05:30,true
DEVCB582F10,C000250,vivo Y28,Android 14,5.16.1,2021-05-07T10:57:59+05:30,2026-08-18T13:18:16+05:30,true
DEV78A3F710,C000251,Galaxy A15,Android 14,5.9.8,2022-08-06T17:15:19+05:30,2026-09-05T09:41:04+05:30,false
DEVAAD30CEE,C000251,vivo Y28,Android 14,5.15.2,2026-09-13T09:45:08+05:30,2026-09-18T10:55:24+05:30,true
DEVECB72340,C000252,realme 12 Pro,Android 14,5.14.0,2026-03-10T15:09:42+05:30,2026-08-22T16:51:35+05:30,true
DEV67AE74AA,C000253,Redmi Note 12,Android 13,5.16.1,2021-08-25T17:24:12+05:30,2026-08-01T17:00:22+05:30,true
DEV9682F51E,C000254,Galaxy A15,Android 14,5.6.2,2024-02-22T09:25:42+05:30,2025-11-24T12:00:41+05:30,false
DEVC4DE1BF9,C000254,moto g54,Android 14,5.16.1,2025-02-25T13:41:11+05:30,2026-09-02T15:09:59+05:30,true
DEV77C326FD,C000255,Galaxy M34,Android 14,5.15.2,2021-10-11T12:31:44+05:30,2026-09-24T12:39:39+05:30,true
DEV53633B7D,C000256,iPhone 13,iOS 17.6,5.14.0,2024-02-10T19:56:07+05:30,2026-09-08T13:04:04+05:30,true
DEV81AC7E9D,C000257,Redmi 13C,Android 13,5.6.2,2022-06-26T14:49:10+05:30,2026-08-19T15:39:23+05:30,false
DEV5FEC665D,C000257,Redmi Note 12,Android 13,5.16.1,2026-08-25T12:51:56+05:30,2026-09-20T18:11:40+05:30,true
DEV2F39E1EA,C000258,OPPO A79,Android 14,5.9.8,2022-01-11T10:33:27+05:30,2026-07-30T16:16:08+05:30,false
DEV8F714027,C000258,vivo T3,Android 14,5.14.0,2026-08-02T09:16:08+05:30,2026-09-22T13:48:25+05:30,true
DEVDD54B4FC,C000259,Galaxy M14,Android 13,5.16.1,2024-10-16T18:45:41+05:30,2026-07-07T14:55:55+05:30,true
DEV94E7A0B0,C000261,OnePlus Nord CE4,Android 14,5.16.1,2025-04-23T12:13:37+05:30,2026-09-22T12:22:53+05:30,true
DEVD9577AB6,C000262,realme 12 Pro,Android 14,5.9.8,2026-05-17T12:44:27+05:30,2026-08-21T13:22:03+05:30,true
DEVAD9D4AA0,C000263,Redmi 13C,Android 13,5.14.0,2025-03-23T11:24:42+05:30,2026-08-18T18:12:56+05:30,true
DEV7BECFCE8,C000264,realme 12 Pro,Android 14,5.14.0,2026-03-14T12:05:38+05:30,2026-09-21T16:38:00+05:30,true
DEV35407737,C000265,Redmi Note 12,Android 13,5.16.1,2022-01-27T18:21:34+05:30,2026-09-19T11:49:02+05:30,true
DEV7AFACF9C,C000266,Galaxy A15,Android 14,5.2.0,2022-03-04T14:12:23+05:30,2023-02-26T10:15:40+05:30,false
DEVED7B90F5,C000266,moto g54,Android 14,5.16.1,2025-04-13T13:34:35+05:30,2026-08-28T12:26:09+05:30,true
DEV818A59D7,C000269,iQOO Z9,Android 14,5.14.0,2021-02-05T18:55:17+05:30,2026-07-28T11:49:05+05:30,true
DEVECF581C0,C000271,Galaxy M34,Android 14,5.15.2,2024-09-14T15:30:43+05:30,2026-07-26T18:09:35+05:30,true
DEV9128EB96,C000273,moto g54,Android 14,5.6.2,2025-07-03T14:13:21+05:30,2026-08-21T08:45:02+05:30,false
DEV0523D201,C000273,iPhone 13,iOS 17.6,5.15.2,2026-09-12T19:15:03+05:30,2026-09-12T19:22:00+05:30,true
DEV0A59FB51,C000274,Galaxy M34,Android 14,5.12.3,2025-04-04T20:07:08+05:30,2026-09-24T17:25:18+05:30,true
DEV5C83EC63,C000275,Galaxy A15,Android 14,5.16.1,2024-01-06T20:52:40+05:30,2026-09-10T11:55:50+05:30,true
DEVFAA994E1,C000277,Redmi 13C,Android 13,5.16.1,2024-04-05T09:53:47+05:30,2026-08-28T11:15:46+05:30,true
DEV7B9617C7,C000279,Nokia G42,Android 13,5.9.8,2024-09-01T10:38:41+05:30,2026-07-31T17:27:22+05:30,false
DEVF0DADAB4,C000279,vivo Y28,Android 14,5.16.1,2026-08-29T18:00:40+05:30,2026-09-18T12:09:00+05:30,true
DEV43F91AAF,C000280,realme 12 Pro,Android 14,5.14.0,2022-09-18T12:01:52+05:30,2026-08-03T12:27:38+05:30,true
DEV488296BC,C000281,vivo T3,Android 14,5.6.2,2022-02-15T13:22:40+05:30,2026-07-18T09:11:17+05:30,false
DEV6F6DBDE2,C000281,vivo T3,Android 14,5.15.2,2026-07-19T19:25:32+05:30,2026-07-28T15:18:51+05:30,true
DEVE859798E,C000282,Galaxy A15,Android 14,5.16.1,2025-07-09T10:38:22+05:30,2026-09-16T12:08:45+05:30,true
DEVFE1AAB38,C000283,Galaxy M34,Android 14,5.9.8,2020-09-10T17:14:48+05:30,2026-07-05T10:19:38+05:30,false
DEV45A925D3,C000283,Galaxy A15,Android 14,5.16.1,2026-07-07T19:19:38+05:30,2026-09-09T22:45:06+05:30,true
DEV93A2D86E,C000286,Redmi Note 13,Android 14,5.16.1,2025-10-03T10:30:34+05:30,2026-08-24T21:59:51+05:30,true
DEV9487B5FB,C000287,POCO X6,Android 14,5.15.2,2026-02-23T13:10:18+05:30,2026-09-06T09:14:17+05:30,true
DEV18CA116E,C000288,Redmi 13C,Android 13,5.15.2,2024-05-13T19:13:32+05:30,2026-07-11T10:34:11+05:30,true
DEV0758A7ED,C000289,Galaxy S23,Android 15,5.9.8,2023-03-05T13:10:36+05:30,2026-08-26T11:34:34+05:30,true
DEV4812C584,C000292,realme 12 Pro,Android 14,5.9.8,2021-05-11T12:49:34+05:30,2026-08-25T10:42:44+05:30,false
DEV9E228E55,C000292,Redmi Note 13,Android 14,5.14.0,2026-08-28T19:50:56+05:30,2026-09-12T21:46:12+05:30,true
DEV83099EBE,C000294,vivo Y28,Android 14,5.9.8,2025-02-12T19:09:53+05:30,2025-05-12T19:27:25+05:30,false
DEVB0776007,C000294,Redmi 13C,Android 13,5.16.1,2025-09-23T18:25:06+05:30,2026-08-08T10:06:12+05:30,true
DEV53AC1802,C000295,POCO X6,Android 14,4.9.8,2025-09-29T20:24:04+05:30,2026-04-25T12:30:09+05:30,false
DEV045B38B0,C000295,vivo T3,Android 14,5.15.2,2025-10-31T14:45:45+05:30,2026-08-15T15:12:51+05:30,true
DEV6F6F4E26,C000296,iQOO Z9,Android 14,5.15.2,2026-05-08T09:28:00+05:30,2026-09-04T19:02:23+05:30,true
DEVC319FCD2,C000297,OnePlus Nord CE4,Android 14,5.2.0,2025-08-21T10:52:49+05:30,2026-08-13T16:16:08+05:30,false
DEVBF7F019A,C000297,OnePlus 11R,Android 15,5.14.0,2026-08-14T14:16:08+05:30,2026-09-19T18:59:51+05:30,true
DEVAA6038F5,C000298,Galaxy M34,Android 14,5.6.2,2025-05-31T17:21:27+05:30,2026-03-01T18:17:50+05:30,false
DEV24A54660,C000298,Redmi 13C,Android 13,5.15.2,2026-05-27T15:50:37+05:30,2026-07-05T13:08:20+05:30,true
DEV9DEB961C,C000300,vivo Y28,Android 14,5.6.2,2026-05-13T10:15:02+05:30,2026-06-12T09:10:02+05:30,false
DEV6C1E3DC5,C000300,Galaxy M34,Android 14,5.16.1,2026-06-12T19:29:38+05:30,2026-08-18T17:12:40+05:30,true
DEV54CCECE3,C000301,Galaxy A15,Android 14,5.9.8,2024-06-17T13:04:32+05:30,2026-07-18T16:08:28+05:30,false
DEVDD98AA1A,C000301,Redmi 13C,Android 13,5.15.2,2026-08-06T12:11:15+05:30,2026-09-15T15:50:04+05:30,true
DEVA06D57D0,C000302,iPhone 15,iOS 18.5,5.16.1,2022-01-15T14:19:37+05:30,2026-09-16T13:25:30+05:30,true
DEV5BA72FCD,C000304,Redmi 13C,Android 13,5.12.3,2024-10-09T18:23:54+05:30,2026-09-16T16:51:23+05:30,true
DEVA076820E,C000305,vivo T3,Android 14,5.6.2,2025-12-29T16:41:12+05:30,2026-04-01T09:55:52+05:30,false
DEV82E5EFAD,C000305,Galaxy M14,Android 13,5.16.1,2026-05-17T15:07:34+05:30,2026-09-08T16:44:10+05:30,true
DEV3797B4D9,C000306,OnePlus Nord CE4,Android 14,5.14.0,2025-05-12T16:41:10+05:30,2026-09-15T18:00:19+05:30,true
DEV381DFD61,C000307,iPhone 14,iOS 18.1,5.16.1,2020-11-09T13:46:37+05:30,2026-09-13T10:49:34+05:30,true
DEVAADED901,C000308,Galaxy M14,Android 13,5.16.1,2025-01-03T16:51:14+05:30,2026-08-26T23:02:47+05:30,true
DEV61886BC9,C000310,realme narzo 60,Android 13,4.9.8,2026-03-24T18:29:22+05:30,2026-08-15T14:21:44+05:30,false
DEVF2E398F1,C000310,Redmi Note 12,Android 13,5.16.1,2026-08-22T17:48:03+05:30,2026-09-20T16:33:58+05:30,true
DEVE55052EE,C000311,Redmi Note 13,Android 14,5.14.0,2026-05-07T09:54:57+05:30,2026-08-27T23:28:28+05:30,true
DEV7C0A840A,C000312,iPhone 14,iOS 18.1,5.15.2,2026-04-22T17:12:31+05:30,2026-09-02T13:18:21+05:30,true
DEVF853C126,C000315,vivo T3,Android 14,5.2.0,2025-10-08T15:35:12+05:30,2025-12-20T09:37:48+05:30,false
DEV32AFD094,C000315,realme narzo 60,Android 13,5.16.1,2025-10-31T15:07:26+05:30,2026-07-14T17:03:37+05:30,true
DEV12B611D6,C000316,iPhone 15,iOS 18.5,4.9.8,2024-06-14T18:50:09+05:30,2026-08-28T16:07:17+05:30,false
DEV33A9B5EE,C000316,Redmi Note 13,Android 14,5.14.0,2026-09-03T16:00:54+05:30,2026-09-25T11:42:46+05:30,true
DEV5F370181,C000317,iPhone 14,iOS 18.1,5.6.2,2026-04-29T20:55:28+05:30,2026-07-13T11:03:35+05:30,false
DEV55A084CF,C000317,Galaxy A54,Android 14,5.15.2,2026-07-26T16:19:50+05:30,2026-09-13T20:52:12+05:30,true
DEVB3C4152A,C000318,OPPO A79,Android 14,5.16.1,2020-07-19T18:54:21+05:30,2026-09-14T09:34:55+05:30,true
DEV5028616E,C000319,vivo T3,Android 14,5.2.0,2020-09-27T15:35:35+05:30,2026-01-21T16:32:13+05:30,false
DEV9D65F522,C000319,moto g84,Android 14,5.16.1,2020-10-30T16:32:49+05:30,2026-09-24T18:34:55+05:30,true
DEVF5185153,C000320,moto g84,Android 14,5.15.2,2024-11-12T18:16:46+05:30,2026-07-14T13:54:41+05:30,true
DEV0E8B890E,C000322,Galaxy A15,Android 14,5.15.2,2021-11-01T17:01:29+05:30,2026-09-26T10:03:31+05:30,true
DEV2515B616,C000323,realme 12 Pro,Android 14,5.15.2,2023-01-05T16:38:55+05:30,2026-09-20T21:21:35+05:30,true
DEV739A1671,C000324,Redmi 13C,Android 13,5.16.1,2026-04-28T14:42:57+05:30,2026-09-07T19:37:53+05:30,true
DEV9D8BCFA6,C000325,Galaxy A15,Android 14,5.9.8,2024-02-10T13:18:28+05:30,2026-09-12T11:42:40+05:30,true
DEVC949417E,C000326,Galaxy S23,Android 15,5.16.1,2026-04-01T15:31:19+05:30,2026-09-25T12:55:44+05:30,true
DEV2906FA0B,C000327,Galaxy A54,Android 14,5.16.1,2020-10-02T13:51:32+05:30,2026-09-01T08:58:19+05:30,true
DEV74EC30D1,C000328,OPPO A79,Android 14,5.12.3,2025-09-19T14:59:03+05:30,2026-07-21T15:37:39+05:30,true
DEV93AF83B7,C000329,Galaxy A15,Android 14,5.15.2,2022-06-12T09:35:54+05:30,2026-09-22T15:13:05+05:30,true
DEV719A0247,C000331,realme 12 Pro,Android 14,5.16.1,2025-09-24T15:45:56+05:30,2026-09-13T22:03:52+05:30,true
DEV4C04EEA0,C000332,iPhone 13,iOS 17.6,5.15.2,2026-04-23T19:04:15+05:30,2026-08-16T08:34:50+05:30,true
DEV783934C3,C000333,Galaxy S23,Android 15,5.15.2,2024-05-09T20:39:14+05:30,2026-09-05T17:30:02+05:30,true
DEV85850D84,C000334,iPhone 13,iOS 17.6,5.9.8,2026-05-03T20:52:40+05:30,2026-06-02T12:49:28+05:30,false
DEV3F6C37EC,C000334,Galaxy A54,Android 14,5.16.1,2026-06-07T13:30:04+05:30,2026-08-12T09:14:22+05:30,true
DEVEA836AFB,C000335,Galaxy A15,Android 14,5.16.1,2024-02-28T19:22:12+05:30,2026-09-18T18:49:23+05:30,true
DEVA309FEE1,C000338,OnePlus Nord CE4,Android 14,4.9.8,2021-03-20T12:30:23+05:30,2026-07-04T09:50:12+05:30,false
DEV37AF61E4,C000338,vivo T3,Android 14,5.12.3,2026-07-11T19:53:25+05:30,2026-07-28T12:59:22+05:30,true
DEVE19709AE,C000339,Redmi Note 13,Android 14,5.9.8,2026-04-17T17:19:02+05:30,2026-09-17T16:31:07+05:30,true
DEVE0DD01BD,C000340,Redmi Note 13,Android 14,5.14.0,2026-01-12T11:09:42+05:30,2026-09-13T17:18:38+05:30,true
DEV16380BDE,C000342,Redmi Note 13,Android 14,5.14.0,2023-04-08T11:00:46+05:30,2026-09-16T18:25:25+05:30,true
DEVB20A22BC,C000343,moto g54,Android 14,5.16.1,2025-12-05T20:51:28+05:30,2026-06-28T18:44:04+05:30,true
DEV04513575,C000344,Redmi 13C,Android 13,4.9.8,2023-06-13T14:37:25+05:30,2026-07-09T21:02:02+05:30,false
DEV4CC822B9,C000344,POCO X6,Android 14,5.14.0,2026-08-22T09:26:13+05:30,2026-09-06T12:21:51+05:30,true
DEV04427C71,C000345,moto g84,Android 14,5.15.2,2025-10-13T13:16:48+05:30,2026-07-30T14:42:56+05:30,true
DEVD4939905,C000346,Galaxy A15,Android 14,5.2.0,2022-10-08T18:39:27+05:30,2026-08-11T12:29:14+05:30,false
DEV471EEFAB,C000346,Galaxy A15,Android 14,5.16.1,2026-09-12T17:11:47+05:30,2026-09-19T19:45:22+05:30,true
DEVC79A84B7,C000347,Redmi Note 12,Android 13,4.9.8,2024-10-19T19:17:25+05:30,2025-02-02T20:08:02+05:30,false
DEVA0CDB2D7,C000347,Galaxy M14,Android 13,5.9.8,2023-10-26T10:22:29+05:30,2026-09-16T20:12:18+05:30,true
DEVB9782FC6,C000348,Redmi Note 13,Android 14,5.9.8,2026-02-03T20:00:55+05:30,2026-09-10T15:59:35+05:30,true
DEVED395025,C000349,Galaxy A15,Android 14,5.16.1,2024-02-04T18:44:16+05:30,2026-07-01T22:24:12+05:30,true
DEVEA1A1B8C,C000350,Galaxy A54,Android 14,5.16.1,2021-11-08T17:45:36+05:30,2026-07-03T16:52:38+05:30,true
DEV61770059,C000352,Galaxy A54,Android 14,5.15.2,2025-03-25T15:30:40+05:30,2026-07-15T08:00:09+05:30,true
DEV32FD01A4,C000355,Galaxy A15,Android 14,5.12.3,2025-09-08T18:21:08+05:30,2026-08-03T09:26:29+05:30,true
DEV46EADC75,C000357,iPhone 13,iOS 17.6,5.6.2,2021-06-09T12:15:59+05:30,2026-08-07T13:30:29+05:30,false
DEV6B608282,C000357,Galaxy M34,Android 14,5.15.2,2026-08-10T16:09:18+05:30,2026-09-25T11:46:29+05:30,true
DEV4A4E7519,C000358,Galaxy A15,Android 14,5.6.2,2025-04-23T16:39:19+05:30,2025-11-06T19:13:57+05:30,false
DEV62CFEE1F,C000358,Redmi Note 12,Android 13,5.16.1,2024-12-23T18:12:17+05:30,2026-09-16T16:07:14+05:30,true
DEV7D2DE2B5,C000359,Redmi Note 12,Android 13,5.9.8,2022-12-04T17:03:49+05:30,2024-12-11T13:19:50+05:30,false
DEV08CA4AD4,C000359,POCO X6,Android 14,5.12.3,2020-07-14T11:18:25+05:30,2026-09-16T16:37:04+05:30,true
DEV35010053,C000360,iPhone 14,iOS 18.1,5.15.2,2026-03-09T18:14:51+05:30,2026-09-20T14:57:32+05:30,true
DEV1D315CF0,C000361,realme narzo 60,Android 13,5.16.1,2020-06-17T16:54:44+05:30,2026-09-09T10:49:50+05:30,true
DEV44F9FBAE,C000362,Redmi Note 13,Android 14,5.15.2,2025-08-19T13:54:30+05:30,2026-09-17T20:39:36+05:30,true
DEVB6887132,C000364,Galaxy A15,Android 14,5.2.0,2021-11-29T16:45:51+05:30,2024-06-22T13:58:34+05:30,false
DEVFFF4FBA7,C000364,Galaxy M14,Android 13,5.14.0,2023-12-23T10:45:52+05:30,2026-09-23T21:25:23+05:30,true
DEVF0808549,C000365,OnePlus Nord CE4,Android 14,4.9.8,2024-10-02T11:18:27+05:30,2026-07-29T20:41:49+05:30,false
DEV5555FA1A,C000365,Galaxy A15,Android 14,5.16.1,2026-07-31T17:41:49+05:30,2026-08-21T07:23:08+05:30,true
DEV7DF7ED58,C000366,vivo T3,Android 14,5.2.0,2021-11-22T12:56:43+05:30,2023-05-04T19:14:01+05:30,false
DEVC4B5DA02,C000366,Galaxy S23,Android 15,5.15.2,2024-03-12T18:50:51+05:30,2026-08-26T14:15:18+05:30,true
DEV1851904E,C000367,Galaxy A54,Android 14,5.16.1,2021-08-02T16:38:13+05:30,2026-09-26T10:35:40+05:30,true
DEVACCBA2A7,C000368,iPhone 11,iOS 17.5,5.2.0,2022-07-10T09:25:26+05:30,2026-08-14T13:31:57+05:30,false
DEV015F306E,C000368,Redmi 13C,Android 13,5.15.2,2026-08-26T14:47:24+05:30,2026-09-25T18:33:11+05:30,true
DEV42B6A8A7,C000369,realme narzo 60,Android 13,5.16.1,2024-05-05T16:55:25+05:30,2026-09-20T19:41:45+05:30,true
DEV329C033A,C000370,moto g54,Android 14,5.2.0,2024-05-27T14:09:49+05:30,2026-07-08T10:48:42+05:30,false
DEV2788C825,C000370,Redmi Note 12,Android 13,5.15.2,2026-07-12T19:10:19+05:30,2026-09-08T15:05:53+05:30,true
DEV74E42F0A,C000371,Redmi Note 12,Android 13,5.12.3,2025-11-17T14:55:14+05:30,2026-09-03T20:04:51+05:30,true
DEVCC7F9816,C000372,vivo T3,Android 14,5.9.8,2026-02-11T10:17:16+05:30,2026-07-31T23:32:00+05:30,true
DEV65DC9CEC,C000373,realme narzo 60,Android 13,5.16.1,2025-05-10T12:52:34+05:30,2026-08-30T20:07:36+05:30,true
DEV39217AE9,C000374,Galaxy M14,Android 13,5.12.3,2023-05-15T15:14:58+05:30,2026-09-08T13:34:19+05:30,true
DEVE3FF5CB1,C000375,OnePlus Nord CE4,Android 14,5.16.1,2024-06-25T11:11:43+05:30,2026-09-19T16:35:18+05:30,true
DEV089F8D37,C000376,Redmi 13C,Android 13,5.14.0,2025-10-04T17:27:05+05:30,2026-09-19T09:52:16+05:30,true
DEV35C5289E,C000377,iPhone 15,iOS 18.5,5.16.1,2025-10-29T13:20:50+05:30,2026-09-12T20:04:28+05:30,true
DEV965DA037,C000378,Galaxy A15,Android 14,5.2.0,2022-10-02T11:41:48+05:30,2026-07-03T16:26:53+05:30,false
DEVD1858C6F,C000378,iPhone 13,iOS 17.6,5.16.1,2026-07-08T18:06:25+05:30,2026-08-12T15:00:40+05:30,true
DEVF26E2FC8,C000379,Galaxy A54,Android 14,5.9.8,2023-11-02T17:17:36+05:30,2025-07-16T13:00:38+05:30,false
DEV272011F8,C000379,iPhone 15,iOS 18.5,5.15.2,2020-12-01T17:41:31+05:30,2026-09-21T12:47:45+05:30,true
DEV2B83F4A7,C000380,iPhone 13,iOS 17.6,4.9.8,2022-07-25T15:49:28+05:30,2026-07-31T23:31:41+05:30,false
DEVCB88E9A0,C000380,Galaxy M34,Android 14,5.14.0,2026-08-01T10:31:41+05:30,2026-08-21T18:02:14+05:30,true
DEV7638687C,C000382,Redmi Note 13,Android 14,5.9.8,2025-02-04T16:25:30+05:30,2025-03-08T17:27:47+05:30,false
DEV1D6D7541,C000382,OnePlus Nord CE4,Android 14,5.12.3,2026-03-27T14:33:46+05:30,2026-09-07T11:18:07+05:30,true
DEVDD1AEB74,C000383,vivo T3,Android 14,5.14.0,2026-04-12T09:45:07+05:30,2026-09-06T09:32:07+05:30,true
DEV53509FD0,C000384,vivo Y28,Android 14,5.12.3,2023-12-11T19:21:15+05:30,2026-09-19T13:29:40+05:30,true
DEVB49D5682,C000386,moto g84,Android 14,5.15.2,2026-02-09T15:26:03+05:30,2026-09-07T11:57:00+05:30,true
DEV01DCFB7B,C000387,iPhone 14,iOS 18.1,5.2.0,2023-12-30T18:20:31+05:30,2026-07-10T15:55:16+05:30,false
DEVF304D71D,C000387,realme 12 Pro,Android 14,5.16.1,2026-08-13T15:33:32+05:30,2026-09-04T12:17:58+05:30,true
DEV2EAD78F8,C000388,iPhone 14,iOS 18.1,5.9.8,2024-04-27T14:50:36+05:30,2026-07-02T17:24:48+05:30,false
DEV563E5C31,C000388,Redmi Note 12,Android 13,5.12.3,2026-07-06T17:16:48+05:30,2026-09-10T17:21:31+05:30,true
DEVEE03845E,C000389,vivo Y28,Android 14,5.16.1,2024-04-15T18:23:34+05:30,2026-09-08T10:11:42+05:30,true
DEV83F9273E,C000390,Redmi Note 12,Android 13,5.9.8,2023-12-09T15:53:55+05:30,2026-08-26T23:12:38+05:30,false
DEVBC2CE230,C000390,moto g84,Android 14,5.15.2,2026-08-28T10:12:38+05:30,2026-09-16T17:00:01+05:30,true
DEVA4CC5EBE,C000391,Redmi 13C,Android 13,5.2.0,2025-12-20T18:10:13+05:30,2026-01-27T13:01:09+05:30,false
DEV66AB2A60,C000391,moto g84,Android 14,5.12.3,2026-03-29T12:42:16+05:30,2026-09-14T22:46:06+05:30,true
DEV4B30B936,C000392,Galaxy M34,Android 14,4.9.8,2024-08-16T18:13:38+05:30,2025-05-14T14:22:40+05:30,false
DEV3624E0BD,C000392,Redmi Note 13,Android 14,5.15.2,2024-01-05T20:49:33+05:30,2026-07-14T12:24:11+05:30,true
DEV52F15532,C000393,vivo Y28,Android 14,5.9.8,2024-08-07T12:14:46+05:30,2025-09-17T18:26:59+05:30,false
DEV91B28E0C,C000393,vivo Y28,Android 14,5.16.1,2025-06-04T15:46:16+05:30,2026-09-15T19:17:05+05:30,true
DEVF587CE16,C000394,Redmi Note 13,Android 14,5.12.3,2026-02-06T10:55:37+05:30,2026-07-12T11:07:04+05:30,true
DEVA9CF2595,C000395,OnePlus Nord CE4,Android 14,5.15.2,2021-07-13T15:31:55+05:30,2026-09-15T14:52:01+05:30,true
DEV1F3E29EC,C000396,vivo T3,Android 14,5.12.3,2023-02-06T09:09:08+05:30,2026-09-12T18:32:06+05:30,true
DEVDF254DF1,C000397,iQOO Z9,Android 14,5.12.3,2023-04-01T15:04:18+05:30,2026-09-08T12:05:53+05:30,true
DEV0D26A496,C000399,Redmi Note 12,Android 13,5.16.1,2026-02-13T16:22:54+05:30,2026-09-12T22:23:51+05:30,true
DEV7427EE0D,C000400,OnePlus Nord CE4,Android 14,4.9.8,2026-03-10T15:02:46+05:30,2026-06-28T08:39:00+05:30,false
DEV42248D6E,C000400,iPhone 11,iOS 17.5,5.15.2,2026-07-27T09:04:23+05:30,2026-07-30T13:41:09+05:30,true
DEVABF2041A,C000401,vivo T3,Android 14,5.15.2,2023-10-22T18:39:45+05:30,2026-08-07T19:04:07+05:30,true
DEV19CC29B1,C000402,Redmi Note 12,Android 13,4.9.8,2022-05-30T16:45:40+05:30,2026-08-19T17:47:55+05:30,false
DEVAC168BE8,C000402,Redmi 13C,Android 13,5.12.3,2026-08-30T10:02:20+05:30,2026-09-21T12:36:52+05:30,true
DEVAA65BFFB,C000403,iPhone 14,iOS 18.1,5.12.3,2022-03-06T18:07:04+05:30,2026-09-18T11:41:36+05:30,true
DEV1A761609,C000404,Galaxy A15,Android 14,5.16.1,2022-01-15T10:11:20+05:30,2026-07-11T07:35:25+05:30,true
DEV260EFCF2,C000405,vivo Y28,Android 14,5.14.0,2023-02-18T11:17:48+05:30,2026-09-26T10:13:30+05:30,true
DEV20070003,C000406,Galaxy M34,Android 14,5.2.0,2022-06-04T16:26:34+05:30,2022-09-08T17:37:36+05:30,false
DEV630F612A,C000406,OPPO A79,Android 14,5.16.1,2020-10-20T13:02:10+05:30,2026-09-15T22:28:31+05:30,true
DEV9D8671B6,C000407,realme narzo 60,Android 13,5.9.8,2023-01-27T16:59:50+05:30,2024-01-14T10:27:21+05:30,false
DEVA6081A3A,C000407,Galaxy A54,Android 14,5.14.0,2023-03-10T11:36:15+05:30,2026-09-01T09:11:16+05:30,true
DEV47FBE765,C000409,Galaxy A15,Android 14,4.9.8,2024-11-20T15:57:13+05:30,2026-07-18T16:16:07+05:30,false
DEVE72B717F,C000409,vivo Y28,Android 14,5.14.0,2026-07-21T12:16:07+05:30,2026-09-26T10:43:45+05:30,true
DEV087D5794,C000410,Galaxy A15,Android 14,4.9.8,2020-12-24T12:42:48+05:30,2026-07-19T11:53:49+05:30,false
DEV6591D44D,C000410,moto g84,Android 14,5.16.1,2026-07-21T17:53:49+05:30,2026-09-13T12:27:46+05:30,true
DEVA938890C,C000411,vivo Y28,Android 14,5.16.1,2025-08-12T09:14:05+05:30,2026-09-23T11:22:33+05:30,true
DEVA837104C,C000412,Redmi Note 13,Android 14,5.16.1,2023-12-19T10:32:10+05:30,2026-09-15T16:22:59+05:30,true
DEVE163C373,C000414,iQOO Z9,Android 14,5.15.2,2024-04-06T09:10:24+05:30,2026-08-29T15:44:18+05:30,true
DEVD50A517E,C000415,Galaxy A15,Android 14,5.15.2,2025-03-20T17:37:22+05:30,2026-09-14T09:20:27+05:30,true
DEVF3AD32D7,C000416,Redmi Note 12,Android 13,5.16.1,2026-05-26T19:19:49+05:30,2026-07-25T18:29:08+05:30,true
DEVAD05BF28,C000417,Nokia G42,Android 13,5.16.1,2025-11-14T19:21:44+05:30,2026-09-04T20:11:21+05:30,true
DEVCF4E697C,C000418,Redmi Note 12,Android 13,5.16.1,2021-10-03T11:43:55+05:30,2026-09-12T12:19:25+05:30,true
DEV6C11916F,C000419,realme 12 Pro,Android 14,5.15.2,2022-04-12T20:02:11+05:30,2026-08-07T13:38:45+05:30,true
DEV0E2071B9,C000420,iPhone 11,iOS 17.5,5.12.3,2025-12-15T09:19:32+05:30,2026-08-06T19:01:33+05:30,true
DEVA8C68784,C000421,OnePlus Nord CE4,Android 14,5.2.0,2021-09-17T13:04:35+05:30,2026-07-05T22:47:54+05:30,false
DEVAF8AD356,C000421,iQOO Z9,Android 14,5.15.2,2026-09-11T19:47:46+05:30,2026-09-13T19:02:18+05:30,true
DEVC53F3ABD,C000422,Nokia G42,Android 13,5.16.1,2022-07-03T14:49:16+05:30,2026-09-15T08:06:49+05:30,true
DEVA1E82185,C000423,moto g84,Android 14,5.12.3,2023-12-17T17:15:12+05:30,2026-09-22T21:43:47+05:30,true
DEV6AE979C4,C000424,Nokia G42,Android 13,5.12.3,2021-05-14T09:05:28+05:30,2026-09-01T18:03:01+05:30,true
DEV5D33EFE8,C000425,OnePlus Nord CE4,Android 14,5.9.8,2023-07-19T16:25:12+05:30,2026-08-21T10:26:20+05:30,true
DEV62DF6E39,C000426,Redmi 13C,Android 13,5.9.8,2023-07-05T14:58:09+05:30,2026-07-14T16:16:53+05:30,false
DEVCE5256FA,C000426,iPhone 11,iOS 17.5,5.16.1,2026-07-22T12:01:02+05:30,2026-09-19T13:45:08+05:30,true
DEVE25E992A,C000429,OPPO A79,Android 14,4.9.8,2025-11-25T09:34:52+05:30,2026-08-03T16:02:21+05:30,false
DEV63C52072,C000429,Redmi 13C,Android 13,5.16.1,2026-08-12T13:08:53+05:30,2026-09-11T11:45:56+05:30,true
DEVCF3F7905,C000430,Galaxy M34,Android 14,5.2.0,2025-09-20T11:40:02+05:30,2026-04-26T20:31:32+05:30,false
DEVC39F1B70,C000430,realme 12 Pro,Android 14,5.15.2,2026-02-25T15:12:47+05:30,2026-08-26T09:07:51+05:30,true
DEV81B1F8C6,C000431,Redmi Note 13,Android 14,5.16.1,2025-03-31T12:28:13+05:30,2026-09-21T10:23:43+05:30,true
DEV29908239,C000432,Galaxy A15,Android 14,5.9.8,2024-01-25T16:19:00+05:30,2026-07-22T11:11:04+05:30,true
DEV401FF248,C000433,vivo T3,Android 14,5.16.1,2024-10-01T10:23:08+05:30,2026-09-20T11:07:19+05:30,true
DEV86B7AFBC,C000434,Galaxy A15,Android 14,5.9.8,2021-04-15T17:49:26+05:30,2026-07-15T18:21:44+05:30,false
DEV58F9C1DF,C000434,Galaxy M34,Android 14,5.15.2,2026-07-25T19:00:25+05:30,2026-08-10T20:13:03+05:30,true
DEV86AF85A1,C000435,vivo T3,Android 14,5.15.2,2024-04-23T12:31:31+05:30,2026-09-17T20:55:41+05:30,true
DEV8584C23E,C000438,moto g54,Android 14,5.6.2,2023-01-09T14:30:40+05:30,2024-01-23T10:21:41+05:30,false
DEVB85E0D8F,C000438,moto g54,Android 14,5.9.8,2024-09-21T18:58:39+05:30,2026-09-14T09:04:03+05:30,true
DEVBE5E3589,C000439,Redmi Note 12,Android 13,5.15.2,2025-08-29T11:56:13+05:30,2026-09-24T12:24:52+05:30,true
DEVB0B775BB,C000440,Galaxy A15,Android 14,5.9.8,2021-04-03T13:47:40+05:30,2026-08-29T11:52:57+05:30,false
DEV0CE1BAE4,C000440,vivo Y28,Android 14,5.15.2,2026-09-10T16:01:22+05:30,2026-09-25T15:59:33+05:30,true
DEV46A5D694,C000441,moto g84,Android 14,5.15.2,2024-02-11T13:09:49+05:30,2026-07-30T16:05:30+05:30,true
DEV0DB553E6,C000442,Galaxy M14,Android 13,5.15.2,2024-10-27T20:36:05+05:30,2026-08-23T21:12:22+05:30,true
DEV468B797E,C000443,Redmi 13C,Android 13,5.15.2,2025-06-13T14:37:21+05:30,2026-08-03T19:13:50+05:30,true
DEV389EA9E6,C000444,realme narzo 60,Android 13,5.9.8,2024-04-09T10:48:12+05:30,2024-11-08T14:46:20+05:30,false
DEV7E346C61,C000444,moto g84,Android 14,5.16.1,2021-05-25T18:02:53+05:30,2026-08-10T23:16:36+05:30,true
DEVE2A6F592,C000445,Galaxy A54,Android 14,5.16.1,2026-03-18T15:41:40+05:30,2026-09-20T11:03:42+05:30,true
DEV7DB8A389,C000446,vivo T3,Android 14,5.9.8,2024-08-16T09:04:22+05:30,2026-08-07T09:23:24+05:30,false
DEVE1A86C33,C000446,moto g54,Android 14,5.15.2,2026-08-18T09:07:24+05:30,2026-09-15T13:31:13+05:30,true
DEVEE950893,C000447,OPPO A79,Android 14,5.2.0,2021-01-14T09:33:44+05:30,2024-09-06T17:18:53+05:30,false
DEVF2B99180,C000447,OnePlus Nord CE4,Android 14,5.14.0,2021-06-17T10:24:55+05:30,2026-09-26T09:17:05+05:30,true
DEVB81B5ACF,C000448,Galaxy M34,Android 14,5.2.0,2022-01-19T13:12:59+05:30,2026-07-16T17:56:57+05:30,false
DEV50755295,C000448,Galaxy A15,Android 14,5.14.0,2026-08-12T19:15:06+05:30,2026-09-12T21:23:27+05:30,true
DEV8F73A24E,C000452,OPPO A79,Android 14,5.16.1,2023-01-13T16:40:11+05:30,2026-08-30T15:20:35+05:30,true
DEV3CEAFB86,C000453,OnePlus Nord CE4,Android 14,5.16.1,2024-02-09T09:35:06+05:30,2026-09-24T18:16:18+05:30,true
DEVA024B3AC,C000454,Redmi 13C,Android 13,5.14.0,2022-08-15T17:12:20+05:30,2026-09-18T09:43:07+05:30,true
DEV03B66943,C000455,Galaxy M14,Android 13,5.2.0,2025-05-25T12:38:22+05:30,2026-08-07T14:24:40+05:30,false
DEV4F688E22,C000455,Galaxy A15,Android 14,5.15.2,2026-08-08T09:24:40+05:30,2026-08-10T14:34:39+05:30,true
DEV79F0B6AC,C000456,Redmi Note 13,Android 14,5.9.8,2026-01-04T10:25:37+05:30,2026-07-16T12:16:57+05:30,false
DEVF0283FD1,C000456,Redmi 13C,Android 13,5.15.2,2026-07-26T13:35:00+05:30,2026-09-15T11:43:32+05:30,true
DEV2A129278,C000457,iPhone 15,iOS 18.5,5.9.8,2021-10-22T17:48:08+05:30,2026-09-15T16:23:48+05:30,true
DEVCCA52F04,C000458,Redmi Note 13,Android 14,5.15.2,2025-11-27T13:30:03+05:30,2026-08-13T10:46:41+05:30,true
DEVBD3B0E30,C000459,Galaxy A54,Android 14,4.9.8,2026-01-09T10:03:31+05:30,2026-08-03T21:54:48+05:30,false
DEVD14FDE19,C000459,realme narzo 60,Android 13,5.16.1,2026-09-06T18:52:51+05:30,2026-09-06T19:11:48+05:30,true
DEV2904EC10,C000460,Redmi Note 12,Android 13,5.16.1,2023-01-11T15:04:21+05:30,2026-09-15T14:49:56+05:30,true
DEVF808C1F7,C000461,Galaxy M34,Android 14,5.6.2,2024-08-05T18:32:36+05:30,2026-07-18T15:06:16+05:30,false
DEV31F2C564,C000461,Redmi Note 12,Android 13,5.16.1,2026-08-12T14:49:45+05:30,2026-09-13T17:13:13+05:30,true
DEV7BAD01D9,C000463,realme 12 Pro,Android 14,5.15.2,2023-12-04T17:54:41+05:30,2026-09-12T12:07:28+05:30,true
DEVCC04DC36,C000464,realme narzo 60,Android 13,5.9.8,2024-05-17T18:57:48+05:30,2026-08-11T18:31:20+05:30,true
DEV1BBB82C7,C000466,iPhone 15,iOS 18.5,5.6.2,2025-06-06T16:03:07+05:30,2026-07-10T12:28:42+05:30,false
DEVA4F1EBEB,C000466,moto g54,Android 14,5.14.0,2026-07-15T19:40:34+05:30,2026-09-22T16:37:59+05:30,true
DEV15862F7E,C000467,Redmi Note 13,Android 14,5.16.1,2025-05-27T09:17:37+05:30,2026-09-08T16:45:19+05:30,true
DEVE360A35E,C000469,OnePlus Nord CE4,Android 14,5.16.1,2026-01-13T11:18:59+05:30,2026-09-21T12:29:09+05:30,true
DEV2B520DEE,C000470,Redmi Note 13,Android 14,5.16.1,2026-01-04T18:21:20+05:30,2026-09-19T15:56:49+05:30,true
DEV2546D9EF,C000472,vivo T3,Android 14,5.15.2,2023-07-17T20:48:42+05:30,2026-08-17T14:52:41+05:30,true
DEV4C825BB6,C000473,Galaxy M34,Android 14,5.14.0,2026-03-23T13:32:55+05:30,2026-09-21T14:41:34+05:30,true
DEV52640F98,C000474,Redmi Note 12,Android 13,5.15.2,2025-05-19T11:47:52+05:30,2026-07-06T09:51:18+05:30,true
DEVEE93467F,C000476,Redmi 13C,Android 13,5.14.0,2024-06-24T18:14:59+05:30,2026-09-15T10:38:43+05:30,true
DEVDDFC2984,C000477,Redmi Note 13,Android 14,5.16.1,2024-07-10T14:19:25+05:30,2026-09-20T18:46:04+05:30,true
DEVCD2D97D4,C000478,moto g54,Android 14,5.9.8,2022-06-29T14:56:34+05:30,2026-07-02T20:17:01+05:30,true
DEV25280339,C000479,Redmi 13C,Android 13,5.16.1,2026-04-05T10:27:41+05:30,2026-09-05T09:40:46+05:30,true
DEV46E0A4F0,C000480,Redmi Note 13,Android 14,5.6.2,2024-03-22T18:54:36+05:30,2025-12-30T09:00:12+05:30,false
DEVF236E3AD,C000480,iPhone 14,iOS 18.1,5.16.1,2024-12-06T18:41:55+05:30,2026-09-03T09:15:01+05:30,true
DEV6FA8AE36,C000481,OnePlus Nord CE4,Android 14,5.16.1,2021-08-28T11:45:58+05:30,2026-09-21T23:14:45+05:30,true
DEV13D9E7AD,C000483,iPhone 13,iOS 17.6,5.16.1,2026-04-23T10:12:46+05:30,2026-09-05T21:43:30+05:30,true
DEV564FD289,C000484,iPhone 14,iOS 18.1,4.9.8,2025-07-14T10:45:01+05:30,2026-09-15T17:30:01+05:30,false
DEV38F08BB6,C000484,Redmi Note 13,Android 14,5.16.1,2026-09-16T17:05:06+05:30,2026-09-25T11:13:26+05:30,true
DEVAA38CBA6,C000485,Redmi 13C,Android 13,5.6.2,2022-02-10T13:45:06+05:30,2024-04-20T12:24:05+05:30,false
DEV48B74520,C000485,iPhone 14,iOS 18.1,5.14.0,2021-06-29T17:07:38+05:30,2026-09-19T09:11:05+05:30,true
DEVE5161924,C000487,moto g84,Android 14,5.6.2,2023-08-24T14:07:51+05:30,2026-08-03T19:44:54+05:30,false
DEV93C9D765,C000487,vivo Y28,Android 14,5.15.2,2026-08-08T16:57:51+05:30,2026-09-08T18:28:02+05:30,true
DEVEE9EB8A6,C000488,POCO X6,Android 14,5.12.3,2021-11-10T16:29:19+05:30,2026-09-22T08:47:32+05:30,true
DEV5B61DC48,C000490,iPhone 14,iOS 18.1,5.15.2,2021-03-31T09:40:10+05:30,2026-09-18T21:40:37+05:30,true
DEVD511E441,C000491,Redmi Note 12,Android 13,5.2.0,2026-01-24T10:16:45+05:30,2026-07-03T19:19:35+05:30,false
DEV626A72A0,C000491,Redmi 13C,Android 13,5.16.1,2026-07-06T11:19:35+05:30,2026-09-18T13:07:39+05:30,true
DEVBC990042,C000492,iQOO Z9,Android 14,5.14.0,2023-10-26T17:13:02+05:30,2026-07-20T10:24:25+05:30,true
DEV0D041254,C000493,Redmi Note 12,Android 13,5.15.2,2022-03-27T18:56:24+05:30,2026-09-10T14:25:19+05:30,true
DEV1A411AF8,C000494,vivo Y28,Android 14,5.12.3,2026-03-13T15:01:05+05:30,2026-09-17T14:16:08+05:30,true
DEVF8E00E0C,C000495,Redmi 13C,Android 13,5.12.3,2025-06-17T19:15:07+05:30,2026-08-26T18:12:28+05:30,true
DEVA834557A,C000496,iPhone 13,iOS 17.6,5.16.1,2026-05-16T19:12:16+05:30,2026-09-26T08:35:00+05:30,true
DEVB5FFE2D3,C000497,OPPO A79,Android 14,5.6.2,2022-03-23T13:03:29+05:30,2025-01-06T11:42:24+05:30,false
DEVAF536487,C000497,OnePlus 11R,Android 15,5.15.2,2024-07-23T16:57:26+05:30,2026-07-11T08:33:43+05:30,true
DEVF5BE321D,C000498,iPhone 14,iOS 18.1,4.9.8,2021-09-09T09:43:54+05:30,2026-08-14T12:42:31+05:30,false
DEV40A7B28B,C000498,Redmi Note 13,Android 14,5.16.1,2026-09-08T13:11:37+05:30,2026-09-17T11:35:51+05:30,true
DEV2A2E4633,C000500,POCO X6,Android 14,5.2.0,2024-09-12T19:13:56+05:30,2025-06-23T11:14:08+05:30,false
DEV8E0A443E,C000500,realme narzo 60,Android 13,5.14.0,2025-04-06T13:02:18+05:30,2026-09-04T20:31:54+05:30,true
DEVBA99DA91,C000502,moto g84,Android 14,5.16.1,2026-02-10T10:57:18+05:30,2026-08-05T12:15:08+05:30,true
DEVF2C966C0,C000503,OPPO A79,Android 14,5.16.1,2025-08-09T20:53:20+05:30,2026-09-15T08:31:02+05:30,true
DEVEE166A52,C000504,Galaxy M34,Android 14,5.6.2,2025-11-17T13:40:31+05:30,2026-07-04T21:55:18+05:30,false
DEV34412E81,C000504,Redmi Note 13,Android 14,5.15.2,2026-09-10T15:58:09+05:30,2026-09-16T19:44:03+05:30,true
DEVD5E0430B,C000505,Galaxy M14,Android 13,5.16.1,2025-11-23T18:30:45+05:30,2026-09-04T14:08:30+05:30,true
DEV6F8D8A9C,C000506,Galaxy M34,Android 14,5.12.3,2023-06-03T15:02:35+05:30,2026-09-17T07:39:45+05:30,true
DEV501F788B,C000508,Galaxy A54,Android 14,5.14.0,2026-06-11T09:19:32+05:30,2026-09-25T11:29:41+05:30,true
DEV879A414C,C000511,Redmi 13C,Android 13,5.15.2,2023-11-29T17:36:59+05:30,2026-09-25T17:16:57+05:30,true
DEVA34F3B27,C000512,Galaxy M14,Android 13,5.15.2,2026-05-06T09:04:29+05:30,2026-07-31T08:55:47+05:30,true
DEVD568EA7F,C000513,Galaxy A15,Android 14,5.9.8,2021-02-17T17:40:50+05:30,2025-04-29T10:23:14+05:30,false
DEVEF670A51,C000513,iPhone 14,iOS 18.1,5.12.3,2023-07-01T15:41:11+05:30,2026-09-14T13:31:04+05:30,true
DEV88D26770,C000514,Galaxy A54,Android 14,5.16.1,2025-11-02T16:36:32+05:30,2026-09-17T12:09:54+05:30,true
DEVE66A8890,C000515,Redmi 13C,Android 13,5.15.2,2025-04-03T19:46:46+05:30,2026-09-22T17:08:20+05:30,true
DEV2AA6D14C,C000516,OnePlus 11R,Android 15,5.14.0,2023-08-21T14:45:14+05:30,2026-07-08T10:15:08+05:30,true
DEV31ED5494,C000517,POCO X6,Android 14,5.6.2,2024-03-19T16:20:44+05:30,2026-07-12T16:11:29+05:30,false
DEV114F3590,C000517,Galaxy M14,Android 13,5.16.1,2026-07-14T11:11:29+05:30,2026-08-13T19:11:24+05:30,true
DEV140CFC03,C000518,realme 12 Pro,Android 14,5.15.2,2022-08-23T10:27:15+05:30,2026-09-18T12:05:05+05:30,true
DEVBA3FAE8D,C000519,OPPO A79,Android 14,5.16.1,2023-10-29T14:24:00+05:30,2026-07-30T20:57:32+05:30,true
DEV682B10F3,C000520,OPPO A79,Android 14,5.14.0,2021-08-24T14:12:51+05:30,2026-06-29T07:26:16+05:30,true
DEV2E475F21,C000523,Galaxy M34,Android 14,5.2.0,2024-02-01T17:22:38+05:30,2026-08-20T11:46:49+05:30,false
DEVCC88885B,C000523,Redmi Note 13,Android 14,5.14.0,2026-08-29T16:13:29+05:30,2026-09-17T21:56:04+05:30,true
DEVEADDC8D2,C000524,Galaxy M14,Android 13,5.16.1,2024-11-14T17:53:35+05:30,2026-07-19T20:40:14+05:30,true
DEV3BCA1E66,C000525,Galaxy M34,Android 14,5.15.2,2022-03-14T11:08:24+05:30,2026-08-03T17:10:37+05:30,true
DEV22543195,C000526,Redmi Note 13,Android 14,5.16.1,2021-06-04T09:15:05+05:30,2026-09-19T15:03:02+05:30,true
DEVE8802537,C000527,realme narzo 60,Android 13,5.16.1,2026-02-07T16:34:14+05:30,2026-09-26T10:14:32+05:30,true
DEVFA9B7333,C000529,realme narzo 60,Android 13,5.15.2,2023-12-22T17:50:45+05:30,2026-09-19T18:59:27+05:30,true
DEV33742B92,C000530,iPhone 15,iOS 18.5,5.16.1,2026-06-05T09:02:32+05:30,2026-09-21T19:30:20+05:30,true
DEV5F43BD23,C000531,Redmi 13C,Android 13,5.16.1,2023-11-02T11:29:09+05:30,2026-07-28T13:19:32+05:30,true
DEVBBBFB273,C000532,moto g54,Android 14,5.14.0,2025-07-27T20:21:51+05:30,2026-07-09T18:06:56+05:30,true
DEVFF7D0099,C000535,Galaxy M34,Android 14,5.15.2,2021-01-17T11:59:56+05:30,2026-08-23T19:46:37+05:30,true
DEV5EBFE057,C000536,Galaxy M14,Android 13,5.9.8,2021-08-09T20:51:00+05:30,2022-08-27T15:52:01+05:30,false
DEVDCC0A119,C000536,Galaxy M34,Android 14,5.16.1,2024-09-30T15:06:35+05:30,2026-07-23T08:52:13+05:30,true
DEV4EB3E84E,C000537,Galaxy A15,Android 14,5.16.1,2025-04-04T15:33:35+05:30,2026-07-06T07:50:32+05:30,true
DEV73A66E57,C000539,OnePlus Nord CE4,Android 14,5.16.1,2024-04-17T20:50:30+05:30,2026-07-29T10:09:26+05:30,true
DEVBA2E5326,C000540,realme 12 Pro,Android 14,5.14.0,2024-03-21T13:57:04+05:30,2026-08-28T15:24:24+05:30,true
DEVFEF754B9,C000541,moto g84,Android 14,5.16.1,2024-12-21T11:20:42+05:30,2026-09-01T19:45:48+05:30,true
DEV319C1FE9,C000542,OPPO A79,Android 14,5.16.1,2024-10-27T11:41:09+05:30,2026-08-23T22:14:23+05:30,true
DEV7F170E36,C000543,vivo Y28,Android 14,5.6.2,2024-07-23T18:52:51+05:30,2026-08-01T13:08:54+05:30,false
DEV2C563E1A,C000543,Galaxy A54,Android 14,5.16.1,2026-08-03T13:08:54+05:30,2026-09-03T14:22:14+05:30,true
DEVC652A9D6,C000544,Galaxy A54,Android 14,5.9.8,2024-07-12T11:57:10+05:30,2026-04-03T18:15:07+05:30,false
DEV3ADA299D,C000544,iPhone 11,iOS 17.5,5.15.2,2023-02-12T19:42:38+05:30,2026-08-03T19:05:38+05:30,true
DEV67DEE57A,C000546,OnePlus Nord CE4,Android 14,5.14.0,2021-12-01T10:15:42+05:30,2026-08-14T15:49:25+05:30,true
DEV2D4C5BDD,C000549,Nokia G42,Android 13,5.14.0,2024-02-07T13:10:24+05:30,2026-09-25T17:33:38+05:30,true
DEVB7D65D41,C000550,Redmi Note 13,Android 14,5.6.2,2025-02-14T15:00:28+05:30,2026-07-30T10:50:03+05:30,false
DEV09076E16,C000550,OnePlus Nord CE4,Android 14,5.15.2,2026-09-08T14:11:47+05:30,2026-09-15T21:40:57+05:30,true
DEVACABE186,C000551,Galaxy M34,Android 14,5.15.2,2024-07-30T11:14:17+05:30,2026-09-23T11:05:33+05:30,true
DEV1DE7EC2F,C000552,moto g54,Android 14,5.14.0,2021-09-15T18:30:22+05:30,2026-09-20T23:19:29+05:30,true
DEV9545281E,C000553,Galaxy A15,Android 14,5.14.0,2026-05-04T17:03:14+05:30,2026-09-04T20:00:51+05:30,true
DEV2CDDE073,C000554,Redmi Note 12,Android 13,5.15.2,2023-08-22T10:27:17+05:30,2026-08-02T09:03:31+05:30,true
DEVB02DA885,C000555,moto g54,Android 14,5.9.8,2023-01-06T09:49:19+05:30,2026-09-14T19:26:34+05:30,true
DEV17A87775,C000556,Redmi 13C,Android 13,5.16.1,2025-03-11T12:38:15+05:30,2026-09-26T09:50:10+05:30,true
DEVC6A54D93,C000557,Redmi Note 13,Android 14,5.15.2,2025-03-23T18:19:31+05:30,2026-09-18T09:06:39+05:30,true
DEV166D3543,C000558,iPhone 15,iOS 18.5,5.15.2,2026-06-01T20:20:11+05:30,2026-09-12T08:40:24+05:30,true
DEVDA69C026,C000559,vivo T3,Android 14,5.9.8,2026-05-31T15:20:05+05:30,2026-08-25T10:08:41+05:30,true
DEV904F5FE8,C000560,iPhone 14,iOS 18.1,5.2.0,2024-10-20T11:04:06+05:30,2024-11-24T20:56:10+05:30,false
DEVF81854A0,C000560,realme 12 Pro,Android 14,5.16.1,2021-09-29T14:20:10+05:30,2026-09-22T15:16:43+05:30,true
DEV9D9B4FE5,C000563,OnePlus Nord CE4,Android 14,4.9.8,2026-02-09T12:10:55+05:30,2026-07-29T17:50:35+05:30,false
DEV8FCFB1B8,C000563,iPhone 15,iOS 18.5,5.14.0,2026-08-12T09:39:48+05:30,2026-09-20T10:35:32+05:30,true
DEV5729BEE3,C000564,Nokia G42,Android 13,5.16.1,2022-03-19T09:30:21+05:30,2026-09-18T13:57:19+05:30,true
DEVC9E02A1B,C000565,realme 12 Pro,Android 14,5.15.2,2025-12-29T13:43:32+05:30,2026-09-20T16:01:24+05:30,true
DEV15787464,C000566,realme 12 Pro,Android 14,5.12.3,2024-07-23T13:35:40+05:30,2026-09-16T12:07:51+05:30,true
DEVC2A9E5B5,C000568,Galaxy A54,Android 14,5.6.2,2024-06-24T09:28:50+05:30,2025-01-09T11:17:47+05:30,false
DEVA324B02A,C000568,vivo Y28,Android 14,5.15.2,2021-12-14T09:03:22+05:30,2026-09-16T14:59:52+05:30,true
DEV415DFB8D,C000569,Redmi Note 13,Android 14,5.16.1,2026-05-17T12:37:02+05:30,2026-08-24T07:57:52+05:30,true
DEV011B0398,C000570,iPhone 13,iOS 17.6,5.9.8,2025-12-30T14:57:28+05:30,2026-08-26T19:11:00+05:30,true
DEVA51801F7,C000571,iPhone 14,iOS 18.1,4.9.8,2021-10-02T13:24:24+05:30,2025-01-15T12:30:53+05:30,false
DEV19F93399,C000571,POCO X6,Android 14,5.16.1,2020-12-31T13:39:48+05:30,2026-09-19T17:54:31+05:30,true
DEV3FC59139,C000572,realme 12 Pro,Android 14,5.12.3,2024-06-21T16:28:38+05:30,2026-08-28T09:15:28+05:30,true
DEVFE95D119,C000573,Galaxy A15,Android 14,5.15.2,2025-09-12T13:01:34+05:30,2026-09-23T12:00:18+05:30,true
DEVE48CF2B8,C000575,moto g54,Android 14,5.16.1,2026-03-31T15:08:43+05:30,2026-09-15T21:25:48+05:30,true
DEV511B07AB,C000576,vivo T3,Android 14,5.15.2,2025-07-02T16:22:17+05:30,2026-09-06T16:07:06+05:30,true
DEVB52C80A0,C000577,iPhone 15,iOS 18.5,5.14.0,2021-01-11T18:15:34+05:30,2026-09-07T23:05:50+05:30,true
DEVFAB1B0A3,C000578,Galaxy A54,Android 14,4.9.8,2023-08-22T19:13:48+05:30,2026-08-24T11:14:29+05:30,false
DEV379E107B,C000578,Redmi 13C,Android 13,5.15.2,2026-08-26T20:24:40+05:30,2026-09-26T09:09:59+05:30,true
DEV2EB02B47,C000579,Nokia G42,Android 13,5.9.8,2022-10-09T15:58:47+05:30,2023-10-22T10:53:31+05:30,false
DEVC789859C,C000579,Redmi Note 13,Android 14,5.15.2,2020-10-15T12:57:54+05:30,2026-09-08T15:56:15+05:30,true
DEV8EAE7E65,C000581,OPPO A79,Android 14,5.9.8,2022-10-23T14:19:24+05:30,2026-09-05T18:52:12+05:30,true
DEVA15B9FC5,C000582,Galaxy M14,Android 13,5.15.2,2024-09-15T17:40:48+05:30,2026-08-02T13:09:03+05:30,true
DEV1A31CA31,C000583,Redmi 13C,Android 13,4.9.8,2023-02-24T13:53:06+05:30,2024-10-09T09:13:51+05:30,false
DEV863AD131,C000583,vivo Y28,Android 14,5.16.1,2025-06-28T10:56:15+05:30,2026-09-18T14:35:48+05:30,true
DEVB5908904,C000584,OnePlus Nord CE4,Android 14,5.16.1,2021-09-25T19:07:33+05:30,2026-09-14T20:04:31+05:30,true
DEV0F55EC1E,C000585,moto g84,Android 14,5.2.0,2022-11-01T09:56:10+05:30,2026-08-18T10:06:57+05:30,false
DEVE62C785C,C000585,moto g54,Android 14,5.9.8,2026-08-24T11:18:23+05:30,2026-09-17T14:01:51+05:30,true
DEV02220B83,C000586,OPPO A79,Android 14,5.12.3,2022-11-29T10:01:09+05:30,2026-09-25T10:30:17+05:30,true
DEV921EF644,C000587,iPhone 15,iOS 18.5,5.9.8,2026-05-15T19:41:49+05:30,2026-06-14T16:05:04+05:30,false
DEV1F8EEB32,C000587,Redmi 13C,Android 13,5.15.2,2026-05-15T17:02:10+05:30,2026-09-19T12:27:35+05:30,true
DEV08C40730,C000588,Redmi Note 12,Android 13,5.2.0,2022-09-23T17:23:39+05:30,2026-08-23T14:30:22+05:30,false
DEV2652D1D2,C000588,iPhone 13,iOS 17.6,5.12.3,2026-08-24T17:30:22+05:30,2026-09-08T11:03:53+05:30,true
DEV856F939D,C000589,OnePlus Nord CE4,Android 14,5.6.2,2025-09-25T18:10:12+05:30,2026-01-27T19:30:27+05:30,false
DEVE6DF9C1B,C000589,Galaxy M34,Android 14,5.15.2,2026-03-30T20:58:04+05:30,2026-09-08T23:14:36+05:30,true
DEV73EF52D7,C000591,Galaxy S23,Android 15,5.9.8,2024-12-17T13:39:08+05:30,2025-10-11T14:47:50+05:30,false
DEV1932279B,C000591,Galaxy S23,Android 15,5.15.2,2025-10-08T13:54:19+05:30,2026-09-06T17:42:42+05:30,true
DEV559E9923,C000592,Galaxy A15,Android 14,5.12.3,2026-04-09T18:01:28+05:30,2026-09-21T16:24:48+05:30,true
DEVDF12B680,C000594,Galaxy A15,Android 14,5.16.1,2022-03-29T19:05:42+05:30,2026-08-05T13:43:36+05:30,true
DEV84CC1909,C000595,POCO X6,Android 14,5.12.3,2022-03-16T14:19:30+05:30,2026-09-19T17:53:56+05:30,true
DEV85239787,C000596,Galaxy A15,Android 14,4.9.8,2023-01-08T20:55:55+05:30,2023-02-12T10:04:26+05:30,false
DEV596B31D5,C000596,vivo T3,Android 14,5.16.1,2025-05-19T18:47:28+05:30,2026-09-10T18:52:14+05:30,true
DEV351D4611,C000597,Galaxy A15,Android 14,5.9.8,2024-05-19T11:51:14+05:30,2025-06-10T15:55:27+05:30,false
DEV3A705848,C000597,iQOO Z9,Android 14,5.15.2,2024-03-23T20:47:43+05:30,2026-09-24T17:22:10+05:30,true
DEV5EFB6564,C000598,iPhone 14,iOS 18.1,4.9.8,2021-04-06T20:09:57+05:30,2026-08-26T16:58:14+05:30,false
DEVAD6C8712,C000598,Galaxy A15,Android 14,5.16.1,2026-08-26T20:58:14+05:30,2026-09-04T15:37:03+05:30,true
DEVC15A2660,C000599,Galaxy A15,Android 14,5.14.0,2026-04-29T19:14:23+05:30,2026-08-24T11:52:52+05:30,true
DEVA1D23B27,C000600,Galaxy A54,Android 14,5.6.2,2025-10-17T18:47:56+05:30,2026-07-03T13:44:42+05:30,false
DEV5EB7AECB,C000600,Galaxy S23,Android 15,5.15.2,2026-08-22T14:25:45+05:30,2026-08-27T19:01:10+05:30,true
DEVF16AE465,C000601,OnePlus Nord CE4,Android 14,5.16.1,2026-05-04T14:04:11+05:30,2026-07-30T15:58:17+05:30,true
DEV946F6E18,C000602,vivo Y28,Android 14,5.16.1,2025-11-21T09:18:26+05:30,2026-07-30T16:51:50+05:30,true
DEV2A54D05D,C000603,Redmi Note 12,Android 13,5.2.0,2025-03-19T20:57:05+05:30,2026-08-25T13:36:29+05:30,false
DEVDFD4B4DA,C000603,Redmi Note 13,Android 14,5.12.3,2026-09-01T20:09:54+05:30,2026-09-19T12:29:59+05:30,true
DEVF3531C28,C000605,iPhone 15,iOS 18.5,5.15.2,2023-07-22T15:28:07+05:30,2026-08-10T14:17:51+05:30,true
DEVB3D1710D,C000606,iPhone 15,iOS 18.5,5.15.2,2026-05-24T13:50:03+05:30,2026-07-13T15:25:35+05:30,true
DEV6C0F4255,C000607,realme 12 Pro,Android 14,5.16.1,2024-12-07T19:17:53+05:30,2026-09-10T11:31:06+05:30,true
DEVFD546AFB,C000609,Nokia G42,Android 13,5.6.2,2023-06-14T18:55:34+05:30,2026-06-29T15:55:28+05:30,false
DEV914D52E2,C000609,Redmi Note 13,Android 14,5.16.1,2026-07-14T18:14:25+05:30,2026-09-23T11:47:05+05:30,true
DEV3D04396E,C000610,OnePlus Nord CE4,Android 14,5.9.8,2025-08-16T09:09:21+05:30,2026-07-17T21:48:13+05:30,false
DEVA2E1322B,C000610,Redmi 13C,Android 13,5.12.3,2026-09-10T13:48:41+05:30,2026-09-25T15:54:41+05:30,true
DEV848D65A0,C000611,moto g84,Android 14,5.15.2,2023-08-25T18:20:43+05:30,2026-09-18T20:06:16+05:30,true
DEV52E6F866,C000612,POCO X6,Android 14,5.12.3,2023-06-02T14:41:27+05:30,2026-09-22T17:18:29+05:30,true
DEV2F2FDCAA,C000613,Redmi Note 13,Android 14,5.12.3,2026-05-16T11:02:01+05:30,2026-09-20T14:58:55+05:30,true
DEVF97D4F08,C000614,Redmi Note 12,Android 13,5.15.2,2026-03-28T20:17:24+05:30,2026-09-24T14:27:17+05:30,true
DEV3E169416,C000615,Redmi Note 12,Android 13,4.9.8,2024-02-08T18:26:55+05:30,2026-07-05T11:06:26+05:30,false
DEV9401A446,C000615,Redmi Note 13,Android 14,5.16.1,2026-07-19T18:21:29+05:30,2026-09-08T14:48:03+05:30,true
DEVD6113A18,C000616,realme narzo 60,Android 13,5.16.1,2022-03-23T14:28:40+05:30,2026-09-15T17:28:45+05:30,true
DEVD2A8465E,C000618,realme 12 Pro,Android 14,5.12.3,2026-05-10T18:29:21+05:30,2026-09-11T11:35:46+05:30,true
DEV3C1CE50B,C000622,vivo T3,Android 14,5.14.0,2021-03-18T17:56:43+05:30,2026-07-28T20:23:19+05:30,true
DEVE535690D,C000623,realme 12 Pro,Android 14,5.16.1,2025-06-24T14:11:24+05:30,2026-07-15T07:21:43+05:30,true
DEV89B0D702,C000625,iPhone 15,iOS 18.5,5.16.1,2021-08-27T20:15:30+05:30,2026-09-08T20:27:11+05:30,true
DEVC6355601,C000626,Galaxy A54,Android 14,5.6.2,2023-02-24T17:38:29+05:30,2025-01-27T20:59:46+05:30,false
DEV8476B63E,C000626,iQOO Z9,Android 14,5.15.2,2024-05-03T13:01:04+05:30,2026-08-31T09:50:13+05:30,true
DEV46F5338C,C000627,moto g54,Android 14,5.9.8,2025-04-04T09:57:49+05:30,2026-03-31T13:23:52+05:30,false
DEV3A287F5D,C000627,vivo Y28,Android 14,5.15.2,2025-03-16T09:06:36+05:30,2026-07-16T11:12:39+05:30,true
DEVABF6B5EC,C000628,realme narzo 60,Android 13,5.15.2,2021-08-22T20:19:29+05:30,2026-09-09T09:17:50+05:30,true
DEV64C96B5F,C000629,vivo T3,Android 14,5.15.2,2026-03-17T14:25:46+05:30,2026-09-09T18:20:42+05:30,true
DEVA7097414,C000630,Galaxy M14,Android 13,5.14.0,2026-04-05T19:45:26+05:30,2026-09-20T10:48:43+05:30,true
DEVE112132D,C000631,Redmi 13C,Android 13,4.9.8,2021-05-04T15:33:59+05:30,2024-05-04T15:04:52+05:30,false
DEV1F6E2D4F,C000631,OnePlus Nord CE4,Android 14,5.16.1,2023-08-17T10:45:29+05:30,2026-09-13T16:22:59+05:30,true
DEVD9E85C96,C000632,OnePlus Nord CE4,Android 14,5.6.2,2025-05-16T20:09:03+05:30,2025-10-02T14:27:05+05:30,false
DEV28085AF7,C000632,iPhone 13,iOS 17.6,5.9.8,2025-11-05T16:07:29+05:30,2026-09-14T15:56:44+05:30,true
DEVCBA4EE77,C000633,vivo Y28,Android 14,5.16.1,2023-09-05T20:32:05+05:30,2026-09-25T19:16:12+05:30,true
DEVFDFDE04C,C000634,OnePlus Nord CE4,Android 14,5.14.0,2021-02-27T15:55:05+05:30,2026-07-25T20:00:07+05:30,true
DEVFF9337BF,C000635,Redmi 13C,Android 13,5.15.2,2025-04-14T19:26:29+05:30,2026-09-19T10:13:47+05:30,true
DEV57EC1D61,C000636,moto g84,Android 14,5.2.0,2024-03-22T16:28:39+05:30,2026-09-01T16:17:51+05:30,false
DEV4FF61E0C,C000636,iPhone 14,iOS 18.1,5.12.3,2026-09-08T11:31:34+05:30,2026-09-23T17:11:18+05:30,true
DEVD5342100,C000637,Galaxy M34,Android 14,5.15.2,2023-11-01T09:58:13+05:30,2026-09-07T15:20:52+05:30,true
DEV31B6716A,C000638,Galaxy M34,Android 14,5.15.2,2023-09-04T16:54:54+05:30,2026-09-15T11:59:02+05:30,true
DEV15D17F68,C000640,realme 12 Pro,Android 14,5.12.3,2022-02-13T18:15:44+05:30,2026-09-11T15:51:19+05:30,true
DEV37348A69,C000642,moto g54,Android 14,5.15.2,2025-12-19T17:00:55+05:30,2026-09-12T18:56:40+05:30,true
DEVD3EBECC3,C000643,realme 12 Pro,Android 14,5.12.3,2023-09-22T13:41:14+05:30,2026-09-03T16:44:03+05:30,true
DEVAFD5CF77,C000645,realme narzo 60,Android 13,5.2.0,2025-05-09T18:33:06+05:30,2025-09-02T15:33:40+05:30,false
DEV87ADFC3B,C000645,OPPO A79,Android 14,5.15.2,2026-04-14T12:05:11+05:30,2026-09-21T08:57:05+05:30,true
DEV8C240098,C000646,OnePlus Nord CE4,Android 14,5.14.0,2025-10-15T09:35:15+05:30,2026-07-28T09:51:37+05:30,true
DEV88C91B64,C000647,iPhone 13,iOS 17.6,5.16.1,2021-09-29T20:51:34+05:30,2026-09-18T16:32:20+05:30,true
DEV3C58ED3E,C000649,vivo T3,Android 14,4.9.8,2025-12-22T09:44:15+05:30,2026-08-05T11:57:31+05:30,false
DEV5959BEF9,C000649,OnePlus Nord CE4,Android 14,5.16.1,2026-08-10T11:15:34+05:30,2026-09-22T15:06:32+05:30,true
DEV5DAD30AD,C000650,vivo Y28,Android 14,5.15.2,2025-07-27T17:29:03+05:30,2026-09-16T17:36:03+05:30,true
DEV2590A39C,C000651,vivo T3,Android 14,5.16.1,2024-11-06T15:55:50+05:30,2026-09-21T10:33:59+05:30,true
DEVB989EEA7,C000652,Galaxy M14,Android 13,5.14.0,2025-10-28T17:31:12+05:30,2026-09-07T16:05:19+05:30,true
DEV018909ED,C000653,realme narzo 60,Android 13,4.9.8,2021-12-23T11:57:05+05:30,2026-08-31T17:40:47+05:30,false
DEV2C16BE7E,C000653,Galaxy A15,Android 14,5.15.2,2026-09-04T09:55:00+05:30,2026-09-20T22:48:33+05:30,true
DEVD381740F,C000655,POCO X6,Android 14,5.15.2,2022-09-02T15:20:44+05:30,2026-09-08T19:17:47+05:30,true
DEV7687806A,C000657,OPPO A79,Android 14,5.16.1,2024-04-19T11:44:16+05:30,2026-09-01T10:41:43+05:30,true
DEV5B734707,C000659,iPhone 11,iOS 17.5,5.9.8,2024-07-03T16:06:13+05:30,2026-08-13T12:38:29+05:30,false
DEVB00150B6,C000659,Redmi Note 13,Android 14,5.12.3,2026-08-13T14:38:29+05:30,2026-09-11T20:05:17+05:30,true
DEVFF52ECDB,C000660,POCO X6,Android 14,5.12.3,2021-06-21T17:45:44+05:30,2026-09-14T19:23:27+05:30,true
DEV0C7A37B3,C000662,Galaxy A54,Android 14,5.15.2,2023-04-27T12:30:32+05:30,2026-09-24T21:59:07+05:30,true
DEV2CA6F4A3,C000663,Galaxy A15,Android 14,5.16.1,2021-09-20T10:44:12+05:30,2026-09-23T20:55:13+05:30,true
DEVC9E667D7,C000664,Redmi Note 13,Android 14,4.9.8,2022-05-20T18:46:03+05:30,2026-08-13T15:31:11+05:30,false
DEVFFFAE605,C000664,Galaxy M14,Android 13,5.15.2,2026-08-30T09:46:50+05:30,2026-09-11T18:54:59+05:30,true
DEVC84EF57B,C000667,Galaxy M34,Android 14,5.9.8,2024-03-04T18:47:46+05:30,2025-07-29T18:22:01+05:30,false
DEVB80D8469,C000667,vivo T3,Android 14,5.14.0,2025-08-08T09:29:48+05:30,2026-08-10T16:40:10+05:30,true
DEVA1AF72A6,C000668,Galaxy S23,Android 15,5.12.3,2026-05-22T09:02:58+05:30,2026-09-13T16:58:03+05:30,true
DEVEEE2ADAD,C000669,OPPO A79,Android 14,5.14.0,2022-11-18T14:57:39+05:30,2026-09-09T12:13:17+05:30,true
DEV8D2BC772,C000670,Nokia G42,Android 13,5.12.3,2021-02-07T17:50:38+05:30,2026-09-10T18:16:53+05:30,true
DEV116986C9,C000671,Redmi Note 12,Android 13,5.16.1,2024-12-20T19:17:22+05:30,2026-08-12T14:06:19+05:30,true
DEV74A84486,C000672,Redmi Note 12,Android 13,5.14.0,2026-04-17T15:05:15+05:30,2026-09-23T21:50:20+05:30,true
DEV9E2ADA1E,C000673,Galaxy S23,Android 15,5.6.2,2024-07-09T10:57:51+05:30,2026-07-14T22:08:15+05:30,false
DEVD9BA08EE,C000673,iPhone 14,iOS 18.1,5.12.3,2026-07-23T14:48:13+05:30,2026-09-15T18:08:25+05:30,true
DEVD6E438ED,C000675,OPPO A79,Android 14,5.15.2,2021-07-15T20:15:26+05:30,2026-08-01T19:51:38+05:30,true
DEV67144C81,C000676,OnePlus Nord CE4,Android 14,5.9.8,2023-11-12T10:45:20+05:30,2026-08-08T22:12:19+05:30,false
DEVC1911D7A,C000676,Galaxy A15,Android 14,5.14.0,2026-09-09T20:39:08+05:30,2026-09-11T20:02:41+05:30,true
DEVCF357E81,C000677,OnePlus Nord CE4,Android 14,5.6.2,2020-07-04T20:13:05+05:30,2026-01-08T20:18:39+05:30,false
DEV8A940FEA,C000677,vivo T3,Android 14,5.16.1,2024-12-08T13:09:18+05:30,2026-09-20T21:21:36+05:30,true
DEV649854E8,C000679,OnePlus Nord CE4,Android 14,5.14.0,2022-12-08T18:12:27+05:30,2026-07-26T07:07:46+05:30,true
DEV099C73E2,C000680,Redmi Note 13,Android 14,5.12.3,2026-01-04T11:16:17+05:30,2026-08-12T15:18:50+05:30,true
DEV98A480CF,C000681,iPhone 15,iOS 18.5,5.16.1,2026-03-10T19:50:53+05:30,2026-08-30T22:19:03+05:30,true
DEV6DDAB003,C000683,OnePlus Nord CE4,Android 14,5.2.0,2024-11-26T17:46:38+05:30,2025-11-30T20:41:51+05:30,false
DEVD5944B14,C000683,POCO X6,Android 14,5.16.1,2024-11-22T17:41:05+05:30,2026-07-14T13:08:15+05:30,true
DEV9AB034A2,C000684,iPhone 11,iOS 17.5,5.12.3,2023-11-25T19:14:36+05:30,2026-07-12T14:25:01+05:30,true
DEVE090A054,C000685,iQOO Z9,Android 14,5.15.2,2024-08-28T11:31:05+05:30,2026-09-19T08:05:13+05:30,true
DEV5A5BF277,C000686,Galaxy M34,Android 14,5.6.2,2023-01-19T19:46:54+05:30,2026-07-23T21:15:56+05:30,false
DEV209EF8E1,C000686,Galaxy A15,Android 14,5.16.1,2026-08-28T10:17:31+05:30,2026-09-04T17:21:05+05:30,true
DEV5D1008C2,C000687,Galaxy A54,Android 14,5.15.2,2022-10-03T13:25:16+05:30,2026-09-21T09:37:18+05:30,true
DEV76CF6DC4,C000688,vivo T3,Android 14,5.14.0,2025-02-08T18:55:57+05:30,2026-08-10T16:52:46+05:30,true
DEVF5C06841,C000689,moto g54,Android 14,5.16.1,2025-02-23T09:16:47+05:30,2026-09-20T07:47:25+05:30,true
DEV61F2F6D4,C000690,Galaxy S23,Android 15,5.9.8,2022-05-01T12:16:19+05:30,2026-08-09T09:23:34+05:30,false
DEV3422A7EC,C000690,realme 12 Pro,Android 14,5.16.1,2026-08-20T09:30:37+05:30,2026-09-17T14:11:29+05:30,true
DEVEF6BC511,C000691,Redmi 13C,Android 13,5.14.0,2022-11-30T16:30:06+05:30,2026-09-10T16:01:49+05:30,true
DEVC138F1A5,C000692,Galaxy M14,Android 13,5.16.1,2020-11-28T13:14:25+05:30,2026-09-25T15:01:42+05:30,true
DEV6A668675,C000693,iQOO Z9,Android 14,5.16.1,2024-12-02T15:53:24+05:30,2026-08-15T17:07:27+05:30,true
DEV52367C0D,C000694,OPPO A79,Android 14,5.15.2,2021-08-02T13:38:12+05:30,2026-09-07T19:43:35+05:30,true
DEV76D4CA37,C000695,POCO X6,Android 14,5.16.1,2026-05-16T09:49:45+05:30,2026-08-05T20:02:16+05:30,true
DEV10DB6ED0,C000696,Redmi 13C,Android 13,5.14.0,2024-04-12T09:11:14+05:30,2026-09-24T14:36:11+05:30,true
DEV91896FFB,C000698,Galaxy M14,Android 13,5.16.1,2023-01-09T16:25:10+05:30,2026-09-11T19:55:17+05:30,true
DEV3377F953,C000700,iPhone 14,iOS 18.1,5.9.8,2025-03-10T11:13:44+05:30,2026-09-02T14:37:02+05:30,true
DEV9F0F2DBD,C000701,vivo T3,Android 14,5.6.2,2026-02-03T20:59:16+05:30,2026-08-08T17:35:34+05:30,false
DEV7CB2942B,C000701,OnePlus Nord CE4,Android 14,5.15.2,2026-08-23T13:50:25+05:30,2026-09-22T10:08:48+05:30,true
DEV75029FD7,C000702,Redmi Note 12,Android 13,5.9.8,2022-03-31T18:31:01+05:30,2025-03-13T15:01:22+05:30,false
DEV568E7865,C000702,OnePlus Nord CE4,Android 14,5.9.8,2023-11-18T16:01:04+05:30,2026-09-04T16:01:55+05:30,true
DEVA442206A,C000703,Redmi 13C,Android 13,5.16.1,2026-03-31T15:58:42+05:30,2026-09-20T20:29:14+05:30,true
DEV05C96392,C000704,Redmi Note 13,Android 14,5.16.1,2021-10-08T20:02:23+05:30,2026-07-05T18:52:51+05:30,true
DEV5EE5B7CC,C000705,realme 12 Pro,Android 14,4.9.8,2022-07-24T13:51:04+05:30,2026-06-30T10:21:28+05:30,false
DEV190F8D48,C000705,Galaxy M34,Android 14,5.16.1,2026-07-27T15:11:54+05:30,2026-09-20T16:08:27+05:30,true
DEVBD7B9E2B,C000707,Nokia G42,Android 13,5.14.0,2024-05-25T20:02:59+05:30,2026-09-17T10:58:01+05:30,true
DEVAE8B48BE,C000708,Redmi Note 13,Android 14,5.16.1,2025-03-01T16:41:05+05:30,2026-09-10T18:58:53+05:30,true
DEVB22EA269,C000709,Redmi Note 13,Android 14,5.16.1,2024-10-29T16:57:04+05:30,2026-08-15T11:01:04+05:30,true
DEV0386ECA6,C000710,Redmi Note 12,Android 13,5.9.8,2023-10-30T09:33:35+05:30,2026-07-22T13:55:01+05:30,false
DEVEBED146D,C000710,Redmi Note 13,Android 14,5.15.2,2026-09-11T14:30:38+05:30,2026-09-20T10:24:19+05:30,true
DEV301B71CE,C000711,moto g84,Android 14,5.9.8,2024-12-27T17:55:06+05:30,2026-07-25T10:07:55+05:30,true
DEVF03217D0,C000712,Redmi 13C,Android 13,5.15.2,2021-03-12T18:52:55+05:30,2026-09-09T21:10:41+05:30,true
DEVA011349A,C000713,Galaxy A15,Android 14,5.15.2,2020-10-17T12:33:49+05:30,2026-09-21T15:40:46+05:30,true
DEV1FF8EB39,C000714,moto g84,Android 14,4.9.8,2022-05-06T15:06:54+05:30,2026-07-26T14:02:19+05:30,false
DEVC35EAF9C,C000714,Redmi Note 12,Android 13,5.14.0,2026-07-27T15:02:19+05:30,2026-09-07T12:04:52+05:30,true
DEV8971A70F,C000715,Galaxy M34,Android 14,5.2.0,2022-08-15T09:07:50+05:30,2026-02-08T18:59:50+05:30,false
DEVDF20BACB,C000715,Redmi Note 13,Android 14,5.15.2,2021-01-26T09:39:49+05:30,2026-09-22T12:45:29+05:30,true
DEVB3783F8F,C000716,Galaxy A15,Android 14,5.15.2,2025-05-28T20:20:56+05:30,2026-09-05T18:19:34+05:30,true
DEV7813AD08,C000718,vivo T3,Android 14,5.14.0,2022-06-04T18:37:37+05:30,2026-09-23T16:37:18+05:30,true
DEVE5745947,C000719,Galaxy A54,Android 14,5.2.0,2023-01-24T14:01:44+05:30,2026-09-06T16:07:10+05:30,false
DEV75DECC78,C000719,Galaxy M14,Android 13,5.12.3,2026-09-16T18:53:04+05:30,2026-09-21T14:56:45+05:30,true
DEVD013AC0A,C000720,iPhone 14,iOS 18.1,5.14.0,2021-09-23T14:43:46+05:30,2026-09-26T10:14:57+05:30,true
DEV0CD5E5E0,C000722,Redmi 13C,Android 13,4.9.8,2022-07-13T12:42:05+05:30,2026-08-16T08:03:29+05:30,false
DEV0ACA9FC6,C000722,Redmi Note 13,Android 14,5.9.8,2026-08-17T19:03:29+05:30,2026-08-17T19:59:01+05:30,true
DEV9E0E1603,C000723,moto g54,Android 14,5.12.3,2023-05-16T15:37:01+05:30,2026-09-15T08:24:58+05:30,true
DEVE04C4E86,C000724,vivo Y28,Android 14,5.14.0,2023-05-09T15:23:14+05:30,2026-09-03T21:02:06+05:30,true
DEV3F55B7BA,C000725,vivo T3,Android 14,5.2.0,2025-04-13T12:56:01+05:30,2025-08-23T12:17:35+05:30,false
DEV3E82CFA1,C000725,realme 12 Pro,Android 14,5.14.0,2026-05-10T19:20:03+05:30,2026-07-07T10:52:10+05:30,true
DEVECA59717,C000726,OnePlus Nord CE4,Android 14,5.2.0,2024-10-27T19:41:45+05:30,2026-06-30T12:38:28+05:30,false
DEV4F9EDCA6,C000726,vivo T3,Android 14,5.15.2,2026-07-14T10:41:46+05:30,2026-07-15T19:39:32+05:30,true
DEVB1AAD16C,C000727,OnePlus Nord CE4,Android 14,5.12.3,2024-09-19T15:52:56+05:30,2026-09-10T13:47:43+05:30,true
DEV13C57ED3,C000730,OnePlus Nord CE4,Android 14,5.6.2,2024-12-21T09:24:41+05:30,2025-08-25T17:21:31+05:30,false
DEV1AF6974D,C000730,OnePlus Nord CE4,Android 14,5.16.1,2025-11-20T16:08:51+05:30,2026-08-04T20:27:12+05:30,true
DEV2AEE4329,C000731,realme 12 Pro,Android 14,5.16.1,2021-10-26T19:55:09+05:30,2026-09-03T16:12:00+05:30,true
DEV460D7234,C000732,vivo Y28,Android 14,5.15.2,2023-07-14T09:34:10+05:30,2026-07-26T20:25:00+05:30,true
DEVCFBAE197,C000733,Galaxy M34,Android 14,5.9.8,2021-12-02T17:11:04+05:30,2026-09-19T20:54:15+05:30,true
DEVC65FF2DE,C000734,Galaxy M34,Android 14,5.15.2,2022-11-05T10:46:39+05:30,2026-07-07T14:38:08+05:30,true
DEVD0DBB73B,C000738,Galaxy M14,Android 13,5.16.1,2025-01-16T19:39:08+05:30,2026-07-25T15:23:21+05:30,true
DEVE3F32FE5,C000739,Galaxy A54,Android 14,5.2.0,2024-07-10T20:27:47+05:30,2026-07-04T06:47:08+05:30,false
DEVB8B8F026,C000739,realme 12 Pro,Android 14,5.14.0,2026-07-05T14:47:08+05:30,2026-09-02T07:30:17+05:30,true
DEV538315CB,C000740,iPhone 11,iOS 17.5,5.2.0,2023-05-27T12:59:06+05:30,2026-07-16T04:15:31+05:30,false
DEVF6858868,C000740,OnePlus Nord CE4,Android 14,5.12.3,2026-07-17T18:15:31+05:30,2026-08-16T08:45:46+05:30,true
DEVA8210409,C000741,moto g54,Android 14,5.16.1,2025-10-02T20:09:56+05:30,2026-09-15T14:31:05+05:30,true
DEVD73BB253,C000742,vivo T3,Android 14,5.2.0,2021-11-30T15:42:38+05:30,2026-08-08T18:03:33+05:30,false
DEV737926AE,C000742,Redmi Note 12,Android 13,5.16.1,2026-08-10T16:03:33+05:30,2026-09-20T16:26:55+05:30,true
DEV01D5BF53,C000743,OnePlus Nord CE4,Android 14,5.9.8,2026-01-09T09:48:23+05:30,2026-08-03T14:16:41+05:30,false
DEV572A05D7,C000743,OnePlus Nord CE4,Android 14,5.14.0,2026-08-06T20:48:38+05:30,2026-09-26T09:22:57+05:30,true
DEV25EF8CE4,C000744,iPhone 15,iOS 18.5,4.9.8,2025-04-09T20:34:50+05:30,2025-12-07T11:29:34+05:30,false
DEVD96B71C7,C000744,Redmi Note 13,Android 14,5.16.1,2021-08-20T13:30:29+05:30,2026-07-22T22:36:27+05:30,true
DEV6C67BA42,C000745,moto g54,Android 14,5.14.0,2023-11-14T12:28:07+05:30,2026-08-11T09:10:24+05:30,true
DEV81E245DE,C000746,Galaxy M34,Android 14,5.14.0,2025-07-06T19:28:09+05:30,2026-08-29T12:05:47+05:30,true
DEV81562E10,C000747,Redmi Note 13,Android 14,5.12.3,2022-02-19T19:42:17+05:30,2026-07-15T10:15:39+05:30,true
DEVE9FF074A,C000748,Galaxy M34,Android 14,5.9.8,2020-06-07T14:52:20+05:30,2024-01-05T12:12:21+05:30,false
DEV5005E6A6,C000748,moto g84,Android 14,5.9.8,2024-06-10T19:54:30+05:30,2026-09-12T15:19:17+05:30,true
DEV5D90FC18,C000749,Redmi Note 12,Android 13,5.16.1,2025-07-26T13:32:23+05:30,2026-09-19T14:21:56+05:30,true
DEV5862A7AF,C000750,Redmi 13C,Android 13,5.2.0,2025-09-03T19:09:21+05:30,2026-07-15T02:00:36+05:30,false
DEV9A4F1BB7,C000750,Redmi Note 13,Android 14,5.14.0,2026-07-17T11:00:36+05:30,2026-09-24T17:54:27+05:30,true
DEV4EB3559E,C000751,iPhone 13,iOS 17.6,5.16.1,2025-10-03T18:19:42+05:30,2026-09-18T15:55:06+05:30,true
DEVDDA3210D,C000752,vivo Y28,Android 14,4.9.8,2023-10-03T15:01:03+05:30,2025-12-12T18:11:50+05:30,false
DEVFEB8CE36,C000752,Redmi Note 12,Android 13,5.15.2,2024-07-12T17:59:20+05:30,2026-09-15T22:53:59+05:30,true
DEV6E49E35A,C000754,iQOO Z9,Android 14,5.14.0,2026-04-01T13:47:20+05:30,2026-09-16T20:16:51+05:30,true
DEV0EB045D1,C000755,iPhone 15,iOS 18.5,5.16.1,2024-02-14T13:53:27+05:30,2026-09-13T22:40:57+05:30,true
DEVD17F194D,C000756,Redmi Note 12,Android 13,5.9.8,2025-02-01T17:18:22+05:30,2026-07-15T14:03:50+05:30,false
DEVB9654B10,C000756,Galaxy M34,Android 14,5.15.2,2026-07-25T10:21:57+05:30,2026-09-09T12:21:15+05:30,true
DEV2CE1BF6B,C000757,Galaxy A15,Android 14,5.15.2,2025-06-05T19:01:27+05:30,2026-09-04T21:39:46+05:30,true
DEV29D5F5FC,C000758,OnePlus Nord CE4,Android 14,5.2.0,2024-05-01T11:36:21+05:30,2025-11-30T09:39:38+05:30,false
DEVCF7F1FBF,C000758,realme 12 Pro,Android 14,5.14.0,2026-05-15T18:52:53+05:30,2026-09-19T13:13:56+05:30,true
DEVFF2D98D5,C000759,moto g84,Android 14,5.15.2,2024-08-06T11:47:04+05:30,2026-06-28T21:27:05+05:30,true
DEVBEB01C0F,C000761,Galaxy M34,Android 14,5.15.2,2021-08-06T13:33:14+05:30,2026-09-09T14:38:52+05:30,true
DEV034EDC5B,C000762,Galaxy S23,Android 15,5.16.1,2021-07-26T10:46:57+05:30,2026-09-19T20:44:14+05:30,true
DEVD2EEB9F2,C000763,Galaxy M34,Android 14,5.15.2,2024-12-31T11:22:28+05:30,2026-09-17T12:13:13+05:30,true
DEV5472FA32,C000764,Galaxy M34,Android 14,5.6.2,2022-02-23T13:39:05+05:30,2026-07-22T21:40:56+05:30,false
DEV559F4909,C000764,Galaxy M14,Android 13,5.9.8,2026-08-06T12:34:34+05:30,2026-08-31T09:13:28+05:30,true
DEV6151880D,C000765,OnePlus 11R,Android 15,5.16.1,2026-03-03T17:06:55+05:30,2026-09-08T18:12:22+05:30,true
DEVA4AAE17B,C000767,Redmi Note 13,Android 14,5.15.2,2020-11-10T13:48:56+05:30,2026-08-26T17:00:42+05:30,true
DEVE56753C2,C000768,realme 12 Pro,Android 14,5.15.2,2026-04-01T16:24:30+05:30,2026-09-12T17:02:41+05:30,true
DEV4681FC3C,C000769,Galaxy M34,Android 14,5.16.1,2024-06-20T13:35:31+05:30,2026-09-12T17:54:49+05:30,true
DEV35B06EE4,C000771,iPhone 13,iOS 17.6,4.9.8,2020-12-12T10:27:53+05:30,2026-07-29T21:02:51+05:30,false
DEV06A41BD9,C000771,Redmi Note 13,Android 14,5.14.0,2026-08-08T16:36:22+05:30,2026-09-18T15:36:33+05:30,true
DEV7809A7A3,C000772,iPhone 13,iOS 17.6,5.9.8,2025-03-29T09:10:00+05:30,2026-09-14T11:59:06+05:30,true
DEV94A5F5C0,C000773,OnePlus 11R,Android 15,5.15.2,2024-01-19T11:51:37+05:30,2026-08-10T07:38:46+05:30,true
DEV718D8327,C000775,Redmi 13C,Android 13,4.9.8,2023-08-21T17:05:32+05:30,2026-07-08T02:51:55+05:30,false
DEV66F8FD73,C000775,Redmi Note 12,Android 13,5.12.3,2026-07-10T11:51:55+05:30,2026-08-05T09:15:32+05:30,true
DEV3338630A,C000776,Redmi Note 13,Android 14,4.9.8,2025-10-31T15:22:36+05:30,2026-07-09T15:43:02+05:30,false
DEVCB247B2D,C000776,Redmi 13C,Android 13,5.15.2,2026-07-11T10:43:02+05:30,2026-08-10T12:47:01+05:30,true
DEV7DB77C3E,C000777,iPhone 13,iOS 17.6,4.9.8,2023-11-15T09:20:30+05:30,2026-09-05T11:39:04+05:30,false
DEV593C2F8F,C000777,moto g54,Android 14,5.12.3,2026-09-07T12:39:04+05:30,2026-09-20T09:45:12+05:30,true
DEV98A9B395,C000778,Redmi Note 13,Android 14,5.9.8,2024-09-03T18:16:30+05:30,2026-09-13T20:32:27+05:30,true
DEVC29CB991,C000780,vivo Y28,Android 14,5.16.1,2025-07-24T12:56:34+05:30,2026-09-17T16:45:09+05:30,true
DEVBB0C3BF8,C000781,Redmi Note 12,Android 13,5.14.0,2025-11-14T14:24:08+05:30,2026-09-26T08:11:30+05:30,true
DEVDCC63576,C000783,Galaxy A15,Android 14,5.9.8,2025-06-28T20:33:32+05:30,2026-08-25T17:36:13+05:30,true
DEVC36F8E31,C000784,realme 12 Pro,Android 14,5.16.1,2023-09-06T15:44:32+05:30,2026-08-26T13:21:40+05:30,true
DEVCB0B079F,C000785,realme narzo 60,Android 13,5.6.2,2022-07-12T16:51:37+05:30,2026-08-14T16:30:17+05:30,false
DEV1BB7F522,C000785,Redmi Note 12,Android 13,5.16.1,2026-08-15T13:30:17+05:30,2026-08-22T20:53:49+05:30,true
DEV565CFE5D,C000786,Galaxy A15,Android 14,5.6.2,2022-02-11T17:22:35+05:30,2023-05-10T09:09:53+05:30,false
DEV172D7B91,C000786,Redmi Note 12,Android 13,5.16.1,2024-08-13T12:45:09+05:30,2026-08-03T17:44:25+05:30,true
DEV36043853,C000788,Redmi 13C,Android 13,5.2.0,2025-10-10T20:37:38+05:30,2026-07-08T22:57:58+05:30,false
DEVBED2578E,C000788,Redmi Note 13,Android 14,5.9.8,2026-07-09T10:57:58+05:30,2026-08-27T21:38:02+05:30,true
DEVC7C7764E,C000790,Galaxy A15,Android 14,5.14.0,2022-10-23T14:37:55+05:30,2026-09-04T19:00:36+05:30,true
DEV1F070E5C,C000791,Redmi 13C,Android 13,5.16.1,2022-04-02T11:13:02+05:30,2026-08-16T11:48:24+05:30,true
DEV9E454737,C000792,realme 12 Pro,Android 14,5.16.1,2026-04-27T11:26:53+05:30,2026-09-18T12:43:51+05:30,true
DEV6B3BF3D0,C000793,Galaxy M34,Android 14,5.16.1,2026-04-22T13:10:08+05:30,2026-09-17T16:53:57+05:30,true
DEVDAABC784,C000794,realme narzo 60,Android 13,5.15.2,2025-09-04T18:03:06+05:30,2026-09-24T23:06:21+05:30,true
DEV076AA36A,C000795,Galaxy A54,Android 14,5.6.2,2022-03-13T13:49:01+05:30,2025-07-04T19:22:45+05:30,false
DEVCBEF3BC5,C000795,Redmi Note 13,Android 14,5.12.3,2022-03-15T14:35:40+05:30,2026-07-14T17:31:39+05:30,true
DEV8DA985CB,C000796,vivo T3,Android 14,5.6.2,2026-05-29T20:36:23+05:30,2026-07-27T07:29:03+05:30,false
DEV608CD4E0,C000796,vivo T3,Android 14,5.15.2,2026-07-29T15:29:03+05:30,2026-09-25T11:42:33+05:30,true
DEV382685AC,C000797,OnePlus Nord CE4,Android 14,5.6.2,2021-05-14T15:39:06+05:30,2026-09-08T13:05:26+05:30,false
DEV1A6ED5F9,C000797,Galaxy A54,Android 14,5.15.2,2026-09-10T15:25:22+05:30,2026-09-16T17:10:33+05:30,true
DEV4847396F,C000798,moto g84,Android 14,5.9.8,2026-01-18T14:42:26+05:30,2026-07-15T16:50:50+05:30,false
DEVE24F1B97,C000798,realme 12 Pro,Android 14,5.16.1,2026-08-03T10:38:21+05:30,2026-09-16T12:50:25+05:30,true
DEVCE81FDE4,C000800,Redmi Note 13,Android 14,4.9.8,2024-11-20T20:11:00+05:30,2026-08-21T11:44:19+05:30,false
DEV1E360BC7,C000800,realme 12 Pro,Android 14,5.15.2,2026-09-16T13:45:22+05:30,2026-09-20T16:13:44+05:30,true
DEV4965D721,C000801,moto g54,Android 14,5.14.0,2023-09-11T10:10:45+05:30,2026-09-22T18:40:31+05:30,true
DEVD1334016,C000802,Redmi 13C,Android 13,5.6.2,2020-08-06T18:59:17+05:30,2026-07-09T06:20:51+05:30,false
DEV650B4E88,C000802,Redmi Note 13,Android 14,5.9.8,2026-07-09T11:20:51+05:30,2026-08-01T14:34:59+05:30,true
DEVAA88DC73,C000805,Galaxy A15,Android 14,4.9.8,2025-04-25T10:02:13+05:30,2025-05-26T19:52:39+05:30,false
DEV8050C635,C000805,Redmi Note 13,Android 14,5.12.3,2024-08-17T12:30:06+05:30,2026-09-07T17:47:12+05:30,true
DEV1057ACA9,C000806,Redmi Note 12,Android 13,5.15.2,2023-02-17T14:05:22+05:30,2026-07-20T19:56:17+05:30,true
DEVDAD4DF35,C000808,vivo T3,Android 14,5.9.8,2022-04-20T12:50:21+05:30,2026-09-03T17:13:44+05:30,false
DEV29F260F4,C000808,vivo T3,Android 14,5.12.3,2026-09-10T13:27:42+05:30,2026-09-21T14:36:29+05:30,true
DEVB2C0D359,C000810,OnePlus Nord CE4,Android 14,5.9.8,2026-06-12T20:17:59+05:30,2026-08-23T22:52:58+05:30,true
DEVA41E83C5,C000811,iPhone 15,iOS 18.5,5.14.0,2020-09-03T10:39:17+05:30,2026-08-28T18:13:12+05:30,true
DEVC067D106,C000812,Galaxy A15,Android 14,5.16.1,2025-03-26T20:35:55+05:30,2026-09-16T18:45:23+05:30,true
DEVFC630DB6,C000814,iPhone 14,iOS 18.1,5.9.8,2021-11-21T14:38:04+05:30,2025-03-22T19:17:10+05:30,false
DEV08AE858E,C000814,vivo T3,Android 14,5.16.1,2022-06-15T20:29:05+05:30,2026-09-08T20:36:37+05:30,true
DEV91551314,C000815,iPhone 13,iOS 17.6,5.9.8,2025-12-06T09:20:45+05:30,2026-08-08T12:20:54+05:30,false
DEV31F63BBE,C000815,Galaxy A15,Android 14,5.12.3,2026-08-22T19:54:12+05:30,2026-09-20T21:11:51+05:30,true
DEV304AD013,C000816,iPhone 13,iOS 17.6,5.6.2,2025-09-01T13:39:10+05:30,2026-08-16T07:09:10+05:30,false
DEVE571A24F,C000816,realme 12 Pro,Android 14,5.15.2,2026-09-14T17:09:14+05:30,2026-09-25T16:40:02+05:30,true
DEVDBD42BD9,C000817,realme 12 Pro,Android 14,5.16.1,2025-11-26T15:23:06+05:30,2026-09-25T15:27:05+05:30,true
DEVBC79C6E9,C000818,realme 12 Pro,Android 14,5.12.3,2021-11-26T11:56:18+05:30,2026-09-25T14:09:16+05:30,true
DEV1E282180,C000819,vivo T3,Android 14,5.15.2,2024-05-22T10:22:40+05:30,2026-09-21T20:28:08+05:30,true
DEV222FBC48,C000820,vivo T3,Android 14,5.12.3,2023-03-28T10:59:11+05:30,2026-09-14T14:29:02+05:30,true
DEVF7689050,C000821,Redmi Note 13,Android 14,5.16.1,2025-01-30T09:48:01+05:30,2026-09-20T21:42:59+05:30,true
DEVBEACEB0B,C000822,Redmi Note 13,Android 14,5.16.1,2025-03-27T12:25:53+05:30,2026-08-09T09:32:39+05:30,true
DEVDE5CD2ED,C000823,iPhone 11,iOS 17.5,5.9.8,2025-01-04T11:02:31+05:30,2026-07-24T10:35:22+05:30,true
DEV8E55C920,C000827,realme narzo 60,Android 13,5.15.2,2021-08-10T18:42:02+05:30,2026-08-04T21:21:59+05:30,true
DEVB0898050,C000828,Redmi Note 13,Android 14,5.9.8,2024-01-02T14:04:58+05:30,2026-07-20T09:17:26+05:30,true
DEV34241C32,C000830,iPhone 13,iOS 17.6,5.12.3,2025-09-28T20:30:43+05:30,2026-09-03T17:44:15+05:30,true
DEVD685C468,C000831,Galaxy S23,Android 15,5.9.8,2024-06-14T20:49:23+05:30,2026-07-03T09:04:17+05:30,true
DEV2DE75314,C000832,Redmi Note 12,Android 13,5.16.1,2026-03-25T17:27:33+05:30,2026-09-11T09:04:03+05:30,true
DEV6EF6BB7F,C000833,moto g54,Android 14,5.14.0,2025-01-26T09:20:24+05:30,2026-07-04T13:36:01+05:30,true
DEVE1637E35,C000834,Redmi Note 13,Android 14,5.14.0,2021-04-21T09:24:52+05:30,2026-09-05T10:00:19+05:30,true
DEVE31A3C91,C000835,vivo T3,Android 14,5.16.1,2026-03-17T10:55:55+05:30,2026-08-27T07:47:52+05:30,true
DEV49565390,C000836,Galaxy M34,Android 14,5.16.1,2024-05-09T10:01:25+05:30,2026-09-09T10:39:39+05:30,true
DEV4AFC9FBA,C000837,Galaxy M34,Android 14,5.16.1,2025-04-03T14:25:53+05:30,2026-09-17T09:07:41+05:30,true
DEV97714EEE,C000838,Galaxy M34,Android 14,5.15.2,2024-12-30T17:37:51+05:30,2026-09-18T13:25:00+05:30,true
DEV166F1BDD,C000839,Galaxy A15,Android 14,5.12.3,2025-12-07T15:51:33+05:30,2026-08-15T18:55:29+05:30,true
DEV9D6AA519,C000841,vivo T3,Android 14,5.6.2,2025-03-20T19:07:05+05:30,2026-01-16T19:13:11+05:30,false
DEV951B426C,C000841,Galaxy A54,Android 14,5.14.0,2023-12-28T17:41:11+05:30,2026-07-06T13:29:58+05:30,true
DEVC9C5EA7D,C000843,Redmi Note 13,Android 14,5.16.1,2022-09-03T12:54:21+05:30,2026-08-18T08:49:47+05:30,true
DEV9F0E87EC,C000844,POCO X6,Android 14,5.14.0,2025-02-14T18:45:46+05:30,2026-09-17T12:54:04+05:30,true
DEV245B9ABB,C000845,Galaxy M34,Android 14,5.9.8,2025-02-22T10:42:02+05:30,2026-09-12T21:10:31+05:30,true
DEV04C0D4BF,C000846,iPhone 11,iOS 17.5,5.15.2,2025-07-08T10:21:20+05:30,2026-09-17T11:35:03+05:30,true
DEV046E79DC,C000847,vivo Y28,Android 14,5.16.1,2026-01-01T15:08:40+05:30,2026-09-26T07:29:53+05:30,true
DEV886C7673,C000849,Redmi Note 13,Android 14,5.16.1,2023-08-05T20:45:39+05:30,2026-09-07T16:49:14+05:30,true
DEV77824FFD,C000850,OPPO A79,Android 14,4.9.8,2023-10-06T18:02:29+05:30,2026-08-10T10:17:00+05:30,false
DEVBD755E29,C000850,Redmi Note 13,Android 14,5.15.2,2026-08-17T14:20:56+05:30,2026-09-09T12:01:26+05:30,true
DEV0D147B97,C000851,OnePlus Nord CE4,Android 14,5.15.2,2022-01-12T12:41:33+05:30,2026-09-16T21:29:14+05:30,true
DEVB47CF6F9,C000852,Redmi 13C,Android 13,5.2.0,2021-05-01T15:42:49+05:30,2026-07-07T13:15:42+05:30,false
DEV7EFE0A1D,C000852,OPPO A79,Android 14,5.16.1,2026-07-25T20:59:48+05:30,2026-09-23T12:06:12+05:30,true
DEVD6BA810B,C000853,OPPO A79,Android 14,5.14.0,2026-05-10T16:37:54+05:30,2026-09-10T19:11:13+05:30,true
DEVC12EF5D6,C000854,vivo T3,Android 14,5.6.2,2021-01-23T19:49:20+05:30,2021-12-03T14:39:11+05:30,false
DEV6212ECDE,C000854,Redmi Note 13,Android 14,5.16.1,2020-07-14T14:53:16+05:30,2026-07-06T15:28:07+05:30,true
DEV70A08B1A,C000855,Redmi Note 13,Android 14,5.15.2,2022-10-09T15:43:53+05:30,2026-09-08T07:12:32+05:30,true
DEV8A9CA9B7,C000856,iPhone 13,iOS 17.6,5.9.8,2023-09-10T10:40:23+05:30,2026-09-06T12:08:14+05:30,false
DEV86BC8257,C000856,Redmi Note 13,Android 14,5.12.3,2026-09-07T19:43:30+05:30,2026-09-24T21:11:04+05:30,true
DEV3465A84D,C000857,realme 12 Pro,Android 14,5.12.3,2025-07-31T20:07:28+05:30,2026-09-03T13:25:50+05:30,true
DEV324084CF,C000858,Galaxy M34,Android 14,4.9.8,2023-03-04T19:13:19+05:30,2026-07-01T14:25:12+05:30,false
DEV1D7B48A8,C000858,Galaxy M14,Android 13,5.15.2,2026-07-10T17:10:57+05:30,2026-09-03T14:20:58+05:30,true
DEV64C6B941,C000859,Galaxy M34,Android 14,5.14.0,2022-03-10T13:22:22+05:30,2026-09-01T18:33:04+05:30,true
DEVD0C1041C,C000860,iPhone 11,iOS 17.5,5.15.2,2025-02-17T13:57:26+05:30,2026-09-24T15:34:00+05:30,true
DEV6E00B2A2,C000862,Redmi Note 13,Android 14,5.16.1,2023-08-12T10:49:22+05:30,2026-08-24T20:14:18+05:30,true
DEV10A4CD4D,C000863,realme 12 Pro,Android 14,4.9.8,2025-08-02T11:48:01+05:30,2026-07-31T16:16:54+05:30,false
DEV8F7BF081,C000863,iPhone 13,iOS 17.6,5.16.1,2026-08-01T17:16:54+05:30,2026-08-25T22:48:16+05:30,true
DEV6F46B50A,C000864,iPhone 14,iOS 18.1,5.16.1,2023-06-20T10:22:23+05:30,2026-07-21T18:00:11+05:30,true
DEV985B6BB1,C000865,Galaxy A54,Android 14,5.9.8,2022-05-08T10:42:09+05:30,2026-08-10T23:14:43+05:30,false
DEV472D8A94,C000865,Redmi Note 12,Android 13,5.12.3,2026-08-12T12:14:43+05:30,2026-09-05T12:35:24+05:30,true
DEV9559C222,C000866,Galaxy A15,Android 14,5.16.1,2023-02-18T13:08:34+05:30,2026-09-09T19:00:05+05:30,true
DEVF2C9894B,C000867,iPhone 15,iOS 18.5,5.16.1,2024-06-12T18:47:07+05:30,2026-09-26T07:48:09+05:30,true
DEV4CB27E91,C000868,OPPO A79,Android 14,5.9.8,2021-09-04T12:09:17+05:30,2026-09-14T09:45:34+05:30,true
DEV2CB8DACA,C000869,iPhone 13,iOS 17.6,5.16.1,2025-09-27T18:35:13+05:30,2026-07-16T09:15:39+05:30,true
DEV3DB3B9E1,C000870,vivo Y28,Android 14,5.14.0,2023-05-23T11:32:39+05:30,2026-09-03T10:44:18+05:30,true
DEVEA5DD1CE,C000871,Redmi Note 12,Android 13,5.14.0,2020-12-18T16:46:19+05:30,2026-08-14T19:07:32+05:30,true
DEVA83092BB,C000874,Redmi Note 13,Android 14,4.9.8,2025-05-24T12:22:54+05:30,2026-08-20T20:25:04+05:30,false
DEV748FDFC0,C000874,OnePlus Nord CE4,Android 14,5.16.1,2026-08-28T18:45:02+05:30,2026-09-11T18:51:15+05:30,true
DEVA53F524F,C000875,Galaxy M34,Android 14,5.9.8,2023-06-30T12:12:00+05:30,2026-07-04T13:33:37+05:30,false
DEV896413A4,C000875,iPhone 14,iOS 18.1,5.15.2,2026-07-06T14:04:24+05:30,2026-09-07T21:38:52+05:30,true
DEVDFEDC4EF,C000876,iPhone 14,iOS 18.1,5.6.2,2026-01-25T12:00:12+05:30,2026-08-10T07:41:37+05:30,false
DEV5C345946,C000876,Redmi 13C,Android 13,5.14.0,2026-08-11T19:41:37+05:30,2026-09-24T09:47:41+05:30,true
DEV25C71EAC,C000877,Redmi Note 13,Android 14,5.9.8,2024-07-29T10:58:30+05:30,2025-02-27T09:27:00+05:30,false
DEVF9E2F12E,C000877,realme 12 Pro,Android 14,5.16.1,2026-04-27T18:57:55+05:30,2026-09-23T10:03:45+05:30,true
DEV32F826FA,C000878,OPPO A79,Android 14,5.12.3,2024-05-23T11:19:05+05:30,2026-08-30T20:33:41+05:30,true
DEV2178C0F5,C000879,Galaxy A15,Android 14,5.15.2,2025-03-01T10:46:40+05:30,2026-09-01T18:00:02+05:30,true
DEVFF783DA5,C000880,realme narzo 60,Android 13,5.16.1,2022-01-08T13:21:51+05:30,2026-09-18T22:32:16+05:30,true
DEVD43B0246,C000881,Galaxy M34,Android 14,5.9.8,2024-03-10T13:31:24+05:30,2026-07-14T11:37:34+05:30,true
DEV91C80062,C000882,realme 12 Pro,Android 14,5.6.2,2021-10-18T18:14:22+05:30,2026-07-14T13:07:01+05:30,false
DEV906B422E,C000882,vivo T3,Android 14,5.15.2,2026-07-15T18:07:01+05:30,2026-09-07T12:57:09+05:30,true
DEV01D87B97,C000883,Redmi Note 12,Android 13,5.15.2,2022-09-17T10:21:26+05:30,2026-09-20T20:26:48+05:30,true
DEVFC89EC95,C000885,vivo T3,Android 14,5.15.2,2023-01-23T16:29:44+05:30,2026-09-04T10:03:01+05:30,true
DEVF580DBD4,C000886,realme 12 Pro,Android 14,5.6.2,2022-11-01T11:07:01+05:30,2026-08-14T10:09:09+05:30,false
DEV8BFE8177,C000886,Redmi 13C,Android 13,5.15.2,2026-08-16T17:22:57+05:30,2026-09-26T08:44:42+05:30,true
DEVE5F4A31E,C000888,iPhone 11,iOS 17.5,4.9.8,2024-11-06T12:48:05+05:30,2025-09-28T11:03:04+05:30,false
DEVAFF98E2C,C000888,Redmi Note 12,Android 13,5.14.0,2025-04-30T19:08:20+05:30,2026-08-01T23:24:57+05:30,true
DEV15C83471,C000889,Galaxy A15,Android 14,5.16.1,2021-02-25T15:10:21+05:30,2026-08-14T19:00:36+05:30,true
DEV5E0D2F2B,C000890,Galaxy M34,Android 14,5.15.2,2023-07-24T12:48:42+05:30,2026-07-17T14:45:41+05:30,true
DEVFA54D30E,C000891,iPhone 14,iOS 18.1,5.2.0,2024-11-28T19:41:36+05:30,2026-01-20T10:09:52+05:30,false
DEVD7240C57,C000891,realme narzo 60,Android 13,5.12.3,2024-12-10T11:00:35+05:30,2026-09-19T17:10:31+05:30,true
DEVF2170F79,C000892,Redmi Note 13,Android 14,5.2.0,2024-10-22T16:38:36+05:30,2025-08-02T09:17:29+05:30,false
DEVA563CC70,C000892,Nokia G42,Android 13,5.9.8,2025-01-31T14:52:20+05:30,2026-08-01T19:28:10+05:30,true
DEVF479A78C,C000893,Redmi Note 13,Android 14,5.6.2,2022-08-29T09:25:30+05:30,2026-08-13T21:32:29+05:30,false
DEV2E008245,C000893,realme 12 Pro,Android 14,5.14.0,2026-08-18T11:33:06+05:30,2026-09-17T12:13:44+05:30,true
DEV4FC95FDD,C000895,vivo T3,Android 14,5.16.1,2022-11-09T13:44:18+05:30,2026-09-17T07:19:07+05:30,true
DEVCB8C631E,C000896,Redmi Note 13,Android 14,5.14.0,2025-03-27T11:30:31+05:30,2026-09-19T09:51:07+05:30,true
DEVF8B14CA5,C000897,Galaxy M34,Android 14,5.6.2,2025-06-26T18:42:13+05:30,2026-07-28T23:17:44+05:30,false
DEV09A3A5B6,C000897,realme 12 Pro,Android 14,5.16.1,2026-08-02T13:19:30+05:30,2026-08-10T23:03:08+05:30,true
DEV9FE05AB4,C000898,Galaxy M14,Android 13,5.16.1,2025-10-12T16:52:44+05:30,2026-09-10T08:32:57+05:30,true
DEVBCC03B66,C000899,iPhone 15,iOS 18.5,5.14.0,2025-05-13T19:03:41+05:30,2026-09-05T08:53:24+05:30,true
DEVE2FC2CC0,C000900,vivo Y28,Android 14,5.15.2,2022-05-24T12:45:32+05:30,2026-09-03T17:22:26+05:30,true
DEV4C8AF9BA,C000901,Galaxy M34,Android 14,5.14.0,2023-08-01T15:53:12+05:30,2026-07-06T12:33:06+05:30,true
DEV7A0B1F8A,C000902,Redmi Note 13,Android 14,5.2.0,2024-05-28T11:18:51+05:30,2024-11-16T10:55:00+05:30,false
DEV885102CB,C000902,Redmi Note 12,Android 13,5.12.3,2024-02-03T17:37:53+05:30,2026-09-07T09:49:34+05:30,true
DEVCB9C96CD,C000903,OnePlus Nord CE4,Android 14,5.16.1,2025-08-16T11:00:50+05:30,2026-09-14T16:16:27+05:30,true
DEV7C171699,C000904,Galaxy M14,Android 13,5.15.2,2025-10-19T11:45:53+05:30,2026-09-26T08:17:09+05:30,true
DEV6B8AE8CD,C000905,vivo T3,Android 14,5.2.0,2022-12-01T20:35:14+05:30,2026-09-12T14:34:11+05:30,false
DEVC7A5210D,C000905,iPhone 13,iOS 17.6,5.15.2,2026-09-16T11:59:42+05:30,2026-09-22T10:49:07+05:30,true
DEVA14D03A7,C000906,Redmi Note 13,Android 14,5.14.0,2025-10-23T18:40:24+05:30,2026-08-18T15:00:48+05:30,true
DEVA35E6CC4,C000907,moto g84,Android 14,5.2.0,2024-10-13T20:32:20+05:30,2026-07-07T06:34:29+05:30,false
DEVE5FF8681,C000907,Redmi Note 12,Android 13,5.15.2,2026-07-09T14:34:29+05:30,2026-09-17T23:20:37+05:30,true
DEV29326CCF,C000908,vivo Y28,Android 14,4.9.8,2025-12-17T13:05:00+05:30,2026-09-10T14:35:47+05:30,false
DEVC09DEFE0,C000908,Redmi 13C,Android 13,5.15.2,2026-09-12T10:35:47+05:30,2026-09-16T20:14:40+05:30,true
DEVFA89DC9D,C000909,vivo T3,Android 14,5.16.1,2022-06-13T09:13:57+05:30,2026-08-28T22:04:37+05:30,true
DEVFCC80055,C000910,Galaxy M34,Android 14,5.15.2,2020-10-01T19:52:36+05:30,2026-09-18T16:59:11+05:30,true
DEV9C74BC76,C000911,Redmi Note 13,Android 14,5.16.1,2026-03-24T19:01:19+05:30,2026-08-04T21:21:26+05:30,true
DEVAF9F10B0,C000912,iPhone 13,iOS 17.6,5.9.8,2025-12-28T13:13:34+05:30,2026-07-08T22:39:26+05:30,true
DEV49DDE0E3,C000913,Redmi 13C,Android 13,5.15.2,2025-01-09T14:35:43+05:30,2026-08-16T09:07:00+05:30,true
DEVC617C8BD,C000915,OPPO A79,Android 14,5.16.1,2022-03-14T18:55:13+05:30,2026-09-21T12:48:11+05:30,true
DEV8DF3196A,C000916,Redmi Note 12,Android 13,5.9.8,2022-07-06T19:50:35+05:30,2022-10-04T15:26:39+05:30,false
DEV5184E5F3,C000916,vivo Y28,Android 14,5.12.3,2022-09-15T18:14:46+05:30,2026-08-24T14:37:07+05:30,true
DEV9CFB527E,C000918,OnePlus 11R,Android 15,5.15.2,2025-03-05T11:28:39+05:30,2026-09-08T19:25:17+05:30,true
DEV45DB342E,C000920,Redmi Note 13,Android 14,5.9.8,2023-06-20T13:20:42+05:30,2026-07-23T12:48:55+05:30,true
DEV9816D091,C000921,OnePlus 11R,Android 15,5.9.8,2023-02-21T13:05:41+05:30,2026-09-17T22:50:07+05:30,true
DEV12B9CE2B,C000922,Galaxy M34,Android 14,5.14.0,2024-09-25T10:45:58+05:30,2026-08-25T11:56:26+05:30,true
DEVF131C9A1,C000924,iPhone 14,iOS 18.1,5.16.1,2026-06-01T10:44:13+05:30,2026-09-19T15:10:25+05:30,true
DEVE8A9F2A0,C000926,Galaxy M34,Android 14,5.16.1,2024-08-04T14:12:03+05:30,2026-07-23T07:28:31+05:30,true
DEV82133344,C000927,Redmi 13C,Android 13,5.16.1,2022-04-24T18:29:28+05:30,2026-09-21T20:20:50+05:30,true
DEV0191D522,C000930,vivo T3,Android 14,5.12.3,2022-02-14T11:58:06+05:30,2026-09-20T16:12:44+05:30,true
DEVF70D1152,C000932,Galaxy M14,Android 13,5.2.0,2020-09-27T19:24:56+05:30,2026-08-14T17:11:11+05:30,false
DEV9A473E09,C000932,Galaxy A15,Android 14,5.16.1,2026-09-14T13:10:10+05:30,2026-09-20T12:08:24+05:30,true
DEVF0A24F9B,C000933,moto g84,Android 14,5.12.3,2022-06-29T14:46:51+05:30,2026-09-21T18:48:32+05:30,true
DEV210134D6,C000934,OnePlus Nord CE4,Android 14,4.9.8,2025-08-11T16:13:33+05:30,2026-08-05T16:46:23+05:30,false
DEVCD3E0EDE,C000934,iPhone 15,iOS 18.5,5.16.1,2026-08-23T13:58:39+05:30,2026-09-01T17:08:17+05:30,true
DEV271D4CE5,C000935,Redmi Note 12,Android 13,5.15.2,2025-11-27T15:30:39+05:30,2026-09-21T13:28:37+05:30,true
DEVACCA0AB7,C000936,vivo Y28,Android 14,5.12.3,2024-09-24T12:23:16+05:30,2026-09-09T23:27:00+05:30,true
DEVF3BEBBE6,C000937,realme narzo 60,Android 13,5.16.1,2024-03-19T19:45:48+05:30,2026-09-26T08:47:01+05:30,true
DEV0E090AE3,C000938,realme 12 Pro,Android 14,5.14.0,2025-10-03T15:32:29+05:30,2026-07-17T15:09:21+05:30,true
DEV8261E50A,C000939,moto g84,Android 14,5.15.2,2024-12-12T19:08:09+05:30,2026-09-25T12:37:01+05:30,true
DEV4C7BD50C,C000940,realme narzo 60,Android 13,5.2.0,2022-12-18T18:31:25+05:30,2026-08-13T13:00:50+05:30,false
DEVAF917788,C000940,moto g84,Android 14,5.16.1,2026-08-14T12:00:50+05:30,2026-09-19T08:04:43+05:30,true
DEVF380D576,C000941,Redmi Note 12,Android 13,5.9.8,2024-10-27T14:58:01+05:30,2026-09-10T09:59:44+05:30,true
DEVD949D563,C000942,POCO X6,Android 14,5.2.0,2020-09-09T18:35:07+05:30,2021-08-26T13:27:51+05:30,false
DEV2A82CAAA,C000942,vivo T3,Android 14,5.15.2,2022-08-10T18:55:30+05:30,2026-09-05T19:01:59+05:30,true
DEVE9C76913,C000944,moto g84,Android 14,5.14.0,2026-06-13T11:12:39+05:30,2026-07-03T21:52:37+05:30,true
DEV30C94B67,C000945,iPhone 13,iOS 17.6,5.16.1,2026-04-14T17:37:36+05:30,2026-09-19T19:45:41+05:30,true
DEV543529F8,C000946,Redmi Note 13,Android 14,4.9.8,2025-01-04T11:29:24+05:30,2026-04-29T13:23:54+05:30,false
DEV53682579,C000946,realme 12 Pro,Android 14,5.16.1,2024-11-26T18:16:04+05:30,2026-07-22T11:29:56+05:30,true
DEV93A3A3B3,C000947,Redmi Note 12,Android 13,5.16.1,2026-03-22T16:53:48+05:30,2026-09-09T11:43:47+05:30,true
DEV6E5B853E,C000948,Redmi Note 13,Android 14,4.9.8,2022-03-25T19:27:10+05:30,2026-05-21T17:02:12+05:30,false
DEVDA5D874B,C000948,Redmi Note 13,Android 14,5.15.2,2026-03-03T14:32:08+05:30,2026-09-03T19:15:23+05:30,true
DEV4E327A8F,C000949,Redmi Note 12,Android 13,5.9.8,2024-03-03T11:28:40+05:30,2025-04-09T14:35:56+05:30,false
DEV75191567,C000949,OnePlus Nord CE4,Android 14,5.15.2,2026-01-20T15:33:42+05:30,2026-07-10T10:12:32+05:30,true
DEVD201FDE4,C000952,Galaxy A15,Android 14,5.2.0,2022-11-13T15:22:11+05:30,2026-07-15T13:28:53+05:30,false
DEV504E7614,C000952,Galaxy M34,Android 14,5.16.1,2026-07-28T18:46:11+05:30,2026-09-08T20:32:44+05:30,true
DEV2F235960,C000953,realme 12 Pro,Android 14,5.6.2,2025-09-25T17:32:14+05:30,2026-07-17T11:06:59+05:30,false
DEV85ED8C15,C000953,Galaxy M34,Android 14,5.16.1,2026-07-18T20:06:59+05:30,2026-07-28T12:34:18+05:30,true
DEVFF38386D,C000954,realme 12 Pro,Android 14,5.16.1,2024-10-28T11:07:14+05:30,2026-09-23T07:24:01+05:30,true
DEVAC3D4576,C000955,OnePlus Nord CE4,Android 14,4.9.8,2025-04-09T11:55:56+05:30,2025-12-27T17:54:39+05:30,false
DEVB548E46B,C000955,vivo T3,Android 14,5.12.3,2026-05-14T19:31:37+05:30,2026-08-26T13:03:11+05:30,true
DEV6F2CB438,C000956,OnePlus Nord CE4,Android 14,5.16.1,2023-08-16T12:24:05+05:30,2026-08-27T13:38:31+05:30,true
DEV9D128596,C000957,Redmi Note 12,Android 13,5.15.2,2026-05-06T19:45:08+05:30,2026-09-10T16:48:36+05:30,true
DEV25E3E0D7,C000958,Redmi Note 13,Android 14,5.16.1,2025-11-19T16:51:12+05:30,2026-09-15T10:35:51+05:30,true
DEV494CC432,C000960,Redmi 13C,Android 13,5.15.2,2025-12-25T13:42:14+05:30,2026-09-03T07:13:52+05:30,true
DEVF7DC0284,C000961,Redmi Note 13,Android 14,5.2.0,2024-07-10T11:37:12+05:30,2026-07-08T18:10:06+05:30,false
DEV29DE6C83,C000961,moto g54,Android 14,5.12.3,2026-07-09T11:56:48+05:30,2026-09-11T17:39:42+05:30,true
DEVE626A6EC,C000962,Galaxy M14,Android 13,5.15.2,2026-01-10T16:40:11+05:30,2026-09-17T21:21:35+05:30,true
DEV1D519E4D,C000963,moto g84,Android 14,5.2.0,2022-07-22T09:07:03+05:30,2026-07-02T09:47:43+05:30,false
DEV82165E6B,C000963,Redmi Note 13,Android 14,5.16.1,2026-07-14T14:41:30+05:30,2026-09-01T14:57:08+05:30,true
DEVBD61C217,C000964,moto g84,Android 14,5.15.2,2020-09-14T11:50:52+05:30,2026-09-19T07:42:45+05:30,true
DEVAD216961,C000965,moto g84,Android 14,5.9.8,2021-12-27T11:14:57+05:30,2026-07-04T13:31:24+05:30,true
DEVB48F0B0A,C000966,Redmi 13C,Android 13,5.16.1,2026-03-04T15:37:14+05:30,2026-08-21T10:50:18+05:30,true
DEV8D1EB9EC,C000967,Galaxy A15,Android 14,5.15.2,2024-08-17T09:43:30+05:30,2026-09-08T10:47:08+05:30,true
DEVFB94CDF0,C000970,iPhone 13,iOS 17.6,5.16.1,2024-09-22T16:48:13+05:30,2026-07-05T19:39:04+05:30,true
DEV2E48D56B,C000971,Galaxy A54,Android 14,4.9.8,2021-07-27T17:37:53+05:30,2026-07-03T15:37:01+05:30,false
DEVA485A7E7,C000971,Redmi Note 13,Android 14,5.15.2,2026-07-06T13:37:01+05:30,2026-09-14T18:43:33+05:30,true
DEVBBDF5259,C000972,OnePlus Nord CE4,Android 14,5.6.2,2025-11-17T18:30:40+05:30,2026-09-10T12:52:43+05:30,false
DEVA900218B,C000972,POCO X6,Android 14,5.16.1,2026-09-13T20:14:01+05:30,2026-09-22T12:57:08+05:30,true
DEV647C2CDD,C000973,Redmi Note 13,Android 14,5.15.2,2024-12-08T17:47:34+05:30,2026-08-15T18:44:38+05:30,true
DEV356E9F8D,C000975,Galaxy A15,Android 14,5.16.1,2024-03-18T09:09:02+05:30,2026-08-05T19:47:01+05:30,true
DEV3C81CB7D,C000976,moto g84,Android 14,5.15.2,2025-06-04T15:00:53+05:30,2026-07-08T12:15:19+05:30,true
DEV0CDF794E,C000977,Redmi 13C,Android 13,5.16.1,2023-02-11T17:18:30+05:30,2026-09-03T12:50:50+05:30,true
DEV0F986223,C000978,Galaxy M34,Android 14,5.9.8,2025-04-25T15:45:14+05:30,2026-09-06T12:07:38+05:30,true
DEV48D8D0AC,C000979,OPPO A79,Android 14,5.9.8,2025-06-27T13:55:50+05:30,2026-09-26T08:40:13+05:30,true
DEV06B85901,C000980,iPhone 13,iOS 17.6,5.16.1,2024-01-22T12:56:48+05:30,2026-09-14T10:10:09+05:30,true
DEV42CE605D,C000981,Redmi Note 13,Android 14,5.16.1,2020-12-17T10:44:06+05:30,2026-09-17T11:44:59+05:30,true
DEVD535EDE0,C000982,vivo Y28,Android 14,5.9.8,2021-07-02T17:05:55+05:30,2026-09-23T14:51:49+05:30,true
DEVBE847D28,C000983,OnePlus Nord CE4,Android 14,5.16.1,2024-03-01T18:36:52+05:30,2026-08-25T12:05:04+05:30,true
DEVE0E62A17,C000984,Galaxy A15,Android 14,5.2.0,2023-12-03T09:05:14+05:30,2024-09-25T15:33:02+05:30,false
DEV0608FA16,C000984,Redmi Note 13,Android 14,5.16.1,2023-07-16T14:13:21+05:30,2026-08-01T18:14:27+05:30,true
DEVC784AB60,C000985,Galaxy A15,Android 14,5.16.1,2022-12-05T15:58:56+05:30,2026-07-03T10:32:40+05:30,true
DEV0C00CA8D,C000987,Redmi Note 13,Android 14,5.2.0,2024-07-08T12:12:01+05:30,2025-12-24T17:05:12+05:30,false
DEV1D4819EC,C000987,iPhone 14,iOS 18.1,5.16.1,2022-08-30T10:05:04+05:30,2026-09-19T07:59:36+05:30,true
DEV32B3C9B4,C000988,vivo T3,Android 14,5.15.2,2022-04-21T13:38:09+05:30,2026-08-10T11:08:57+05:30,true
DEV407E13B2,C000989,realme 12 Pro,Android 14,5.15.2,2026-02-18T12:24:53+05:30,2026-08-11T14:56:00+05:30,true
DEV6C3F78A5,C000991,Galaxy A15,Android 14,5.9.8,2024-09-08T17:21:47+05:30,2026-03-12T20:22:47+05:30,false
DEVE0A93C55,C000991,realme 12 Pro,Android 14,5.16.1,2022-10-30T11:31:03+05:30,2026-09-19T08:30:01+05:30,true
DEVCCF7AFC4,C000992,Galaxy A15,Android 14,5.15.2,2023-12-05T12:17:22+05:30,2026-07-14T18:05:03+05:30,true
DEV465AEDA8,C000993,OPPO A79,Android 14,5.2.0,2023-12-31T20:24:29+05:30,2025-10-26T10:05:59+05:30,false
DEV097F99A5,C000993,iPhone 15,iOS 18.5,5.16.1,2023-08-27T20:51:27+05:30,2026-08-22T13:32:40+05:30,true
DEV0C9D828D,C000994,realme 12 Pro,Android 14,5.16.1,2022-05-08T16:23:52+05:30,2026-09-17T14:18:41+05:30,true
DEV62DB3DC2,C000995,realme 12 Pro,Android 14,5.16.1,2025-03-17T20:20:36+05:30,2026-09-16T21:50:23+05:30,true
DEV38B5F3E4,C000996,moto g84,Android 14,5.14.0,2022-02-01T13:09:34+05:30,2026-09-24T09:23:42+05:30,true
DEV3CBF6AB3,C000997,Galaxy M34,Android 14,5.6.2,2024-08-05T17:06:45+05:30,2026-07-28T18:47:21+05:30,false
DEV50E06EAA,C000997,Galaxy M14,Android 13,5.12.3,2026-08-16T10:02:27+05:30,2026-09-21T19:37:18+05:30,true
DEV7D5A9A98,C000998,Redmi 13C,Android 13,5.16.1,2026-01-14T16:16:29+05:30,2026-09-10T18:37:12+05:30,true
DEV6EFCDFBC,C000999,iPhone 15,iOS 18.5,5.16.1,2025-01-01T12:26:43+05:30,2026-09-02T10:52:23+05:30,true
DEV3DDB8A87,C001000,moto g84,Android 14,5.12.3,2022-11-08T09:57:14+05:30,2026-09-21T17:08:49+05:30,true
DEV7E9A4EDA,C001002,iPhone 14,iOS 18.1,5.16.1,2023-05-17T10:09:06+05:30,2026-09-16T13:09:01+05:30,true
DEV2563ECCB,C001004,Galaxy A15,Android 14,5.9.8,2023-07-26T14:51:25+05:30,2026-08-07T19:13:02+05:30,true
DEV440C1A82,C001005,realme narzo 60,Android 13,5.16.1,2025-05-31T20:36:53+05:30,2026-07-13T15:32:16+05:30,true
DEVC3C4734E,C001006,Redmi Note 12,Android 13,5.9.8,2024-08-20T14:35:15+05:30,2024-10-08T10:33:32+05:30,false
DEV65DA5528,C001006,Redmi Note 12,Android 13,5.16.1,2025-07-20T18:37:02+05:30,2026-09-10T20:01:49+05:30,true
DEVC788B55C,C001007,vivo Y28,Android 14,4.9.8,2020-06-18T20:43:40+05:30,2020-08-24T11:57:41+05:30,false
DEV9343127A,C001007,Galaxy A15,Android 14,5.15.2,2022-03-06T12:50:39+05:30,2026-08-15T12:21:21+05:30,true
DEV4EFF748E,C001008,iPhone 11,iOS 17.5,5.14.0,2024-09-04T16:13:04+05:30,2026-07-08T19:06:13+05:30,true
DEV78551A15,C001009,realme narzo 60,Android 13,5.15.2,2025-06-25T19:46:33+05:30,2026-09-15T14:59:36+05:30,true
DEV167AB8A5,C001010,Galaxy M34,Android 14,5.2.0,2024-03-31T09:33:40+05:30,2025-02-05T13:30:08+05:30,false
DEV115E1EB7,C001010,OnePlus Nord CE4,Android 14,5.16.1,2021-10-27T15:01:33+05:30,2026-09-08T17:33:31+05:30,true
DEVB427CAE4,C001011,realme narzo 60,Android 13,5.15.2,2025-07-24T17:19:36+05:30,2026-08-29T08:35:44+05:30,true
DEV23A84C1A,C001012,Redmi Note 13,Android 14,5.15.2,2024-01-11T17:44:55+05:30,2026-09-14T14:15:40+05:30,true
DEVE3FEDFD9,C001013,OnePlus Nord CE4,Android 14,5.6.2,2021-12-11T09:50:44+05:30,2026-08-22T07:07:38+05:30,false
DEV0BF367D7,C001013,iPhone 13,iOS 17.6,5.16.1,2026-08-27T15:55:00+05:30,2026-09-16T18:45:00+05:30,true
DEVE20B84FB,C001014,OnePlus Nord CE4,Android 14,5.15.2,2021-02-05T20:05:49+05:30,2026-09-12T22:25:50+05:30,true
DEV60036065,C001015,vivo T3,Android 14,5.9.8,2025-08-15T17:54:54+05:30,2026-09-23T10:43:01+05:30,true
DEV889E87EA,C001016,OPPO A79,Android 14,5.16.1,2023-02-03T09:58:32+05:30,2026-09-05T10:34:40+05:30,true
DEV3CB5C756,C001017,Nokia G42,Android 13,5.9.8,2025-07-14T11:50:13+05:30,2026-07-30T17:58:23+05:30,true
DEV880681FA,C001018,Galaxy M14,Android 13,4.9.8,2025-01-29T20:21:50+05:30,2026-07-07T07:13:37+05:30,false
DEV38158FC9,C001018,Redmi Note 12,Android 13,5.14.0,2026-07-09T12:13:37+05:30,2026-08-27T19:15:06+05:30,true
DEVCBF54FB6,C001019,vivo T3,Android 14,5.14.0,2025-08-03T13:01:45+05:30,2026-09-15T20:04:32+05:30,true
DEVDBA8C997,C001020,OPPO A79,Android 14,5.16.1,2026-05-26T19:27:34+05:30,2026-09-17T12:07:10+05:30,true
DEV07AD84AC,C001021,OnePlus Nord CE4,Android 14,5.16.1,2025-06-27T17:14:57+05:30,2026-09-22T13:30:57+05:30,true
DEVB116BC06,C001023,Galaxy M34,Android 14,5.15.2,2024-10-24T09:38:22+05:30,2026-08-29T14:29:43+05:30,true
DEV38E6A25C,C001024,Redmi Note 13,Android 14,5.15.2,2021-10-02T10:44:38+05:30,2026-09-14T14:18:43+05:30,true
DEVD5E2B819,C001025,Redmi Note 13,Android 14,5.16.1,2025-11-28T15:57:49+05:30,2026-09-01T18:54:15+05:30,true
DEVD908B1D4,C001027,iPhone 15,iOS 18.5,5.6.2,2024-02-11T09:36:20+05:30,2025-05-26T09:16:08+05:30,false
DEVE4793BCB,C001027,realme 12 Pro,Android 14,5.16.1,2026-05-03T10:21:07+05:30,2026-09-26T09:42:49+05:30,true
DEV55D36523,C001029,POCO X6,Android 14,5.16.1,2025-05-06T11:24:00+05:30,2026-09-08T18:58:25+05:30,true
DEVC2376331,C001030,Galaxy M14,Android 13,5.14.0,2025-12-12T17:13:15+05:30,2026-09-02T14:44:29+05:30,true
DEVC35CAE72,C001031,iPhone 11,iOS 17.5,5.15.2,2023-01-14T18:01:53+05:30,2026-08-21T14:21:06+05:30,true
DEV791DAB20,C001033,vivo T3,Android 14,5.6.2,2025-10-22T12:33:15+05:30,2026-08-03T17:57:13+05:30,false
DEV0E775A31,C001033,Galaxy A15,Android 14,5.16.1,2026-08-18T14:19:58+05:30,2026-09-24T10:55:31+05:30,true
DEVE07D6CFE,C001034,Galaxy M14,Android 13,5.15.2,2025-07-16T17:32:32+05:30,2026-07-01T15:52:32+05:30,true
DEV0600A846,C001035,OnePlus 11R,Android 15,5.15.2,2022-07-08T14:53:25+05:30,2026-07-04T17:42:17+05:30,true
DEVC54C7AC1,C001036,iPhone 11,iOS 17.5,5.16.1,2024-06-08T18:45:28+05:30,2026-09-14T16:42:10+05:30,true
DEVC47CC4C3,C001037,OnePlus Nord CE4,Android 14,5.9.8,2022-01-19T18:30:05+05:30,2026-09-14T16:32:22+05:30,true
DEV19BC943C,C001038,vivo Y28,Android 14,5.14.0,2025-05-20T15:09:52+05:30,2026-09-18T10:59:11+05:30,true
DEV75443A05,C001040,Redmi Note 13,Android 14,5.15.2,2020-06-17T10:31:52+05:30,2026-09-09T13:44:59+05:30,true
DEVCAE8D70C,C001041,iPhone 13,iOS 17.6,5.15.2,2025-11-01T13:22:12+05:30,2026-09-25T09:50:20+05:30,true
DEV08EE0FC5,C001042,OPPO A79,Android 14,5.12.3,2025-02-17T18:27:50+05:30,2026-09-21T20:47:22+05:30,true
DEV7C0E3683,C001043,vivo Y28,Android 14,5.16.1,2024-05-12T20:53:17+05:30,2026-09-09T17:06:44+05:30,true
DEV118E2C06,C001044,Galaxy A15,Android 14,5.12.3,2023-05-06T13:58:45+05:30,2026-09-21T16:36:08+05:30,true
DEVDF507E56,C001045,moto g84,Android 14,5.9.8,2025-04-09T18:43:52+05:30,2026-08-02T15:15:41+05:30,false
DEV2EA7688D,C001045,Redmi Note 12,Android 13,5.16.1,2026-09-09T14:00:31+05:30,2026-09-18T20:16:02+05:30,true
DEVE73136B7,C001046,Galaxy M34,Android 14,5.15.2,2024-01-21T14:53:55+05:30,2026-09-09T19:30:18+05:30,true
DEV333F2D84,C001048,vivo Y28,Android 14,5.16.1,2022-08-22T09:09:35+05:30,2026-08-16T19:32:07+05:30,true
DEV8BAFE29E,C001049,OnePlus Nord CE4,Android 14,5.9.8,2026-05-08T12:26:23+05:30,2026-09-06T09:38:00+05:30,false
DEVA4138403,C001049,moto g54,Android 14,5.12.3,2026-09-08T20:38:00+05:30,2026-09-20T10:03:57+05:30,true
DEVED701140,C001050,iPhone 14,iOS 18.1,5.9.8,2022-04-12T12:24:29+05:30,2026-03-20T13:57:44+05:30,false
DEVC92F73DE,C001050,OnePlus Nord CE4,Android 14,5.16.1,2023-11-24T17:11:06+05:30,2026-08-28T11:11:27+05:30,true
DEV313EF660,C001051,Redmi 13C,Android 13,4.9.8,2024-04-10T17:48:15+05:30,2026-07-20T16:01:12+05:30,false
DEV6CF8D222,C001051,Galaxy A15,Android 14,5.9.8,2026-07-23T13:48:25+05:30,2026-09-13T19:53:48+05:30,true
DEV5A317CA5,C001052,Redmi Note 13,Android 14,5.16.1,2024-01-13T20:45:50+05:30,2026-08-29T07:11:01+05:30,true
DEV403BE50C,C001053,iPhone 13,iOS 17.6,5.16.1,2025-06-20T12:45:12+05:30,2026-09-07T13:21:00+05:30,true
DEV050AF16D,C001054,OnePlus 11R,Android 15,5.12.3,2025-04-23T12:42:33+05:30,2026-09-22T21:30:27+05:30,true
DEV572310EC,C001057,iPhone 15,iOS 18.5,5.14.0,2025-10-14T11:37:50+05:30,2026-09-18T08:29:36+05:30,true
DEV0A23BC53,C001058,iPhone 11,iOS 17.5,5.16.1,2021-12-04T11:36:36+05:30,2026-08-11T12:08:40+05:30,true
DEV49FACF96,C001060,iPhone 13,iOS 17.6,5.16.1,2025-02-06T11:46:14+05:30,2026-09-17T14:33:59+05:30,true
DEVCDE10A4D,C001062,OPPO A79,Android 14,5.14.0,2024-03-25T18:01:46+05:30,2026-07-12T20:50:33+05:30,true
DEVB85B5E5F,C001063,moto g54,Android 14,5.15.2,2023-08-22T14:02:56+05:30,2026-09-05T12:36:11+05:30,true
DEVB2DCFA20,C001064,Galaxy M14,Android 13,5.15.2,2021-11-20T10:56:07+05:30,2026-08-08T15:39:17+05:30,true
DEVDC2B3D9D,C001067,Redmi Note 13,Android 14,5.15.2,2023-11-08T17:01:23+05:30,2026-07-06T18:59:37+05:30,true
DEV0DDAFF82,C001068,realme 12 Pro,Android 14,5.15.2,2026-04-11T20:07:59+05:30,2026-09-16T21:57:38+05:30,true
DEV003FCB27,C001069,OnePlus Nord CE4,Android 14,5.15.2,2023-11-06T18:08:39+05:30,2026-09-07T16:09:05+05:30,true
DEVF298061A,C001072,iPhone 13,iOS 17.6,5.12.3,2024-01-07T13:46:16+05:30,2026-07-09T21:27:32+05:30,true
DEV94159CFF,C001073,Redmi Note 13,Android 14,5.16.1,2022-10-22T12:30:35+05:30,2026-07-29T12:41:51+05:30,true
DEV8009C6C2,C001074,Redmi Note 13,Android 14,5.14.0,2024-08-26T13:53:05+05:30,2026-09-24T13:53:50+05:30,true
DEVFC49456C,C001075,Redmi Note 12,Android 13,5.14.0,2024-01-17T09:58:52+05:30,2026-09-19T20:06:13+05:30,true
DEV01F7D35D,C001078,OnePlus Nord CE4,Android 14,4.9.8,2023-07-04T09:15:34+05:30,2026-07-06T23:18:21+05:30,false
DEVAEE9A08F,C001078,Galaxy A54,Android 14,5.16.1,2026-07-09T12:18:21+05:30,2026-08-08T15:24:31+05:30,true
DEV712F7B8F,C001080,vivo T3,Android 14,5.14.0,2022-07-20T17:42:55+05:30,2026-07-25T08:55:27+05:30,true
DEV46CBFF58,C001081,Galaxy A54,Android 14,5.16.1,2025-09-19T15:57:45+05:30,2026-09-02T16:37:02+05:30,true
DEV9A55A7F0,C001083,Redmi 13C,Android 13,5.16.1,2022-05-23T11:30:19+05:30,2026-06-29T21:36:55+05:30,true
DEV909DB1EF,C001084,moto g54,Android 14,5.6.2,2024-11-26T12:21:14+05:30,2026-08-04T13:45:14+05:30,false
DEV1F15201B,C001084,Galaxy M34,Android 14,5.15.2,2026-08-20T14:08:44+05:30,2026-09-16T11:23:20+05:30,true
DEV557AC1EC,C001085,Redmi 13C,Android 13,5.16.1,2024-03-11T12:15:07+05:30,2026-08-04T15:14:15+05:30,true
DEV5C4E92E3,C001086,Redmi Note 12,Android 13,5.15.2,2026-01-22T09:38:25+05:30,2026-07-26T09:06:18+05:30,true
DEVFD694578,C001087,moto g84,Android 14,5.15.2,2024-01-10T09:42:07+05:30,2026-09-06T07:58:54+05:30,true
DEV1344684E,C001088,realme 12 Pro,Android 14,5.2.0,2026-04-22T18:14:06+05:30,2026-08-19T14:03:58+05:30,false
DEV20ABA13B,C001088,Redmi Note 13,Android 14,5.16.1,2026-09-04T12:28:56+05:30,2026-09-19T17:41:38+05:30,true
DEV825C6378,C001089,iPhone 14,iOS 18.1,4.9.8,2023-02-20T10:11:07+05:30,2024-03-22T09:36:59+05:30,false
DEV2C4417F8,C001089,Galaxy A54,Android 14,5.9.8,2023-04-26T14:07:03+05:30,2026-08-30T22:58:12+05:30,true
DEVD73D172B,C001090,Redmi 13C,Android 13,5.16.1,2021-06-14T09:39:37+05:30,2026-09-02T20:37:33+05:30,true
DEV3BDBB8AF,C001092,Galaxy M14,Android 13,5.14.0,2023-02-26T10:53:18+05:30,2026-09-03T08:36:20+05:30,true
DEVB8C8B149,C001093,Galaxy A15,Android 14,5.14.0,2020-06-02T11:01:57+05:30,2026-07-16T17:31:01+05:30,true
DEV28E167B1,C001095,OnePlus Nord CE4,Android 14,5.14.0,2024-06-09T10:15:27+05:30,2026-09-23T20:50:13+05:30,true
DEV6F255E41,C001096,vivo Y28,Android 14,5.9.8,2025-05-11T20:10:40+05:30,2026-07-16T19:55:52+05:30,false
DEVAAACCAF0,C001096,Redmi 13C,Android 13,5.16.1,2026-07-26T14:30:33+05:30,2026-09-12T20:24:20+05:30,true
DEVD08B7538,C001097,moto g84,Android 14,5.12.3,2024-02-10T09:05:42+05:30,2026-09-19T14:21:57+05:30,true
DEVD6974235,C001098,vivo T3,Android 14,5.14.0,2023-04-01T09:33:13+05:30,2026-09-24T15:55:57+05:30,true
DEVEB03A207,C001099,Galaxy M14,Android 13,5.15.2,2021-04-04T10:24:32+05:30,2026-09-14T12:21:15+05:30,true
DEV99B88373,C001100,POCO X6,Android 14,4.9.8,2024-10-08T11:06:09+05:30,2025-12-25T15:24:02+05:30,false
DEV2494B1CC,C001100,OnePlus 11R,Android 15,5.16.1,2025-01-06T20:37:23+05:30,2026-09-17T21:17:43+05:30,true
DEVBED65F8E,C001101,OnePlus 11R,Android 15,5.16.1,2026-01-01T18:41:21+05:30,2026-09-08T15:18:05+05:30,true
DEVE11EA085,C001102,OnePlus 11R,Android 15,5.16.1,2025-11-24T09:56:19+05:30,2026-09-10T22:02:04+05:30,true
DEV0582B61C,C001103,Redmi 13C,Android 13,5.6.2,2025-05-11T17:35:58+05:30,2025-11-30T16:42:24+05:30,false
DEV026FC698,C001103,realme 12 Pro,Android 14,5.15.2,2025-01-25T20:05:30+05:30,2026-09-04T13:00:25+05:30,true
DEV92AA6DC5,C001105,Redmi 13C,Android 13,5.15.2,2026-05-07T11:36:39+05:30,2026-09-08T21:52:52+05:30,true
DEV306D2A33,C001106,Redmi Note 12,Android 13,5.2.0,2022-03-21T17:11:28+05:30,2026-08-15T13:00:05+05:30,false
DEVD7D97976,C001106,Galaxy A15,Android 14,5.16.1,2026-08-21T10:12:51+05:30,2026-09-17T13:42:45+05:30,true
DEV2696B709,C001107,Nokia G42,Android 13,5.6.2,2023-10-02T20:51:31+05:30,2026-05-17T16:34:11+05:30,false
DEV78C28422,C001107,Redmi 13C,Android 13,5.14.0,2024-02-15T19:33:25+05:30,2026-09-24T14:50:57+05:30,true
DEVBF5DC2E6,C001108,realme narzo 60,Android 13,5.15.2,2025-09-04T15:05:55+05:30,2026-09-14T16:14:15+05:30,true
DEV8B66733D,C001109,iPhone 15,iOS 18.5,5.16.1,2025-07-24T19:37:30+05:30,2026-07-14T07:07:24+05:30,true
DEVA132BB28,C001110,OnePlus Nord CE4,Android 14,5.15.2,2023-04-16T09:02:04+05:30,2026-09-11T18:28:34+05:30,true
DEV0377EBB8,C001111,Galaxy S23,Android 15,4.9.8,2023-09-29T18:47:38+05:30,2025-10-17T19:55:28+05:30,false
DEVDB65836B,C001111,Redmi 13C,Android 13,5.15.2,2025-08-31T11:25:31+05:30,2026-09-20T18:50:42+05:30,true
DEVA97D537E,C001112,Galaxy A15,Android 14,4.9.8,2023-03-05T14:00:02+05:30,2026-02-08T16:38:47+05:30,false
DEV3BCE7567,C001112,vivo Y28,Android 14,5.12.3,2023-06-16T14:28:17+05:30,2026-08-09T18:46:49+05:30,true
DEVA61D866C,C001113,vivo Y28,Android 14,5.12.3,2025-03-29T12:11:47+05:30,2026-09-20T15:28:47+05:30,true
DEVFB959471,C001115,Galaxy M34,Android 14,5.14.0,2024-06-23T10:17:01+05:30,2026-07-29T15:35:29+05:30,true
DEV88B9B22B,C001116,iPhone 11,iOS 17.5,4.9.8,2026-01-15T16:25:51+05:30,2026-08-27T05:55:08+05:30,false
DEVDF6C3A9C,C001116,Redmi Note 13,Android 14,5.12.3,2026-08-29T14:55:08+05:30,2026-09-23T20:41:08+05:30,true
DEV55FEBC75,C001117,realme 12 Pro,Android 14,5.15.2,2021-02-19T17:42:25+05:30,2026-09-10T13:06:15+05:30,true
DEV35491E4B,C001119,iPhone 11,iOS 17.5,5.14.0,2020-08-20T18:02:28+05:30,2026-09-13T17:31:39+05:30,true
DEV380D085A,C001120,Galaxy M34,Android 14,5.14.0,2022-06-08T13:26:33+05:30,2026-09-12T09:27:35+05:30,true
DEV795EF01F,C001121,OnePlus 11R,Android 15,5.6.2,2025-08-06T19:33:15+05:30,2026-09-12T00:13:23+05:30,false
DEV72B8D361,C001121,moto g84,Android 14,5.9.8,2026-09-14T20:13:23+05:30,2026-09-15T16:23:48+05:30,true
DEVF30248CD,C001122,OnePlus Nord CE4,Android 14,5.9.8,2022-03-20T11:10:32+05:30,2024-10-22T10:26:19+05:30,false
DEV62DAAF5E,C001122,OnePlus Nord CE4,Android 14,5.16.1,2025-01-28T16:05:14+05:30,2026-09-17T13:05:41+05:30,true
DEVA4D7E961,C001124,Redmi 13C,Android 13,5.16.1,2024-11-05T12:02:11+05:30,2026-09-26T08:32:05+05:30,true
DEVA48E76AD,C001125,Redmi Note 13,Android 14,5.16.1,2024-05-19T09:18:30+05:30,2026-07-31T12:05:27+05:30,true
DEVF4D61D08,C001126,OPPO A79,Android 14,5.16.1,2026-05-17T19:02:54+05:30,2026-09-14T12:09:18+05:30,true
DEVE5490047,C001127,OPPO A79,Android 14,5.15.2,2024-04-12T16:29:39+05:30,2026-09-24T11:50:46+05:30,true
DEVDB34D75E,C001128,iQOO Z9,Android 14,5.16.1,2022-03-19T13:07:45+05:30,2026-08-27T15:08:40+05:30,true
DEVF893810C,C001129,iQOO Z9,Android 14,5.16.1,2026-01-29T15:22:06+05:30,2026-09-12T16:40:23+05:30,true
DEV88BE064D,C001130,iQOO Z9,Android 14,5.12.3,2023-12-11T10:32:17+05:30,2026-06-28T18:33:21+05:30,true
DEV962FF87E,C001131,Redmi Note 12,Android 13,5.15.2,2024-04-14T19:28:26+05:30,2026-09-20T09:05:19+05:30,true
DEVE2C66731,C001132,vivo T3,Android 14,5.16.1,2021-10-16T14:05:45+05:30,2026-09-18T07:27:21+05:30,true
DEV4849B0C0,C001133,Galaxy M34,Android 14,5.14.0,2022-01-09T13:01:32+05:30,2026-09-11T08:48:32+05:30,true
DEV19C32BB3,C001134,moto g54,Android 14,5.15.2,2020-12-05T19:20:13+05:30,2026-07-08T16:10:49+05:30,true
DEVE71F1066,C001136,vivo T3,Android 14,5.15.2,2022-04-15T16:41:28+05:30,2026-08-03T16:36:23+05:30,true
DEV4FA8B9D6,C001137,POCO X6,Android 14,5.2.0,2023-01-09T12:48:03+05:30,2026-07-06T09:23:00+05:30,false
DEV443E7544,C001137,Redmi Note 12,Android 13,5.12.3,2026-07-10T19:30:46+05:30,2026-09-08T17:44:09+05:30,true
DEV67F469EB,C001139,Galaxy A15,Android 14,4.9.8,2024-06-04T14:12:52+05:30,2024-08-21T17:13:56+05:30,false
DEV07E62554,C001139,moto g54,Android 14,5.15.2,2024-07-24T18:45:22+05:30,2026-09-10T21:07:41+05:30,true
DEVEBD8F0E9,C001140,vivo T3,Android 14,5.9.8,2026-02-15T20:20:06+05:30,2026-09-12T14:22:51+05:30,true
DEV682B228F,C001141,moto g54,Android 14,5.9.8,2026-04-18T13:40:46+05:30,2026-08-23T21:53:02+05:30,true
DEV69F559A5,C001142,iPhone 13,iOS 17.6,5.9.8,2026-01-30T20:58:55+05:30,2026-06-28T11:59:20+05:30,true
DEV658A5FC5,C001143,moto g84,Android 14,5.16.1,2024-10-17T16:03:30+05:30,2026-08-23T14:29:02+05:30,true
DEV9045A7A8,C001144,moto g54,Android 14,5.16.1,2026-05-24T20:54:19+05:30,2026-09-05T19:10:56+05:30,true
DEVB33FF168,C001146,Redmi Note 12,Android 13,5.12.3,2021-01-16T18:27:57+05:30,2026-09-10T17:20:11+05:30,true
DEV89A7979C,C001147,iPhone 14,iOS 18.1,5.15.2,2025-03-01T13:32:09+05:30,2026-09-13T14:01:17+05:30,true
DEVBAA90C3F,C001148,realme 12 Pro,Android 14,5.15.2,2020-12-18T19:47:52+05:30,2026-08-14T18:21:51+05:30,true
DEV4B4A3CC6,C001149,iPhone 11,iOS 17.5,5.15.2,2022-05-27T14:37:17+05:30,2026-08-02T12:58:27+05:30,true
DEV5A24FD4D,C001150,iPhone 14,iOS 18.1,5.15.2,2024-12-24T11:01:58+05:30,2026-09-25T13:28:14+05:30,true
DEV3E7D1054,C001151,Galaxy M34,Android 14,5.16.1,2022-09-08T16:42:53+05:30,2026-09-21T14:36:09+05:30,true
DEVB20C986D,C001152,Galaxy M34,Android 14,5.2.0,2022-10-13T14:07:44+05:30,2024-05-31T09:07:04+05:30,false
DEV1A32AE24,C001152,iPhone 11,iOS 17.5,5.16.1,2025-02-12T12:24:48+05:30,2026-09-12T18:33:05+05:30,true
DEV3E09C435,C001153,Galaxy S23,Android 15,5.9.8,2021-08-16T20:59:33+05:30,2023-08-15T14:12:58+05:30,false
DEVCB4FCEEE,C001153,OnePlus 11R,Android 15,5.15.2,2022-06-24T19:13:55+05:30,2026-09-20T09:22:08+05:30,true
DEVEA25943F,C001154,Redmi Note 13,Android 14,5.15.2,2026-05-24T20:18:55+05:30,2026-08-18T12:34:22+05:30,true
DEV1C71D561,C001155,OPPO A79,Android 14,5.14.0,2023-12-25T14:44:34+05:30,2026-09-20T08:35:08+05:30,true
DEV01C55669,C001156,iPhone 15,iOS 18.5,5.15.2,2023-07-09T20:59:44+05:30,2026-09-14T12:00:01+05:30,true
DEVDAF1998C,C001157,Galaxy S23,Android 15,5.16.1,2022-11-01T12:33:01+05:30,2026-09-13T12:15:46+05:30,true
DEV516D2A55,C001158,Galaxy A15,Android 14,5.14.0,2025-08-07T17:04:20+05:30,2026-09-09T10:23:19+05:30,true
DEV42A477DF,C001159,Galaxy M34,Android 14,5.9.8,2024-05-06T18:34:42+05:30,2026-06-29T19:25:12+05:30,true
DEV5E0ADB99,C001160,Redmi Note 12,Android 13,5.2.0,2023-02-17T09:23:53+05:30,2026-08-13T13:52:45+05:30,false
DEVB2142AC8,C001160,moto g84,Android 14,5.14.0,2026-09-04T19:55:24+05:30,2026-09-12T15:33:11+05:30,true
DEVE33E8900,C001161,Galaxy A15,Android 14,5.15.2,2026-02-17T12:48:45+05:30,2026-06-29T11:05:01+05:30,true
DEV6A66848A,C001162,Galaxy S23,Android 15,5.15.2,2025-09-02T14:59:47+05:30,2026-09-21T22:51:10+05:30,true
DEVA299B5EF,C001163,moto g84,Android 14,5.15.2,2021-07-11T09:58:44+05:30,2026-09-14T11:18:01+05:30,true
DEV9E0BE0F7,C001164,Galaxy A15,Android 14,5.14.0,2025-08-11T13:51:38+05:30,2026-09-07T16:11:26+05:30,true
DEVA0AED304,C001165,OnePlus Nord CE4,Android 14,5.14.0,2022-06-28T12:15:24+05:30,2026-09-15T18:29:24+05:30,true
DEV7C372E0A,C001167,OnePlus Nord CE4,Android 14,5.16.1,2025-07-07T09:56:06+05:30,2026-07-02T17:14:07+05:30,true
DEV2AE53A2A,C001168,Redmi Note 12,Android 13,5.14.0,2022-09-08T12:52:52+05:30,2026-09-18T21:00:16+05:30,true
DEV27AC1197,C001170,Galaxy S23,Android 15,5.6.2,2026-04-05T12:49:08+05:30,2026-07-22T05:58:23+05:30,false
DEV389695CE,C001170,realme 12 Pro,Android 14,5.15.2,2026-07-23T12:58:23+05:30,2026-08-14T22:36:42+05:30,true
DEVC2AE2869,C001171,iPhone 13,iOS 17.6,5.16.1,2025-03-18T15:48:44+05:30,2026-08-14T22:32:15+05:30,true
DEV43815208,C001172,Nokia G42,Android 13,5.16.1,2025-07-10T09:35:09+05:30,2026-09-09T20:06:29+05:30,true
DEV89E9BBB8,C001174,moto g84,Android 14,5.15.2,2022-11-25T14:40:58+05:30,2026-09-11T10:26:04+05:30,true
DEV44C927D2,C001175,Galaxy A54,Android 14,5.16.1,2023-08-07T09:25:33+05:30,2026-07-10T09:21:13+05:30,true
DEV55F9B85D,C001176,Galaxy M34,Android 14,5.12.3,2022-07-15T20:47:36+05:30,2026-09-04T22:28:13+05:30,true
DEV058B7DDA,C001177,moto g54,Android 14,5.15.2,2020-08-05T09:10:31+05:30,2026-06-29T09:27:07+05:30,true
DEV2821AA86,C001178,Redmi Note 13,Android 14,5.15.2,2021-05-15T20:45:44+05:30,2026-09-08T10:56:17+05:30,true
DEV49D3593F,C001179,iPhone 11,iOS 17.5,5.15.2,2025-08-21T20:29:15+05:30,2026-08-22T17:18:34+05:30,true
DEV5263EAEA,C001182,Galaxy M34,Android 14,5.2.0,2020-09-02T13:56:22+05:30,2026-08-19T08:26:39+05:30,false
DEV3EC92C56,C001182,Redmi Note 13,Android 14,5.15.2,2026-09-04T11:20:52+05:30,2026-09-05T15:50:36+05:30,true
DEV18E20786,C001183,Redmi Note 13,Android 14,5.16.1,2026-06-10T18:01:00+05:30,2026-08-02T17:36:14+05:30,true
DEV86AA40FA,C001184,iPhone 15,iOS 18.5,5.15.2,2025-03-29T10:59:27+05:30,2026-07-30T20:04:37+05:30,true
DEV96DF9A2E,C001185,moto g54,Android 14,5.2.0,2025-11-03T12:32:22+05:30,2026-08-08T08:12:20+05:30,false
DEVB0B253D8,C001185,Galaxy M34,Android 14,5.16.1,2026-08-27T10:25:51+05:30,2026-09-09T12:23:40+05:30,true
DEV21CD4D49,C001186,Redmi Note 12,Android 13,5.2.0,2025-05-11T12:29:59+05:30,2025-11-28T20:21:35+05:30,false
DEVED9621D1,C001186,OPPO A79,Android 14,5.14.0,2025-07-17T14:20:49+05:30,2026-07-10T14:48:55+05:30,true
DEV69BEE0C4,C001187,Redmi Note 12,Android 13,5.14.0,2025-11-03T20:31:49+05:30,2026-08-19T20:42:47+05:30,true
DEV36FC0AB8,C001188,Galaxy M14,Android 13,5.16.1,2026-06-02T18:23:19+05:30,2026-09-14T14:45:07+05:30,true
DEV45A429DC,C001189,Redmi Note 12,Android 13,5.16.1,2024-02-28T12:42:10+05:30,2026-09-19T09:31:40+05:30,true
DEV136426DE,C001190,Galaxy M34,Android 14,5.15.2,2026-05-23T18:25:42+05:30,2026-08-29T15:37:58+05:30,true
DEV3F19B0E3,C001191,Galaxy M14,Android 13,5.2.0,2025-05-06T20:40:10+05:30,2025-07-06T15:13:01+05:30,false
DEVA110641C,C001191,iPhone 11,iOS 17.5,5.16.1,2024-10-04T14:53:37+05:30,2026-09-21T14:25:54+05:30,true
DEV5CA100F4,C001192,POCO X6,Android 14,5.6.2,2022-09-29T16:26:06+05:30,2026-08-09T11:14:50+05:30,false
DEV37907206,C001192,Galaxy A15,Android 14,5.16.1,2026-08-13T20:45:15+05:30,2026-09-18T14:07:09+05:30,true
DEVB7C7D2FE,C001193,realme narzo 60,Android 13,5.16.1,2021-01-04T11:57:51+05:30,2026-09-14T21:22:39+05:30,true
DEV96A6CA5E,C001194,Galaxy A15,Android 14,5.9.8,2021-12-02T16:10:17+05:30,2026-07-10T19:10:16+05:30,false
DEV157D0DDC,C001194,moto g54,Android 14,5.9.8,2026-07-20T15:10:44+05:30,2026-09-14T19:49:35+05:30,true
DEV44DE26DF,C001195,Redmi Note 13,Android 14,5.2.0,2023-09-16T11:20:30+05:30,2025-04-06T15:40:17+05:30,false
DEV9250DE1E,C001195,vivo T3,Android 14,5.16.1,2023-09-27T16:19:22+05:30,2026-07-18T15:08:16+05:30,true
DEVDD21DB36,C001196,Redmi Note 13,Android 14,5.15.2,2021-06-16T19:11:27+05:30,2026-09-16T12:24:56+05:30,true
DEVC7F29F8E,C001197,iPhone 11,iOS 17.5,5.9.8,2023-04-02T16:53:32+05:30,2026-08-19T13:05:11+05:30,false
DEV71780269,C001197,Redmi Note 13,Android 14,5.14.0,2026-08-22T09:22:09+05:30,2026-09-24T18:15:54+05:30,true
DEV8ED8EF96,C001198,Redmi 13C,Android 13,5.14.0,2024-03-18T16:34:36+05:30,2026-07-14T19:35:29+05:30,true
DEV34AC0095,C001199,Galaxy M34,Android 14,5.16.1,2021-10-28T18:32:30+05:30,2026-09-15T08:11:42+05:30,true
DEV4D1D2FD4,C001201,POCO X6,Android 14,4.9.8,2021-02-02T13:28:44+05:30,2025-10-26T15:48:09+05:30,false
DEV341EE9C4,C001201,Galaxy M14,Android 13,5.15.2,2024-01-25T09:33:16+05:30,2026-09-20T17:50:57+05:30,true
DEVC2FC7FF7,C001202,Redmi Note 12,Android 13,5.12.3,2024-10-06T14:12:23+05:30,2026-09-24T20:04:13+05:30,true
DEV75360868,C001203,realme narzo 60,Android 13,5.2.0,2022-12-19T14:22:42+05:30,2026-07-30T21:49:37+05:30,false
DEVD723912B,C001203,iPhone 15,iOS 18.5,5.12.3,2026-08-30T17:13:43+05:30,2026-09-20T15:40:44+05:30,true
DEV2AD48DC6,C001204,vivo T3,Android 14,5.2.0,2020-07-26T17:23:38+05:30,2026-08-17T11:46:48+05:30,false
DEV14C85A36,C001204,iPhone 11,iOS 17.5,5.14.0,2026-09-06T14:55:21+05:30,2026-09-19T20:35:24+05:30,true
DEVEC7140AC,C001205,Redmi Note 13,Android 14,5.9.8,2025-08-06T16:37:08+05:30,2026-08-09T21:10:23+05:30,false
DEV77F9C054,C001205,Redmi Note 12,Android 13,5.16.1,2026-08-11T17:02:26+05:30,2026-09-11T09:18:29+05:30,true
DEV661FE5A3,C001206,OPPO A79,Android 14,5.9.8,2025-09-06T13:33:04+05:30,2026-09-11T18:23:38+05:30,true
DEV81FE5280,C001207,iQOO Z9,Android 14,5.15.2,2025-02-28T15:28:17+05:30,2026-09-07T18:03:35+05:30,true
DEV3CF116A3,C001208,iPhone 14,iOS 18.1,5.16.1,2025-01-01T12:31:11+05:30,2026-09-19T11:08:50+05:30,true
DEV0FFFCB23,C001209,OPPO A79,Android 14,4.9.8,2023-12-12T13:26:12+05:30,2024-09-26T18:24:21+05:30,false
DEVDF161371,C001209,Redmi Note 13,Android 14,5.16.1,2023-03-05T19:48:32+05:30,2026-09-20T19:06:11+05:30,true
DEVDACA4492,C001211,Redmi 13C,Android 13,5.6.2,2024-10-01T20:37:06+05:30,2025-11-23T16:06:52+05:30,false
DEVD1004510,C001211,Galaxy A15,Android 14,5.16.1,2025-11-25T12:35:05+05:30,2026-09-17T21:09:08+05:30,true
DEV77D823FB,C001212,moto g84,Android 14,5.2.0,2022-02-07T14:23:24+05:30,2026-09-10T12:01:22+05:30,false
DEVA3607027,C001212,OnePlus 11R,Android 15,5.15.2,2026-09-16T16:29:52+05:30,2026-09-23T09:10:07+05:30,true
DEVA7040289,C001213,moto g84,Android 14,5.2.0,2021-03-26T19:34:42+05:30,2026-07-30T17:01:10+05:30,false
DEV729AF48D,C001213,OnePlus Nord CE4,Android 14,5.16.1,2026-08-06T14:28:04+05:30,2026-09-26T09:45:35+05:30,true
DEVCBDD14DC,C001214,Redmi 13C,Android 13,4.9.8,2024-06-09T14:10:59+05:30,2024-11-11T17:21:00+05:30,false
DEVA8B3463A,C001214,Galaxy M34,Android 14,5.15.2,2022-09-04T16:36:35+05:30,2026-08-30T11:30:49+05:30,true
DEV65D605E7,C001215,Galaxy A15,Android 14,5.9.8,2026-01-26T11:20:05+05:30,2026-08-12T16:07:08+05:30,true
DEV3F2ED4DE,C001217,Redmi Note 13,Android 14,5.2.0,2024-10-09T15:22:02+05:30,2026-07-06T06:45:16+05:30,false
DEV6D177A59,C001217,Galaxy M14,Android 13,5.16.1,2026-07-07T11:45:16+05:30,2026-09-18T20:53:52+05:30,true
DEV13005AC8,C001219,iPhone 13,iOS 17.6,5.16.1,2025-09-08T16:20:41+05:30,2026-09-26T08:31:40+05:30,true
DEV38381D7C,C001220,Galaxy A15,Android 14,5.16.1,2024-04-09T14:31:24+05:30,2026-09-07T09:11:45+05:30,true
DEVAC14561F,C001221,Redmi 13C,Android 13,5.2.0,2025-10-02T12:40:33+05:30,2026-07-20T22:44:54+05:30,false
DEV54D7089B,C001221,iPhone 15,iOS 18.5,5.16.1,2026-07-23T11:44:54+05:30,2026-09-01T14:31:17+05:30,true
DEV1EC8510A,C001222,Redmi Note 13,Android 14,5.2.0,2025-12-26T12:46:34+05:30,2026-07-31T10:46:09+05:30,false
DEV2DC063FD,C001222,Redmi Note 13,Android 14,5.16.1,2026-09-11T10:38:07+05:30,2026-09-13T10:25:12+05:30,true
DEV6B46E7AA,C001223,OPPO A79,Android 14,5.12.3,2025-01-29T12:52:10+05:30,2026-08-24T21:00:08+05:30,true
DEVA106A258,C001224,Nokia G42,Android 13,5.12.3,2024-11-01T10:40:49+05:30,2026-07-30T15:41:55+05:30,true
DEV40497239,C001225,moto g54,Android 14,5.15.2,2024-11-28T12:49:20+05:30,2026-09-09T15:43:14+05:30,true
DEV6CE19816,C001226,OnePlus Nord CE4,Android 14,4.9.8,2024-03-31T11:38:12+05:30,2026-08-18T20:43:11+05:30,false
DEV767497B5,C001226,vivo T3,Android 14,5.15.2,2026-08-27T15:43:17+05:30,2026-09-13T19:02:46+05:30,true
DEVB193F557,C001227,moto g54,Android 14,5.6.2,2022-05-26T12:29:47+05:30,2026-07-21T19:38:40+05:30,false
DEV6D631148,C001227,Galaxy M34,Android 14,5.16.1,2026-07-31T10:06:54+05:30,2026-08-23T11:13:57+05:30,true
DEV2EE421FB,C001228,Galaxy A54,Android 14,5.12.3,2026-06-11T09:59:27+05:30,2026-09-22T19:41:34+05:30,true
DEV69D1A591,C001230,realme 12 Pro,Android 14,5.15.2,2023-01-16T17:49:59+05:30,2026-09-23T16:18:46+05:30,true
DEV6AF47355,C001231,realme 12 Pro,Android 14,5.16.1,2023-11-02T11:49:14+05:30,2026-07-01T08:14:52+05:30,true
DEV98CA2BA6,C001232,Redmi Note 13,Android 14,5.15.2,2024-11-02T11:34:18+05:30,2026-09-23T08:07:43+05:30,true
DEV78919122,C001233,Redmi 13C,Android 13,5.15.2,2025-02-24T19:26:46+05:30,2026-09-25T10:02:02+05:30,true
DEVDB7DC99C,C001234,vivo T3,Android 14,5.16.1,2025-02-18T14:19:25+05:30,2026-09-16T14:53:45+05:30,true
DEV93E23163,C001235,Galaxy M34,Android 14,5.12.3,2020-11-28T12:07:49+05:30,2026-07-15T20:15:24+05:30,true
DEV0ED6287A,C001236,OnePlus Nord CE4,Android 14,5.16.1,2021-04-08T13:39:04+05:30,2026-07-28T14:31:28+05:30,true
DEV46504AD5,C001238,Galaxy M34,Android 14,5.6.2,2022-01-15T10:04:28+05:30,2026-08-06T08:33:53+05:30,false
DEV49E6FEE1,C001238,Redmi Note 13,Android 14,5.9.8,2026-08-09T09:37:51+05:30,2026-09-22T15:04:13+05:30,true
DEVD0A4D9B1,C001239,realme 12 Pro,Android 14,5.6.2,2024-09-21T18:43:32+05:30,2025-03-29T12:36:19+05:30,false
DEV01BF91AD,C001239,Galaxy A15,Android 14,5.16.1,2025-11-25T15:06:03+05:30,2026-07-15T17:53:20+05:30,true
DEV7C035106,C001240,OPPO A79,Android 14,5.15.2,2022-10-02T14:01:19+05:30,2026-07-04T08:25:11+05:30,true
DEV5F863590,C001241,OnePlus 11R,Android 15,5.6.2,2025-11-15T14:10:56+05:30,2026-04-27T14:41:05+05:30,false
DEVD4E09A65,C001241,POCO X6,Android 14,5.16.1,2025-11-19T14:49:15+05:30,2026-07-28T18:16:49+05:30,true
DEV5C97B1E9,C001242,Galaxy A15,Android 14,5.16.1,2025-12-31T11:26:17+05:30,2026-08-25T12:12:20+05:30,true
DEVAA83FB59,C001243,Redmi Note 13,Android 14,5.2.0,2025-09-18T14:31:23+05:30,2026-07-10T17:51:57+05:30,false
DEV48602E98,C001243,Redmi Note 13,Android 14,5.15.2,2026-07-27T14:01:12+05:30,2026-09-02T17:56:10+05:30,true
DEVDE7415C3,C001244,vivo Y28,Android 14,5.15.2,2021-08-04T14:05:46+05:30,2026-07-16T21:52:07+05:30,true
DEV90680537,C001245,Redmi Note 12,Android 13,5.6.2,2022-10-06T11:09:39+05:30,2026-08-19T20:21:35+05:30,false
DEV0F204C5B,C001245,Redmi 13C,Android 13,5.16.1,2026-08-23T10:11:22+05:30,2026-09-19T17:02:56+05:30,true
DEV91D8A4AE,C001246,OnePlus Nord CE4,Android 14,5.16.1,2025-08-27T12:25:21+05:30,2026-09-25T09:22:45+05:30,true
DEVCA923D3D,C001247,OnePlus Nord CE4,Android 14,5.16.1,2023-03-05T09:07:33+05:30,2026-09-03T15:09:45+05:30,true
DEVA0710CEE,C001248,POCO X6,Android 14,5.6.2,2024-01-25T18:09:51+05:30,2026-07-06T05:00:09+05:30,false
DEV52C6970C,C001248,Redmi 13C,Android 13,5.12.3,2026-07-07T15:00:09+05:30,2026-09-12T16:18:57+05:30,true
DEV2FACA5BF,C001250,Galaxy M14,Android 13,5.15.2,2026-01-26T14:13:23+05:30,2026-09-23T21:03:14+05:30,true
DEV5CE5BD47,C001251,Redmi Note 12,Android 13,5.9.8,2020-12-09T14:37:47+05:30,2022-04-14T15:02:20+05:30,false
DEV44DE84A4,C001251,Galaxy M14,Android 13,5.16.1,2024-11-25T12:01:07+05:30,2026-07-04T14:37:49+05:30,true
DEV8AF29088,C001252,moto g84,Android 14,5.12.3,2026-02-16T10:34:08+05:30,2026-09-22T17:54:26+05:30,true
DEV5150CA05,C001253,Redmi 13C,Android 13,5.12.3,2026-04-24T19:44:42+05:30,2026-09-19T14:58:33+05:30,true
DEV7F8C9DD8,C001254,iPhone 13,iOS 17.6,5.9.8,2024-09-27T14:50:12+05:30,2026-09-07T09:16:35+05:30,true
DEVFDB773C9,C001255,Galaxy M14,Android 13,5.15.2,2026-05-13T12:29:32+05:30,2026-09-20T13:46:45+05:30,true
DEV8213C607,C001256,Redmi Note 12,Android 13,5.6.2,2022-04-05T15:40:46+05:30,2022-09-12T19:55:01+05:30,false
DEV552C0DE3,C001256,OPPO A79,Android 14,5.16.1,2025-05-31T20:14:02+05:30,2026-09-26T10:12:13+05:30,true
DEV5DDB4D8D,C001257,Redmi Note 12,Android 13,5.14.0,2024-09-21T16:00:33+05:30,2026-07-23T11:01:10+05:30,true
DEVF4CEFA18,C001258,Redmi Note 12,Android 13,5.12.3,2022-06-06T15:00:07+05:30,2026-09-17T10:47:02+05:30,true
DEV4076BD34,C001260,POCO X6,Android 14,4.9.8,2023-10-17T15:28:37+05:30,2026-07-08T14:43:44+05:30,false
DEVE7B2F116,C001260,OnePlus Nord CE4,Android 14,5.15.2,2026-07-14T12:36:16+05:30,2026-08-25T14:25:33+05:30,true
DEV9A359DE9,C001261,Nokia G42,Android 13,5.14.0,2025-10-15T11:07:18+05:30,2026-08-20T20:43:34+05:30,true
DEV04D5D02E,C001262,vivo T3,Android 14,5.16.1,2024-02-02T12:34:57+05:30,2026-08-12T09:35:14+05:30,true
DEVC05B1BDE,C001263,Redmi Note 13,Android 14,5.16.1,2024-11-22T15:16:48+05:30,2026-08-18T11:46:09+05:30,true
DEV72A0568E,C001264,Galaxy A15,Android 14,5.2.0,2024-03-16T12:40:08+05:30,2026-07-31T08:25:41+05:30,false
DEV7D39F89F,C001264,Redmi Note 13,Android 14,5.16.1,2026-08-02T20:25:41+05:30,2026-08-28T22:04:04+05:30,true
DEV4F076A41,C001265,OnePlus 11R,Android 15,5.15.2,2023-08-28T20:40:00+05:30,2026-07-30T08:28:46+05:30,true
DEV52F1FDB1,C001266,Galaxy M34,Android 14,5.15.2,2024-03-29T15:00:30+05:30,2026-09-26T09:35:13+05:30,true
DEV25A16B5A,C001267,realme 12 Pro,Android 14,5.16.1,2020-06-14T13:12:57+05:30,2026-09-16T17:09:43+05:30,true
DEVAE4147A0,C001269,Galaxy A15,Android 14,5.16.1,2022-12-26T20:40:51+05:30,2026-09-25T11:06:53+05:30,true
DEV29811A8D,C001270,moto g54,Android 14,5.12.3,2025-01-04T09:45:07+05:30,2026-09-06T15:11:46+05:30,true
DEV364CA6AA,C001271,OnePlus Nord CE4,Android 14,5.15.2,2023-10-21T20:25:13+05:30,2026-07-04T20:10:36+05:30,true
DEV6CDE5128,C001272,Redmi Note 12,Android 13,5.2.0,2022-07-17T11:50:30+05:30,2024-04-28T13:17:36+05:30,false
DEV6CFD78AF,C001272,realme 12 Pro,Android 14,5.12.3,2024-11-16T10:28:50+05:30,2026-07-31T07:59:33+05:30,true
DEVAD2BE9ED,C001273,moto g54,Android 14,5.16.1,2025-11-02T10:16:56+05:30,2026-09-12T14:26:13+05:30,true
DEV3E1A8CB6,C001274,iPhone 14,iOS 18.1,5.16.1,2024-01-01T19:00:39+05:30,2026-09-13T09:48:14+05:30,true
DEV9CA30499,C001275,Galaxy A15,Android 14,5.12.3,2020-09-20T09:45:31+05:30,2026-09-26T10:14:51+05:30,true
DEV4692E6E1,C001276,vivo Y28,Android 14,5.15.2,2025-05-25T20:01:56+05:30,2026-07-10T09:38:18+05:30,true
DEV76019398,C001277,vivo T3,Android 14,5.9.8,2026-03-14T12:07:41+05:30,2026-09-13T10:50:49+05:30,true
DEVF7C2E517,C001278,realme 12 Pro,Android 14,5.15.2,2025-03-19T11:26:01+05:30,2026-06-29T10:05:54+05:30,true
DEV1063C3EE,C001279,iPhone 15,iOS 18.5,5.16.1,2026-06-05T09:57:34+05:30,2026-08-28T14:26:17+05:30,true
DEVFE39FA90,C001282,POCO X6,Android 14,5.6.2,2025-11-29T11:48:27+05:30,2026-08-08T06:58:11+05:30,false
DEVB75D86E3,C001282,realme 12 Pro,Android 14,5.16.1,2026-08-09T12:58:11+05:30,2026-09-14T08:55:07+05:30,true
DEV8E7BF9AC,C001283,iPhone 14,iOS 18.1,5.15.2,2025-12-10T18:38:04+05:30,2026-09-02T10:33:30+05:30,true
DEVE3BC06B5,C001284,iPhone 13,iOS 17.6,5.12.3,2026-02-10T20:51:35+05:30,2026-09-08T08:41:12+05:30,true
DEV620D8665,C001285,vivo Y28,Android 14,5.15.2,2025-07-24T12:20:12+05:30,2026-09-18T13:55:12+05:30,true
DEV2705A1A6,C001286,iPhone 15,iOS 18.5,5.14.0,2023-07-29T10:06:11+05:30,2026-09-25T10:38:06+05:30,true
DEV3D5B089D,C001288,Galaxy A15,Android 14,5.14.0,2021-10-27T13:47:16+05:30,2026-09-19T20:15:49+05:30,true
DEV4F3816B4,C001289,iPhone 13,iOS 17.6,5.9.8,2024-03-02T20:50:41+05:30,2026-09-06T20:10:55+05:30,true
DEV80CD7BA5,C001290,Redmi Note 13,Android 14,5.16.1,2024-10-30T17:59:45+05:30,2026-09-15T22:01:18+05:30,true
DEV63AFE729,C001291,Galaxy A15,Android 14,5.2.0,2023-02-15T19:52:33+05:30,2024-11-26T20:26:15+05:30,false
DEV8EE7A895,C001291,vivo T3,Android 14,5.16.1,2025-01-21T18:10:21+05:30,2026-09-08T21:08:12+05:30,true
DEVB7B42527,C001292,POCO X6,Android 14,5.15.2,2023-10-02T12:03:01+05:30,2026-09-24T21:15:20+05:30,true
DEVD47FF8A8,C001293,Redmi 13C,Android 13,5.9.8,2023-01-13T14:34:53+05:30,2023-07-01T12:54:08+05:30,false
DEVB3CA1C1E,C001293,Redmi Note 13,Android 14,5.16.1,2023-08-11T13:12:08+05:30,2026-08-28T23:04:53+05:30,true
DEVEEB1BB7C,C001294,Galaxy S23,Android 15,5.9.8,2020-06-15T13:16:55+05:30,2022-08-11T16:00:51+05:30,false
DEV33460741,C001294,realme 12 Pro,Android 14,5.12.3,2024-04-01T09:16:37+05:30,2026-08-01T10:32:30+05:30,true
DEVDB9F887F,C001297,Redmi Note 13,Android 14,5.15.2,2026-05-25T10:53:51+05:30,2026-07-16T09:57:15+05:30,true
DEVDBF66BC8,C001299,realme 12 Pro,Android 14,5.9.8,2025-11-06T17:13:25+05:30,2026-08-12T13:52:13+05:30,true
DEV02E8D870,C001301,Nokia G42,Android 13,5.12.3,2026-02-23T11:25:05+05:30,2026-09-03T21:25:52+05:30,true
DEV5C2AFDFA,C001302,realme 12 Pro,Android 14,5.15.2,2023-04-25T19:15:34+05:30,2026-07-08T11:47:44+05:30,true
DEV5CFF7838,C001303,OPPO A79,Android 14,5.9.8,2023-01-29T11:05:28+05:30,2024-05-01T10:34:35+05:30,false
DEV47BC0C0C,C001303,Galaxy A54,Android 14,5.14.0,2022-08-30T15:19:21+05:30,2026-09-17T15:45:46+05:30,true
DEV74C73C62,C001304,realme 12 Pro,Android 14,5.15.2,2022-01-08T09:22:15+05:30,2026-07-24T16:39:59+05:30,true
DEV3E2250BA,C001305,Galaxy S23,Android 15,5.16.1,2024-08-05T14:04:47+05:30,2026-07-29T09:29:06+05:30,true
DEV6BF5C7B2,C001308,Galaxy M14,Android 13,4.9.8,2025-09-24T16:37:46+05:30,2026-05-03T15:51:13+05:30,false
DEV3F4AFDC5,C001308,iQOO Z9,Android 14,5.15.2,2026-05-27T17:34:48+05:30,2026-08-02T13:58:53+05:30,true
DEV3AC371DA,C001309,Redmi Note 12,Android 13,5.6.2,2021-11-08T09:27:24+05:30,2026-09-14T18:11:52+05:30,false
DEVA83A7677,C001309,vivo T3,Android 14,5.15.2,2026-09-16T10:25:09+05:30,2026-09-23T09:10:05+05:30,true
DEV63BA5CAD,C001310,vivo Y28,Android 14,5.9.8,2021-03-03T20:44:14+05:30,2026-07-19T18:50:52+05:30,false
DEV5B6064EA,C001310,iPhone 13,iOS 17.6,5.15.2,2026-07-26T12:01:53+05:30,2026-09-19T15:14:21+05:30,true
DEVDF2869EB,C001311,realme narzo 60,Android 13,5.9.8,2026-03-06T11:23:53+05:30,2026-08-02T19:41:57+05:30,true
DEV555E5D52,C001312,moto g54,Android 14,5.16.1,2023-11-11T12:13:51+05:30,2026-09-16T11:03:35+05:30,true
DEVA60D5B92,C001313,Redmi 13C,Android 13,5.16.1,2026-01-31T09:10:47+05:30,2026-09-16T21:32:01+05:30,true
DEVF26102E9,C001314,iPhone 11,iOS 17.5,5.15.2,2024-05-05T13:46:43+05:30,2026-08-22T12:11:10+05:30,true
DEV40538140,C001315,Galaxy A54,Android 14,5.16.1,2021-06-18T15:55:58+05:30,2026-09-07T12:26:13+05:30,true
DEVF72411CB,C001319,Redmi Note 13,Android 14,5.16.1,2025-01-20T15:44:48+05:30,2026-09-19T20:10:38+05:30,true
DEV60E30D1F,C001320,realme 12 Pro,Android 14,5.6.2,2020-09-01T17:30:29+05:30,2026-07-07T15:36:29+05:30,false
DEV9D069432,C001320,Redmi Note 13,Android 14,5.16.1,2026-07-18T13:20:15+05:30,2026-07-21T15:22:17+05:30,true
DEV4F50B79C,C001321,vivo T3,Android 14,5.14.0,2025-09-03T09:53:14+05:30,2026-09-09T14:24:17+05:30,true
DEV931A3AB2,C001323,Galaxy A15,Android 14,5.14.0,2025-11-07T20:30:54+05:30,2026-08-14T15:22:38+05:30,true
DEV07769FE0,C001324,Redmi Note 13,Android 14,5.6.2,2022-01-18T19:50:26+05:30,2026-08-08T17:27:58+05:30,false
DEV90D95A7D,C001324,Redmi Note 12,Android 13,5.15.2,2026-08-16T10:28:29+05:30,2026-08-19T20:10:50+05:30,true
DEV0115AC09,C001327,iPhone 15,iOS 18.5,5.15.2,2023-10-04T13:07:26+05:30,2026-07-31T22:04:21+05:30,true
DEV45A193F0,C001328,Galaxy A15,Android 14,5.15.2,2021-02-27T16:21:23+05:30,2026-09-02T08:57:08+05:30,true
DEVBBF05390,C001329,realme 12 Pro,Android 14,5.12.3,2022-10-16T20:19:22+05:30,2026-07-04T20:32:46+05:30,true
DEVD10A8546,C001330,Galaxy M34,Android 14,5.14.0,2023-12-20T16:46:42+05:30,2026-08-02T22:43:55+05:30,true
DEVFC090E3B,C001332,iPhone 15,iOS 18.5,5.2.0,2022-06-21T12:23:53+05:30,2023-08-16T17:01:35+05:30,false
DEVCB12D912,C001332,Galaxy M34,Android 14,5.15.2,2023-12-17T16:04:18+05:30,2026-09-15T20:01:17+05:30,true
DEVB2D3AE03,C001333,OnePlus Nord CE4,Android 14,5.15.2,2022-12-27T16:18:47+05:30,2026-09-20T17:07:58+05:30,true
DEV455D063F,C001334,OnePlus Nord CE4,Android 14,5.9.8,2026-02-13T15:56:02+05:30,2026-05-06T15:25:35+05:30,false
DEV26496D47,C001334,Galaxy M14,Android 13,5.15.2,2026-04-22T20:22:12+05:30,2026-09-10T21:49:29+05:30,true
DEV6C873E89,C001335,Redmi Note 12,Android 13,5.6.2,2025-07-06T18:11:54+05:30,2026-07-20T15:41:45+05:30,false
DEV9E4A6676,C001335,vivo T3,Android 14,5.14.0,2026-07-20T18:11:49+05:30,2026-09-18T16:00:56+05:30,true
DEV39316C0D,C001336,Redmi Note 12,Android 13,5.14.0,2024-08-27T09:25:27+05:30,2026-09-25T19:39:30+05:30,true
DEVB4DD33EB,C001337,Redmi Note 13,Android 14,5.16.1,2025-02-11T15:33:16+05:30,2026-08-06T11:12:45+05:30,true
DEVA637CF49,C001338,OnePlus Nord CE4,Android 14,5.14.0,2026-04-26T16:26:17+05:30,2026-09-23T11:28:37+05:30,true
DEVA4EFB510,C001339,iPhone 11,iOS 17.5,5.16.1,2021-08-08T19:35:40+05:30,2026-08-31T13:24:53+05:30,true
DEV8AAB7B79,C001340,Nokia G42,Android 13,5.16.1,2026-05-19T14:03:27+05:30,2026-09-19T10:47:19+05:30,true
DEV5856AFA0,C001341,Galaxy M14,Android 13,5.15.2,2022-02-08T15:18:43+05:30,2026-09-15T17:34:44+05:30,true
DEVA880165E,C001342,Galaxy A15,Android 14,5.16.1,2020-12-15T09:51:06+05:30,2026-08-12T20:54:08+05:30,true
DEVAAEAF62F,C001347,OnePlus Nord CE4,Android 14,5.14.0,2025-06-15T20:07:25+05:30,2026-08-24T12:48:26+05:30,true
DEV20EB3C0F,C001348,Galaxy M34,Android 14,4.9.8,2024-01-30T15:59:40+05:30,2026-07-16T09:52:47+05:30,false
DEVAA66093F,C001348,iPhone 14,iOS 18.1,5.9.8,2026-07-26T15:49:57+05:30,2026-08-15T18:54:41+05:30,true
DEVF2C14AF4,C001349,Redmi Note 12,Android 13,5.9.8,2024-06-21T10:21:12+05:30,2026-07-08T13:28:19+05:30,false
DEVD456A126,C001349,moto g84,Android 14,5.14.0,2026-07-09T16:09:29+05:30,2026-09-20T12:13:46+05:30,true
DEV6D714AF6,C001351,Redmi Note 12,Android 13,5.12.3,2021-01-19T17:39:35+05:30,2026-09-11T20:22:24+05:30,true
DEVD0FC2598,C001352,Redmi Note 13,Android 14,4.9.8,2025-03-28T20:20:31+05:30,2026-08-19T22:31:43+05:30,false
DEV173853ED,C001352,OPPO A79,Android 14,5.15.2,2026-08-30T09:05:46+05:30,2026-09-13T12:59:54+05:30,true
DEV00560221,C001353,OnePlus Nord CE4,Android 14,5.9.8,2025-08-08T13:12:48+05:30,2026-07-14T01:57:13+05:30,false
DEV31783782,C001353,realme 12 Pro,Android 14,5.15.2,2026-07-14T09:57:13+05:30,2026-09-05T19:56:03+05:30,true
DEV6FDEA980,C001355,moto g84,Android 14,5.9.8,2021-04-30T14:27:33+05:30,2021-09-27T14:38:40+05:30,false
DEV3EB46887,C001355,Galaxy A15,Android 14,5.16.1,2023-07-02T19:33:40+05:30,2026-07-27T15:40:49+05:30,true
DEVBA5579BD,C001357,vivo T3,Android 14,5.2.0,2024-06-21T18:56:11+05:30,2025-07-26T20:39:46+05:30,false
DEV1BC52E87,C001357,Redmi Note 13,Android 14,5.14.0,2025-07-17T17:02:10+05:30,2026-09-24T11:20:23+05:30,true
DEV3D3F803C,C001358,Galaxy A15,Android 14,5.15.2,2025-02-23T09:00:36+05:30,2026-09-20T10:55:17+05:30,true
DEV5BB117A6,C001359,vivo T3,Android 14,5.16.1,2023-03-31T16:21:49+05:30,2026-09-18T12:21:40+05:30,true
DEVB40FD206,C001360,iQOO Z9,Android 14,5.14.0,2025-12-02T11:12:56+05:30,2026-09-07T20:45:11+05:30,true
DEV5B3B17D8,C001362,OnePlus Nord CE4,Android 14,5.14.0,2026-04-01T18:27:12+05:30,2026-09-20T20:36:07+05:30,true
DEV273BD248,C001363,Redmi Note 12,Android 13,5.15.2,2024-08-19T09:09:22+05:30,2026-09-04T15:53:39+05:30,true
DEVF5735332,C001365,Redmi Note 13,Android 14,5.16.1,2024-05-27T10:28:38+05:30,2026-07-05T09:09:06+05:30,true
DEV9EA21A3E,C001366,Galaxy M14,Android 13,5.14.0,2025-06-12T16:37:38+05:30,2026-09-24T19:15:40+05:30,true
DEV941B95A2,C001367,Redmi Note 13,Android 14,5.16.1,2025-02-25T18:49:45+05:30,2026-09-21T19:58:48+05:30,true
DEVAAA714C2,C001368,Redmi Note 13,Android 14,5.14.0,2022-11-17T15:35:20+05:30,2026-07-06T11:49:37+05:30,true
DEVE3C3B50B,C001369,iPhone 15,iOS 18.5,5.15.2,2026-02-15T14:09:11+05:30,2026-09-18T14:59:28+05:30,true
DEV72E8AEA8,C001370,realme narzo 60,Android 13,5.2.0,2021-01-27T13:35:57+05:30,2026-07-20T14:02:20+05:30,false
DEV0E06DEBB,C001370,Galaxy S23,Android 15,5.16.1,2026-07-23T11:02:20+05:30,2026-09-15T07:27:42+05:30,true
DEV97EEE19A,C001371,iPhone 13,iOS 17.6,5.6.2,2025-05-02T10:35:20+05:30,2025-08-16T14:29:21+05:30,false
DEV1DD983CE,C001371,Galaxy M34,Android 14,5.14.0,2025-11-19T12:10:13+05:30,2026-09-22T13:35:18+05:30,true
DEVE38B0F35,C001372,Redmi Note 13,Android 14,5.2.0,2024-06-10T15:36:05+05:30,2026-08-09T20:00:09+05:30,false
DEV4542C3C0,C001372,OnePlus Nord CE4,Android 14,5.12.3,2026-08-10T17:59:08+05:30,2026-09-05T16:07:28+05:30,true
DEVB9CF50AA,C001373,Galaxy M14,Android 13,5.15.2,2020-08-16T16:25:49+05:30,2026-08-20T09:38:06+05:30,true
DEVED8D72D7,C001374,Galaxy S23,Android 15,5.15.2,2025-02-05T19:21:25+05:30,2026-07-04T23:04:55+05:30,true
DEV8992C347,C001375,realme 12 Pro,Android 14,4.9.8,2023-02-12T09:23:43+05:30,2026-07-25T15:45:37+05:30,false
DEV36D291A6,C001375,iQOO Z9,Android 14,5.14.0,2026-08-17T14:56:31+05:30,2026-09-19T16:34:06+05:30,true
DEV5C5FF476,C001376,OnePlus Nord CE4,Android 14,5.12.3,2025-03-24T16:34:48+05:30,2026-07-08T09:50:35+05:30,true
DEV16194954,C001377,Galaxy M34,Android 14,5.6.2,2026-02-19T19:27:25+05:30,2026-07-10T19:15:20+05:30,false
DEV67FB1B0A,C001377,Redmi Note 13,Android 14,5.16.1,2026-08-07T18:19:29+05:30,2026-09-17T19:57:57+05:30,true
DEV12E6C90F,C001378,realme narzo 60,Android 13,5.15.2,2024-11-08T14:38:05+05:30,2026-08-08T17:54:23+05:30,true
DEVBA025A11,C001379,Redmi Note 12,Android 13,5.16.1,2025-06-23T15:37:50+05:30,2026-09-16T21:12:45+05:30,true
DEVCEB34D07,C001380,vivo T3,Android 14,5.2.0,2026-02-22T14:13:17+05:30,2026-07-26T17:15:03+05:30,false
DEV3CD873BD,C001380,OPPO A79,Android 14,5.16.1,2026-07-29T17:15:03+05:30,2026-09-23T12:10:15+05:30,true
DEV79C80E92,C001381,vivo T3,Android 14,4.9.8,2020-08-06T15:41:34+05:30,2025-04-06T14:59:19+05:30,false
DEV9D49E62E,C001381,Redmi Note 13,Android 14,5.16.1,2023-09-02T15:41:33+05:30,2026-09-13T20:13:12+05:30,true
DEV3ADF12B0,C001382,moto g84,Android 14,5.16.1,2026-02-14T13:11:38+05:30,2026-08-09T12:04:59+05:30,true
DEV2D09FB48,C001383,OnePlus Nord CE4,Android 14,5.16.1,2026-04-24T09:03:29+05:30,2026-07-22T09:30:51+05:30,true
DEV71365725,C001384,Redmi Note 13,Android 14,5.15.2,2022-11-07T17:22:33+05:30,2026-08-23T18:21:43+05:30,true
DEVF849E876,C001385,Redmi Note 13,Android 14,5.2.0,2025-02-20T19:24:43+05:30,2026-09-01T12:10:29+05:30,false
DEV3DDCB58D,C001385,realme 12 Pro,Android 14,5.16.1,2026-09-10T09:27:08+05:30,2026-09-20T10:47:26+05:30,true
DEV00D3C46D,C001388,Galaxy A15,Android 14,5.2.0,2025-04-02T19:38:51+05:30,2026-08-05T20:03:28+05:30,false
DEVB9CF8EB2,C001388,Redmi Note 13,Android 14,5.12.3,2026-08-27T20:32:08+05:30,2026-09-07T13:25:55+05:30,true
DEV11F4A9F5,C001389,POCO X6,Android 14,5.16.1,2026-01-10T12:03:51+05:30,2026-09-22T17:59:36+05:30,true
DEV17185945,C001390,Galaxy A15,Android 14,5.15.2,2023-01-04T09:13:37+05:30,2026-09-04T10:12:03+05:30,true
DEV470877B5,C001393,iPhone 13,iOS 17.6,5.2.0,2024-09-27T18:19:52+05:30,2026-05-29T10:26:06+05:30,false
DEV213E04D5,C001393,Galaxy A54,Android 14,5.16.1,2023-12-19T14:20:25+05:30,2026-09-22T21:23:19+05:30,true
DEV906AE0DB,C001394,Galaxy A54,Android 14,5.15.2,2024-01-29T20:55:48+05:30,2026-09-18T08:13:47+05:30,true
DEVB28967C6,C001395,iQOO Z9,Android 14,5.6.2,2025-06-30T14:41:56+05:30,2026-09-09T10:46:10+05:30,false
DEVC879D764,C001395,Galaxy M34,Android 14,5.15.2,2026-09-12T09:21:04+05:30,2026-09-15T16:50:10+05:30,true
DEVFC23EE18,C001396,OnePlus Nord CE4,Android 14,5.16.1,2025-08-21T11:41:08+05:30,2026-08-16T21:53:16+05:30,true
DEVDD7C545B,C001397,iPhone 14,iOS 18.1,5.2.0,2024-01-17T12:18:45+05:30,2026-08-15T05:30:40+05:30,false
DEVA7951A5A,C001397,vivo T3,Android 14,5.16.1,2026-08-16T10:30:40+05:30,2026-09-10T14:58:08+05:30,true
DEV30CA0ADF,C001398,realme 12 Pro,Android 14,5.16.1,2024-09-15T17:11:48+05:30,2026-07-20T21:19:02+05:30,true
DEV69501888,C001400,vivo Y28,Android 14,4.9.8,2021-11-04T13:45:22+05:30,2026-07-26T11:23:41+05:30,false
DEV96642BDB,C001400,realme narzo 60,Android 13,5.16.1,2026-07-29T18:01:20+05:30,2026-09-21T18:11:41+05:30,true
DEV18E8BEF8,C001401,realme narzo 60,Android 13,5.14.0,2021-01-27T09:31:21+05:30,2026-09-26T10:04:52+05:30,true
DEVCFC0F3C6,C001404,iPhone 13,iOS 17.6,5.9.8,2023-02-21T10:17:45+05:30,2025-05-03T12:47:50+05:30,false
DEV4FB20207,C001404,OnePlus Nord CE4,Android 14,5.14.0,2026-02-16T13:02:05+05:30,2026-09-03T10:34:53+05:30,true
DEVAE7A384F,C001405,Galaxy S23,Android 15,5.15.2,2023-09-17T16:23:49+05:30,2026-09-09T23:00:10+05:30,true
DEVA87C247B,C001406,Galaxy A15,Android 14,5.15.2,2025-02-16T14:33:07+05:30,2026-07-30T22:17:38+05:30,true
DEV39A8B7AE,C001407,Redmi 13C,Android 13,5.16.1,2021-01-25T18:59:45+05:30,2026-08-29T08:53:19+05:30,true
DEVABA781E3,C001408,Redmi Note 12,Android 13,5.16.1,2023-10-07T15:15:32+05:30,2026-09-19T13:27:00+05:30,true
DEV84C86EB5,C001409,Redmi 13C,Android 13,5.9.8,2026-01-05T17:52:16+05:30,2026-09-16T18:50:47+05:30,true
DEV4257144C,C001410,Galaxy M34,Android 14,5.2.0,2022-12-06T13:08:01+05:30,2026-07-18T06:23:33+05:30,false
DEV9BC1C0EB,C001410,Redmi Note 13,Android 14,5.12.3,2026-07-20T14:23:33+05:30,2026-09-10T20:56:40+05:30,true
DEV22279E7D,C001411,vivo Y28,Android 14,5.9.8,2022-05-24T18:06:06+05:30,2024-01-04T16:51:44+05:30,false
DEV0301EBC0,C001411,Redmi Note 13,Android 14,5.14.0,2023-01-31T11:09:03+05:30,2026-09-22T13:54:26+05:30,true
DEV4E9B60BE,C001412,Galaxy A15,Android 14,5.15.2,2026-03-13T10:59:43+05:30,2026-08-16T18:51:43+05:30,true
DEV282369DA,C001413,Galaxy A15,Android 14,5.15.2,2025-04-30T15:12:40+05:30,2026-09-11T16:10:12+05:30,true
DEV0EBB1C30,C001414,moto g84,Android 14,5.12.3,2024-05-18T12:30:51+05:30,2026-09-17T11:02:22+05:30,true
DEV7201691E,C001415,Redmi Note 12,Android 13,5.14.0,2024-03-25T17:16:49+05:30,2026-08-03T19:53:28+05:30,true
DEVA2CFF270,C001417,vivo Y28,Android 14,5.16.1,2025-12-25T13:21:38+05:30,2026-09-03T13:36:17+05:30,true
DEV256329BB,C001418,vivo T3,Android 14,5.12.3,2022-01-21T20:08:53+05:30,2026-09-09T11:31:49+05:30,true
DEVE6A82339,C001419,OnePlus Nord CE4,Android 14,5.2.0,2023-08-13T17:35:00+05:30,2026-05-25T14:17:56+05:30,false
DEV3E837A24,C001419,OPPO A79,Android 14,5.16.1,2024-06-15T20:06:26+05:30,2026-09-21T11:34:25+05:30,true
DEV45334C92,C001421,moto g54,Android 14,5.16.1,2023-07-29T19:31:44+05:30,2026-07-26T18:38:56+05:30,true
DEV7CB78F00,C001422,vivo Y28,Android 14,5.16.1,2022-08-12T14:24:15+05:30,2026-09-03T10:00:19+05:30,true
DEV4E44EB20,C001423,Redmi Note 13,Android 14,5.16.1,2024-04-04T14:52:02+05:30,2026-09-19T12:21:25+05:30,true
DEV36B7567A,C001424,POCO X6,Android 14,5.6.2,2024-03-31T20:53:38+05:30,2026-07-25T08:30:10+05:30,false
DEV59A4FD9F,C001424,vivo Y28,Android 14,5.12.3,2026-08-03T10:29:38+05:30,2026-09-25T09:10:02+05:30,true
DEVA968208E,C001425,Galaxy A15,Android 14,5.9.8,2025-05-07T20:40:17+05:30,2025-08-07T14:33:40+05:30,false
DEV8EE57B2F,C001425,Redmi Note 13,Android 14,5.15.2,2025-08-14T11:57:50+05:30,2026-09-13T17:56:10+05:30,true
DEV1A234851,C001426,POCO X6,Android 14,5.15.2,2026-02-07T09:20:32+05:30,2026-09-22T11:08:56+05:30,true
DEV29A76113,C001427,vivo T3,Android 14,5.9.8,2023-11-26T15:01:29+05:30,2024-07-26T12:58:43+05:30,false
DEV3B144671,C001427,Galaxy M34,Android 14,5.16.1,2025-12-27T09:18:31+05:30,2026-09-25T09:40:07+05:30,true
DEV9AD581DE,C001428,iPhone 13,iOS 17.6,5.16.1,2025-06-05T20:48:49+05:30,2026-07-21T12:04:26+05:30,true
DEV85BC5EB7,C001430,iPhone 11,iOS 17.5,5.16.1,2026-03-22T11:45:58+05:30,2026-09-26T10:26:27+05:30,true
DEVACED20A4,C001431,Redmi 13C,Android 13,5.16.1,2024-01-09T19:42:02+05:30,2026-09-23T21:05:56+05:30,true
DEV28E0FBC2,C001432,Galaxy A15,Android 14,5.9.8,2023-03-13T13:29:46+05:30,2023-08-28T19:55:41+05:30,false
DEV2BAC62A1,C001432,vivo T3,Android 14,5.15.2,2022-06-02T16:20:34+05:30,2026-08-27T17:14:14+05:30,true
DEV6BFDFE72,C001433,Galaxy M34,Android 14,5.15.2,2025-03-04T10:27:40+05:30,2026-08-21T09:45:55+05:30,true
DEV19089EFF,C001434,Redmi Note 12,Android 13,4.9.8,2025-01-01T12:38:03+05:30,2025-10-09T10:10:38+05:30,false
DEVC8FFB2CB,C001434,OnePlus Nord CE4,Android 14,5.15.2,2023-09-22T14:41:30+05:30,2026-09-22T13:33:49+05:30,true
DEV37C22393,C001435,POCO X6,Android 14,5.9.8,2020-07-07T16:30:50+05:30,2026-09-26T10:31:39+05:30,true
DEV575254B9,C001436,OnePlus Nord CE4,Android 14,5.16.1,2024-12-26T10:39:45+05:30,2026-07-14T19:02:21+05:30,true
DEV314AA5ED,C001437,iPhone 14,iOS 18.1,5.9.8,2025-03-13T16:34:55+05:30,2026-08-15T14:04:48+05:30,false
DEV18536027,C001437,Galaxy A15,Android 14,5.15.2,2026-08-19T12:29:31+05:30,2026-09-12T18:39:30+05:30,true
DEV803DF0CD,C001438,Galaxy A15,Android 14,5.16.1,2024-07-25T15:07:22+05:30,2026-07-27T14:11:21+05:30,true
DEV76ABBD77,C001439,Redmi Note 13,Android 14,5.15.2,2026-03-30T13:27:29+05:30,2026-09-20T20:35:55+05:30,true
DEV4AAAC305,C001440,Redmi Note 13,Android 14,5.16.1,2021-10-08T14:19:01+05:30,2026-07-03T17:59:05+05:30,true
DEV7888186E,C001441,Galaxy M14,Android 13,4.9.8,2023-04-24T13:25:25+05:30,2023-12-05T16:52:11+05:30,false
DEVF7B046B2,C001441,Galaxy M34,Android 14,5.9.8,2024-04-15T11:43:04+05:30,2026-09-24T19:16:39+05:30,true
DEV17212DD6,C001443,iQOO Z9,Android 14,4.9.8,2025-12-08T11:32:10+05:30,2026-08-23T13:24:01+05:30,false
DEV66AA091A,C001443,Galaxy M14,Android 13,5.14.0,2026-08-26T12:24:01+05:30,2026-09-17T08:38:18+05:30,true
DEV66AF1608,C001444,iPhone 13,iOS 17.6,5.15.2,2023-10-10T16:31:40+05:30,2026-09-06T16:52:30+05:30,true
DEV576A877E,C001445,Galaxy A15,Android 14,5.9.8,2025-05-12T17:46:51+05:30,2026-07-09T08:35:55+05:30,false
DEV073524A2,C001445,OPPO A79,Android 14,5.15.2,2026-07-14T16:05:15+05:30,2026-09-18T11:31:45+05:30,true
DEV9720A6F6,C001448,vivo Y28,Android 14,5.15.2,2026-03-20T11:43:55+05:30,2026-09-10T11:42:40+05:30,true
DEVE2BB7506,C001450,vivo Y28,Android 14,5.15.2,2025-07-08T13:16:13+05:30,2026-07-22T09:30:48+05:30,true
DEV22309939,C001451,OnePlus Nord CE4,Android 14,5.16.1,2024-10-12T18:51:11+05:30,2026-07-25T22:52:31+05:30,true
DEV029410A9,C001452,Redmi Note 13,Android 14,5.16.1,2022-07-15T13:22:52+05:30,2026-07-02T23:19:00+05:30,true
DEV70523EC5,C001453,realme narzo 60,Android 13,5.14.0,2025-11-20T15:34:59+05:30,2026-09-16T19:50:05+05:30,true
DEV7D03F981,C001454,Redmi 13C,Android 13,5.16.1,2021-07-22T11:54:18+05:30,2026-09-17T09:05:39+05:30,true
DEVA8105B58,C001455,Redmi Note 12,Android 13,5.16.1,2022-08-22T10:24:37+05:30,2026-07-31T21:45:00+05:30,true
DEV18181E05,C001457,Redmi Note 12,Android 13,5.12.3,2021-05-04T20:07:46+05:30,2026-09-14T18:08:56+05:30,true
DEV7E625247,C001458,OnePlus Nord CE4,Android 14,5.9.8,2025-05-04T14:25:19+05:30,2025-12-27T12:36:15+05:30,false
DEVFFF2A792,C001458,iPhone 13,iOS 17.6,5.15.2,2023-04-01T12:12:57+05:30,2026-09-01T10:57:39+05:30,true
DEVFA106483,C001459,Redmi Note 12,Android 13,5.15.2,2025-07-03T13:31:13+05:30,2026-07-31T20:21:43+05:30,true
DEV5F97E643,C001463,Galaxy M34,Android 14,4.9.8,2023-09-05T19:30:07+05:30,2025-01-13T11:29:03+05:30,false
DEV8EC021A9,C001463,iPhone 14,iOS 18.1,5.15.2,2024-12-22T14:30:00+05:30,2026-09-11T08:55:12+05:30,true
DEV0FAD8E2F,C001464,Galaxy S23,Android 15,5.16.1,2025-08-25T17:18:17+05:30,2026-09-26T08:16:07+05:30,true
DEV6674DFE5,C001465,Redmi 13C,Android 13,5.16.1,2021-11-11T13:50:24+05:30,2026-07-04T12:31:54+05:30,true
DEV5A46BF66,C001466,vivo T3,Android 14,5.16.1,2022-05-21T12:22:33+05:30,2026-09-14T19:36:46+05:30,true
DEV8AB3B337,C001467,Redmi Note 13,Android 14,5.16.1,2023-01-19T18:24:33+05:30,2026-09-20T11:01:51+05:30,true
DEVAA2B8F9F,C001468,Galaxy A15,Android 14,5.14.0,2025-01-26T14:12:15+05:30,2026-09-25T14:47:21+05:30,true
DEVCE64C92F,C001469,vivo T3,Android 14,4.9.8,2026-01-21T09:46:19+05:30,2026-07-07T20:30:33+05:30,false
DEVA178F71C,C001469,Redmi Note 13,Android 14,5.16.1,2026-07-23T17:41:01+05:30,2026-09-18T16:14:46+05:30,true
DEV5F71B53A,C001471,Redmi Note 13,Android 14,5.9.8,2026-03-19T18:46:18+05:30,2026-09-16T11:28:48+05:30,true
DEV572122F9,C001472,POCO X6,Android 14,5.9.8,2022-11-27T15:51:03+05:30,2026-08-06T19:57:26+05:30,false
DEV285D6108,C001472,vivo Y28,Android 14,5.12.3,2026-08-21T14:45:41+05:30,2026-09-03T12:51:00+05:30,true
DEV0FB75A9D,C001473,OPPO A79,Android 14,5.12.3,2025-10-08T13:51:22+05:30,2026-09-10T21:32:42+05:30,true
DEV536E6CA1,C001475,iPhone 14,iOS 18.1,5.15.2,2025-01-16T11:19:29+05:30,2026-09-22T09:32:39+05:30,true
DEVB819F1AD,C001476,realme 12 Pro,Android 14,5.15.2,2022-07-23T19:28:36+05:30,2026-09-03T23:01:21+05:30,true
DEVE4C16808,C001477,Galaxy A15,Android 14,5.12.3,2026-02-10T10:38:40+05:30,2026-07-27T17:52:49+05:30,true
DEVCA56BF56,C001478,Galaxy S23,Android 15,5.16.1,2023-01-20T17:05:18+05:30,2026-09-21T21:23:10+05:30,true
DEVC95D6548,C001479,OPPO A79,Android 14,5.16.1,2023-11-19T20:34:55+05:30,2026-09-24T16:25:27+05:30,true
DEVED799D57,C001480,realme 12 Pro,Android 14,5.16.1,2026-02-19T15:37:00+05:30,2026-09-24T23:12:16+05:30,true
DEVF77B3FF6,C001481,Redmi Note 12,Android 13,5.15.2,2025-08-04T12:07:50+05:30,2026-09-20T17:47:12+05:30,true
DEV5622CF4B,C001482,Redmi Note 13,Android 14,5.16.1,2024-10-23T13:13:43+05:30,2026-09-25T13:37:45+05:30,true
DEVC92E54CC,C001484,Galaxy A54,Android 14,5.9.8,2025-04-08T11:21:29+05:30,2025-07-25T09:17:42+05:30,false
DEV76380CD3,C001484,Redmi Note 13,Android 14,5.12.3,2021-10-30T18:13:52+05:30,2026-09-18T12:09:09+05:30,true
DEV23811226,C001485,Redmi Note 13,Android 14,5.15.2,2020-06-13T10:22:15+05:30,2026-08-07T23:12:19+05:30,true
DEVBF24964B,C001486,iPhone 13,iOS 17.6,5.16.1,2026-03-14T19:14:27+05:30,2026-09-07T07:56:31+05:30,true
DEV1A24158B,C001487,Redmi Note 12,Android 13,5.14.0,2025-09-19T10:35:33+05:30,2026-09-07T19:43:55+05:30,true
DEVDFDC9E86,C001488,vivo Y28,Android 14,5.16.1,2022-11-01T13:33:46+05:30,2026-09-03T10:47:10+05:30,true
DEV21C1811E,C001489,Galaxy S23,Android 15,5.9.8,2022-07-19T11:02:24+05:30,2026-06-30T17:42:59+05:30,true
DEVFE81E2C9,C001490,realme 12 Pro,Android 14,5.12.3,2025-06-22T10:41:17+05:30,2026-07-08T08:44:58+05:30,true
DEVB7283671,C001493,Galaxy M34,Android 14,5.2.0,2023-03-28T14:20:36+05:30,2026-01-25T17:45:54+05:30,false
DEV869D3A5E,C001493,moto g84,Android 14,5.12.3,2022-08-29T12:15:40+05:30,2026-09-18T09:53:45+05:30,true
DEVC9F09D47,C001494,OnePlus Nord CE4,Android 14,5.9.8,2024-12-03T10:02:22+05:30,2025-08-18T13:21:57+05:30,false
DEV42A250A6,C001494,OPPO A79,Android 14,5.15.2,2025-09-18T18:43:47+05:30,2026-09-10T11:16:42+05:30,true
DEVF907DF7F,C001495,Redmi Note 12,Android 13,5.15.2,2024-08-12T14:41:43+05:30,2026-09-20T21:09:03+05:30,true
DEVD3642D05,C001496,Redmi Note 12,Android 13,5.15.2,2021-10-06T16:50:00+05:30,2026-09-11T17:23:06+05:30,true
DEV8BC93222,C001497,Galaxy A15,Android 14,5.16.1,2022-11-12T18:09:08+05:30,2026-09-04T08:53:42+05:30,true
DEV0B4F83E1,C001498,Galaxy M34,Android 14,5.15.2,2025-08-02T12:09:17+05:30,2026-07-18T17:47:09+05:30,true
DEVA143394C,C001499,Galaxy M14,Android 13,5.15.2,2024-06-26T18:27:45+05:30,2026-09-21T19:15:53+05:30,true
DEVBDACB031,C001500,Galaxy M14,Android 13,5.15.2,2026-06-02T11:30:10+05:30,2026-08-29T11:20:18+05:30,true
DEVB0F7E6FE,C001501,OnePlus 11R,Android 15,5.2.0,2024-10-27T20:58:57+05:30,2026-04-06T15:37:28+05:30,false
DEV6B4D9F61,C001501,Redmi Note 13,Android 14,5.16.1,2024-10-19T11:59:12+05:30,2026-09-10T13:36:30+05:30,true
DEV7D83E56E,C001503,OnePlus 11R,Android 15,5.16.1,2023-06-13T15:17:35+05:30,2026-09-15T15:09:49+05:30,true
DEV71E3EFD7,C001505,Redmi Note 13,Android 14,5.2.0,2026-03-08T18:29:33+05:30,2026-09-09T21:40:09+05:30,false
DEV119691EF,C001505,Redmi 13C,Android 13,5.15.2,2026-09-16T10:47:02+05:30,2026-09-17T16:58:48+05:30,true
DEV60274323,C001506,OPPO A79,Android 14,5.9.8,2024-12-13T15:30:31+05:30,2025-05-21T19:36:52+05:30,false
DEVAA25807A,C001506,Redmi Note 13,Android 14,5.14.0,2024-05-04T16:30:26+05:30,2026-09-11T12:21:39+05:30,true
DEVCC22BD5C,C001507,Redmi Note 13,Android 14,5.16.1,2025-08-12T20:21:36+05:30,2026-09-13T17:57:20+05:30,true
DEV2C11F3BF,C001509,moto g54,Android 14,5.16.1,2025-05-25T13:24:52+05:30,2026-09-21T21:34:27+05:30,true
DEV4FE08F4C,C001510,Redmi 13C,Android 13,4.9.8,2022-09-02T10:14:36+05:30,2026-08-10T21:03:55+05:30,false
DEVC281E04A,C001510,iPhone 11,iOS 17.5,5.16.1,2026-08-12T14:03:55+05:30,2026-09-02T15:07:37+05:30,true
DEV11A6F868,C001511,Redmi Note 13,Android 14,5.15.2,2023-08-14T14:13:07+05:30,2026-09-02T13:34:27+05:30,true
DEV02FB2163,C001514,moto g54,Android 14,5.15.2,2022-11-27T18:31:08+05:30,2026-09-15T20:32:40+05:30,true
DEV2CE02052,C001515,Redmi Note 13,Android 14,5.16.1,2023-07-26T16:30:26+05:30,2026-08-17T20:53:24+05:30,true
DEVC25CCAC0,C001516,Redmi Note 13,Android 14,5.15.2,2024-11-21T13:52:19+05:30,2026-06-29T14:13:38+05:30,true
DEVBC7CBD42,C001517,realme 12 Pro,Android 14,5.15.2,2025-01-08T10:23:04+05:30,2026-09-15T09:40:50+05:30,true
DEVE89F115F,C001518,realme 12 Pro,Android 14,5.15.2,2022-12-22T11:45:02+05:30,2026-09-07T10:38:07+05:30,true
DEVF9F80607,C001519,Galaxy A54,Android 14,5.16.1,2022-02-20T13:43:39+05:30,2026-09-20T21:25:31+05:30,true
DEV7EEF5396,C001522,Redmi 13C,Android 13,5.6.2,2021-05-18T16:32:34+05:30,2026-08-15T22:18:41+05:30,false
DEV515BB7BB,C001522,Galaxy M34,Android 14,5.15.2,2026-09-02T17:38:20+05:30,2026-09-17T21:37:15+05:30,true
DEV004516FB,C001525,vivo Y28,Android 14,5.15.2,2025-12-25T14:21:42+05:30,2026-09-07T19:57:42+05:30,true
DEVE8373A71,C001526,Redmi Note 12,Android 13,5.15.2,2025-01-23T15:05:18+05:30,2026-09-17T20:59:30+05:30,true
DEV02705601,C001527,Redmi Note 13,Android 14,5.16.1,2024-08-10T16:01:57+05:30,2026-07-06T20:25:05+05:30,true
DEVE0E3FB65,C001528,Redmi Note 12,Android 13,5.12.3,2021-04-20T13:09:00+05:30,2026-09-12T16:07:39+05:30,true
DEV43F50CE0,C001529,Redmi Note 13,Android 14,5.14.0,2024-06-17T19:44:59+05:30,2026-08-19T11:13:37+05:30,true
DEV645A5F3A,C001530,OnePlus Nord CE4,Android 14,5.16.1,2025-09-13T13:04:52+05:30,2026-09-14T19:34:37+05:30,true
DEV05211A10,C001531,Redmi Note 12,Android 13,5.15.2,2026-01-27T11:56:58+05:30,2026-09-06T17:20:14+05:30,true
DEV0CFD7CBF,C001534,Redmi Note 13,Android 14,5.15.2,2024-11-17T14:04:59+05:30,2026-09-25T13:09:24+05:30,true
DEV0F30F118,C001536,vivo Y28,Android 14,5.12.3,2024-09-27T13:44:51+05:30,2026-09-17T10:46:27+05:30,true
DEVF83AA05B,C001538,iQOO Z9,Android 14,5.16.1,2025-09-19T12:55:18+05:30,2026-08-30T19:59:08+05:30,true
DEVDEB4A318,C001539,Redmi Note 12,Android 13,5.15.2,2025-12-11T14:01:22+05:30,2026-09-12T21:56:27+05:30,true
DEVC0BF8D63,C001540,Galaxy S23,Android 15,5.15.2,2026-05-07T14:59:10+05:30,2026-08-14T13:03:59+05:30,true
DEV293AE590,C001541,Galaxy M34,Android 14,5.16.1,2026-04-02T11:34:41+05:30,2026-09-15T11:54:54+05:30,true
DEV03985904,C001542,iPhone 13,iOS 17.6,5.9.8,2023-05-08T11:09:55+05:30,2026-08-16T16:06:11+05:30,false
DEVD8A2BCE6,C001542,Galaxy A15,Android 14,5.16.1,2026-08-22T17:45:14+05:30,2026-09-23T18:26:46+05:30,true
DEV659E06CB,C001543,Galaxy A15,Android 14,5.15.2,2025-09-04T16:16:55+05:30,2026-07-25T12:18:31+05:30,true
DEVA26D4604,C001544,moto g54,Android 14,5.16.1,2025-08-14T18:54:17+05:30,2026-07-12T19:18:17+05:30,true
DEV900D6C76,C001545,Redmi 13C,Android 13,5.16.1,2025-09-20T18:02:02+05:30,2026-09-09T17:53:53+05:30,true
DEVDC2F54C4,C001546,Redmi Note 12,Android 13,5.16.1,2020-12-21T17:18:31+05:30,2026-08-29T17:48:38+05:30,true
DEV959186BD,C001547,iPhone 15,iOS 18.5,5.2.0,2025-04-11T10:00:29+05:30,2025-09-14T10:35:37+05:30,false
DEV8EF7E833,C001547,Redmi Note 13,Android 14,5.15.2,2024-11-15T11:22:40+05:30,2026-09-04T17:52:51+05:30,true
DEV74E1B355,C001548,Galaxy A15,Android 14,5.16.1,2026-02-18T18:29:21+05:30,2026-09-08T11:19:45+05:30,true
DEVD263EAE7,C001550,OPPO A79,Android 14,4.9.8,2024-03-22T18:01:50+05:30,2025-10-11T17:41:22+05:30,false
DEVDC05F897,C001550,Galaxy A15,Android 14,5.12.3,2024-12-20T15:48:14+05:30,2026-09-22T11:54:46+05:30,true
DEV3C73BB0E,C001551,Galaxy A15,Android 14,5.12.3,2021-09-05T14:27:37+05:30,2026-08-25T12:44:42+05:30,true
DEV64FA6855,C001553,realme 12 Pro,Android 14,5.15.2,2023-04-21T15:15:18+05:30,2026-09-22T10:06:45+05:30,true
DEV71D5F9DD,C001554,vivo Y28,Android 14,5.2.0,2024-07-22T10:45:12+05:30,2025-01-08T11:52:09+05:30,false
DEV49B6A773,C001554,Redmi Note 13,Android 14,5.15.2,2024-11-21T19:59:59+05:30,2026-07-05T13:41:30+05:30,true
DEVD1FCB880,C001555,Galaxy M34,Android 14,5.15.2,2026-03-27T14:34:10+05:30,2026-09-24T14:38:17+05:30,true
DEV45E84BC0,C001556,Redmi Note 12,Android 13,5.2.0,2026-04-27T20:23:58+05:30,2026-05-29T17:58:26+05:30,false
DEVF753C1C0,C001556,Redmi Note 12,Android 13,5.15.2,2026-05-13T16:20:50+05:30,2026-08-19T10:18:04+05:30,true
DEVA9CC5EC5,C001557,Galaxy M14,Android 13,5.14.0,2026-05-19T14:44:30+05:30,2026-09-24T11:40:47+05:30,true
DEVA4F37481,C001558,iPhone 15,iOS 18.5,5.16.1,2026-03-30T19:52:24+05:30,2026-07-21T16:41:40+05:30,true
DEVC83ABB0E,C001559,Redmi Note 13,Android 14,5.2.0,2024-12-08T15:44:44+05:30,2026-07-09T19:38:38+05:30,false
DEV81240EC9,C001559,Redmi Note 13,Android 14,5.14.0,2026-07-10T13:38:38+05:30,2026-09-20T22:15:14+05:30,true
DEVE0C7F919,C001560,Redmi Note 12,Android 13,5.15.2,2025-10-20T09:19:18+05:30,2026-09-09T18:30:48+05:30,true
DEV84E57E5F,C001562,vivo Y28,Android 14,4.9.8,2024-12-02T20:38:49+05:30,2025-02-10T18:58:26+05:30,false
DEV34C05AA9,C001562,Galaxy S23,Android 15,5.14.0,2024-02-24T16:34:25+05:30,2026-07-08T17:28:58+05:30,true
DEV166E36CA,C001563,OnePlus 11R,Android 15,5.2.0,2023-12-29T11:21:33+05:30,2025-02-21T20:00:01+05:30,false
DEV6A87661C,C001563,iPhone 14,iOS 18.1,5.9.8,2023-02-19T18:47:40+05:30,2026-09-12T10:39:42+05:30,true
DEV0804909A,C001564,Redmi Note 13,Android 14,4.9.8,2025-09-20T20:44:26+05:30,2026-09-03T12:44:13+05:30,false
DEV9947FB5B,C001564,Redmi Note 12,Android 13,5.15.2,2026-09-14T09:59:38+05:30,2026-09-18T15:33:25+05:30,true
DEV12400197,C001565,iPhone 14,iOS 18.1,5.16.1,2024-02-26T16:52:47+05:30,2026-09-21T14:58:46+05:30,true
DEV21DAC8E1,C001567,Redmi Note 13,Android 14,5.16.1,2023-06-08T11:15:49+05:30,2026-08-28T15:56:10+05:30,true
DEVF4DE8807,C001569,realme narzo 60,Android 13,5.2.0,2024-07-02T18:09:23+05:30,2025-05-08T11:59:43+05:30,false
DEVE47FE4DF,C001569,iPhone 11,iOS 17.5,5.16.1,2024-08-03T14:23:06+05:30,2026-09-13T07:01:41+05:30,true
DEVF6528867,C001570,Galaxy A15,Android 14,5.16.1,2023-07-08T10:11:06+05:30,2026-09-19T17:58:15+05:30,true
DEV850B9F81,C001571,Redmi Note 12,Android 13,5.16.1,2023-04-11T15:05:38+05:30,2026-08-14T14:53:38+05:30,true
DEV6CF955FC,C001572,vivo T3,Android 14,5.2.0,2025-01-01T12:38:07+05:30,2026-09-05T06:19:48+05:30,false
DEVAED3127C,C001572,Redmi Note 13,Android 14,5.12.3,2026-09-05T10:19:48+05:30,2026-09-10T14:38:04+05:30,true
DEV900C37EE,C001573,moto g84,Android 14,5.2.0,2025-11-16T15:55:11+05:30,2026-08-09T17:27:04+05:30,false
DEV827E8B18,C001573,Galaxy M14,Android 13,5.16.1,2026-08-13T20:43:50+05:30,2026-09-15T14:49:44+05:30,true
DEVD533EF96,C001574,Nokia G42,Android 13,5.6.2,2024-11-06T14:19:20+05:30,2025-01-06T14:19:30+05:30,false
DEV50BEFFEB,C001574,vivo T3,Android 14,5.16.1,2021-08-14T14:08:10+05:30,2026-09-20T13:17:09+05:30,true
DEVFCF97460,C001576,realme narzo 60,Android 13,5.2.0,2023-02-18T18:45:35+05:30,2023-06-20T15:08:49+05:30,false
DEV29D685F6,C001576,vivo T3,Android 14,5.16.1,2025-03-11T12:13:25+05:30,2026-09-12T12:14:53+05:30,true
DEV5C98C87E,C001577,Galaxy M34,Android 14,5.2.0,2024-06-05T18:18:25+05:30,2026-08-17T11:25:15+05:30,false
DEVDE339851,C001577,OPPO A79,Android 14,5.14.0,2026-08-29T09:36:33+05:30,2026-09-17T14:18:06+05:30,true
DEV8B40D097,C001578,Redmi Note 12,Android 13,5.12.3,2025-03-03T20:47:29+05:30,2026-09-03T19:30:39+05:30,true
DEV1B31496B,C001579,realme 12 Pro,Android 14,4.9.8,2021-04-02T16:18:59+05:30,2023-10-25T16:19:18+05:30,false
DEV61F76EC4,C001579,iPhone 15,iOS 18.5,5.9.8,2024-06-22T15:12:46+05:30,2026-09-15T18:06:15+05:30,true
DEV9DFB7636,C001580,Redmi Note 13,Android 14,5.15.2,2022-03-04T18:49:13+05:30,2026-09-24T09:19:38+05:30,true
DEV91BB2E40,C001581,Galaxy M34,Android 14,5.9.8,2021-03-27T17:56:33+05:30,2026-09-02T20:54:52+05:30,true
DEV8553FC8F,C001582,vivo Y28,Android 14,5.16.1,2024-02-29T17:56:22+05:30,2026-09-12T15:29:30+05:30,true
DEV6CEDF1D3,C001583,Galaxy M34,Android 14,5.14.0,2021-02-19T14:52:25+05:30,2026-09-26T07:36:19+05:30,true
DEV52C02F5C,C001584,vivo Y28,Android 14,5.12.3,2022-12-19T18:38:25+05:30,2026-08-21T23:20:45+05:30,true
DEV39663C69,C001585,Galaxy M34,Android 14,5.16.1,2021-12-17T17:48:00+05:30,2026-09-25T10:11:53+05:30,true
DEV24A9B7AD,C001586,Galaxy M14,Android 13,5.2.0,2026-01-23T13:32:23+05:30,2026-07-19T16:09:08+05:30,false
DEV59384B67,C001586,vivo T3,Android 14,5.16.1,2026-07-31T16:30:05+05:30,2026-09-14T20:22:12+05:30,true
DEVC5940C1D,C001587,Galaxy A15,Android 14,5.12.3,2024-12-09T16:04:02+05:30,2026-09-15T08:02:40+05:30,true
DEVEE98405F,C001588,Redmi Note 13,Android 14,5.2.0,2025-01-12T10:43:56+05:30,2026-08-10T19:35:10+05:30,false
DEV732FFB16,C001588,Nokia G42,Android 13,5.16.1,2026-08-17T13:23:37+05:30,2026-09-16T14:48:05+05:30,true
DEVCA50AC41,C001589,OPPO A79,Android 14,5.12.3,2025-06-17T11:00:42+05:30,2026-09-11T10:40:45+05:30,true
DEV76BB4FFE,C001590,iPhone 11,iOS 17.5,5.15.2,2024-01-05T11:03:25+05:30,2026-09-06T23:33:36+05:30,true
DEV4DD1A759,C001591,Galaxy A54,Android 14,5.16.1,2026-04-29T20:58:50+05:30,2026-07-01T07:15:47+05:30,true
DEVF8F4000D,C001592,realme narzo 60,Android 13,5.2.0,2023-05-18T11:06:03+05:30,2024-02-25T10:43:48+05:30,false
DEVA224F823,C001592,Redmi Note 13,Android 14,5.16.1,2024-09-15T12:14:25+05:30,2026-07-28T15:58:44+05:30,true
DEV5E718435,C001593,Redmi Note 12,Android 13,5.16.1,2024-07-16T20:39:23+05:30,2026-09-07T14:41:25+05:30,true
DEV087CCBFA,C001594,Galaxy A54,Android 14,5.15.2,2020-06-28T19:51:53+05:30,2026-08-11T16:17:14+05:30,true
DEVF26FE3D7,C001595,vivo T3,Android 14,5.15.2,2025-12-01T19:43:19+05:30,2026-09-18T11:53:37+05:30,true
DEVCF34D74A,C001596,iQOO Z9,Android 14,5.16.1,2025-12-08T11:10:47+05:30,2026-09-26T07:16:47+05:30,true
DEVC741048E,C001598,OPPO A79,Android 14,5.15.2,2022-05-11T14:18:07+05:30,2026-09-19T20:36:12+05:30,true
DEV30FB576C,C001599,Redmi Note 12,Android 13,5.15.2,2024-04-04T10:46:44+05:30,2026-08-18T09:58:21+05:30,true
DEV1FF5EBF3,C001601,Redmi 13C,Android 13,4.9.8,2026-01-19T20:47:15+05:30,2026-07-13T21:37:39+05:30,false
DEV254728AC,C001601,Galaxy A15,Android 14,5.16.1,2026-07-15T13:24:33+05:30,2026-09-11T16:55:24+05:30,true
DEV7EA2A450,C001602,Nokia G42,Android 13,5.15.2,2025-11-29T17:12:10+05:30,2026-06-30T09:15:50+05:30,true
DEV2549BE2C,C001603,vivo T3,Android 14,5.16.1,2024-06-14T11:23:17+05:30,2026-08-21T17:55:22+05:30,true
DEV933D0462,C001604,Redmi Note 13,Android 14,5.6.2,2024-11-27T09:13:50+05:30,2026-08-18T13:11:01+05:30,false
DEVF30EFDDD,C001604,Galaxy M34,Android 14,5.15.2,2026-08-21T16:21:14+05:30,2026-09-21T20:46:59+05:30,true
DEV08F9AA9D,C001608,realme 12 Pro,Android 14,4.9.8,2022-05-04T15:05:58+05:30,2024-07-13T17:12:23+05:30,false
DEVC39740D4,C001608,OPPO A79,Android 14,5.16.1,2023-03-20T11:56:56+05:30,2026-08-22T16:13:30+05:30,true
DEV0104289D,C001609,moto g84,Android 14,5.6.2,2021-07-07T17:57:21+05:30,2026-07-10T14:43:51+05:30,false
DEVE1F2291C,C001609,iPhone 13,iOS 17.6,5.15.2,2026-07-19T20:06:18+05:30,2026-09-19T09:22:08+05:30,true
DEVF76B6AB8,C001610,OnePlus Nord CE4,Android 14,5.15.2,2026-05-18T12:44:21+05:30,2026-07-28T16:31:31+05:30,true
DEVB6A58283,C001611,Galaxy M34,Android 14,5.14.0,2021-07-27T15:30:20+05:30,2026-09-22T07:27:20+05:30,true
DEVED8BFBF2,C001612,OnePlus 11R,Android 15,5.14.0,2026-02-20T15:20:47+05:30,2026-09-11T15:36:00+05:30,true
DEV167B0104,C001613,iPhone 13,iOS 17.6,5.14.0,2026-05-20T16:28:48+05:30,2026-07-04T21:35:19+05:30,true
DEVBC45DBDC,C001614,iPhone 15,iOS 18.5,5.15.2,2025-12-11T11:18:44+05:30,2026-07-02T22:25:34+05:30,true
DEV4BD188C8,C001616,Galaxy A54,Android 14,5.14.0,2024-12-10T13:44:29+05:30,2026-08-18T18:32:14+05:30,true
DEVA6352E79,C001618,realme 12 Pro,Android 14,4.9.8,2024-07-22T14:17:02+05:30,2026-07-03T13:42:29+05:30,false
DEV262D9410,C001618,iPhone 11,iOS 17.5,5.15.2,2026-08-23T12:48:53+05:30,2026-09-03T12:17:46+05:30,true
DEV95311653,C001620,iPhone 14,iOS 18.1,5.2.0,2023-10-28T10:45:12+05:30,2026-07-10T08:08:55+05:30,false
DEV9E9F6CBF,C001620,Redmi Note 12,Android 13,5.15.2,2026-07-24T11:54:19+05:30,2026-09-10T11:02:57+05:30,true
DEV362924C5,C001621,OnePlus Nord CE4,Android 14,5.15.2,2023-11-27T11:06:11+05:30,2026-07-30T23:35:21+05:30,true
DEV97ABA696,C001622,Galaxy A54,Android 14,5.9.8,2025-10-19T17:10:49+05:30,2026-07-04T07:24:36+05:30,false
DEVDA25D2F2,C001622,vivo T3,Android 14,5.14.0,2026-09-13T11:03:51+05:30,2026-09-24T08:42:33+05:30,true
DEV545355A4,C001623,OnePlus Nord CE4,Android 14,5.9.8,2024-01-05T15:35:10+05:30,2026-09-22T13:44:51+05:30,true
DEV1C0EDEBA,C001624,iPhone 14,iOS 18.1,5.16.1,2025-06-22T18:00:20+05:30,2026-09-07T08:42:26+05:30,true
DEV9E331AE2,C001625,Redmi Note 12,Android 13,5.15.2,2024-07-30T14:44:00+05:30,2026-09-21T22:15:38+05:30,true
DEV8D280EE8,C001626,Galaxy A54,Android 14,5.15.2,2020-08-28T16:47:00+05:30,2026-09-22T11:58:56+05:30,true
DEV9AE765C0,C001627,OPPO A79,Android 14,5.16.1,2026-01-23T13:10:32+05:30,2026-08-26T21:18:45+05:30,true
DEV74F3861C,C001628,realme 12 Pro,Android 14,5.15.2,2026-04-19T17:13:25+05:30,2026-08-30T21:33:50+05:30,true
DEVB7FE5BE0,C001629,Galaxy A54,Android 14,5.9.8,2024-11-24T12:11:28+05:30,2025-05-12T12:19:13+05:30,false
DEV7CFA3B56,C001629,Redmi Note 13,Android 14,5.16.1,2025-07-07T09:35:20+05:30,2026-09-13T21:18:22+05:30,true
DEV853C41D3,C001630,realme 12 Pro,Android 14,5.15.2,2025-09-26T12:42:18+05:30,2026-07-19T08:12:11+05:30,true
DEVDFE39C87,C001631,Redmi Note 13,Android 14,5.2.0,2025-08-08T17:40:04+05:30,2026-06-06T15:51:00+05:30,false
DEVD2521655,C001631,Galaxy M14,Android 13,5.16.1,2026-03-24T11:55:09+05:30,2026-08-06T08:31:05+05:30,true
DEV1F4940AD,C001632,iPhone 11,iOS 17.5,5.16.1,2024-11-16T19:18:16+05:30,2026-07-10T22:30:02+05:30,true
DEVA1A64110,C001633,vivo T3,Android 14,5.16.1,2024-03-15T13:26:25+05:30,2026-09-11T14:42:32+05:30,true
DEV33F109D1,C001634,OnePlus Nord CE4,Android 14,5.9.8,2023-10-19T14:57:05+05:30,2026-08-03T21:15:50+05:30,true
DEVCCBC452F,C001635,Galaxy M34,Android 14,5.2.0,2025-03-17T13:04:08+05:30,2026-08-28T23:11:22+05:30,false
DEVF5B194C0,C001635,OnePlus Nord CE4,Android 14,5.16.1,2026-09-14T18:22:24+05:30,2026-09-25T18:35:06+05:30,true
DEVA8864D6A,C001636,Galaxy M34,Android 14,5.15.2,2025-03-21T14:52:21+05:30,2026-09-15T12:58:06+05:30,true
DEV80841023,C001637,Redmi Note 13,Android 14,5.16.1,2023-02-25T20:08:48+05:30,2026-09-16T13:47:58+05:30,true
DEV8A37403C,C001639,Galaxy A54,Android 14,4.9.8,2020-11-15T16:44:15+05:30,2026-07-28T21:51:09+05:30,false
DEV8C034026,C001639,iPhone 15,iOS 18.5,5.15.2,2026-08-05T17:39:03+05:30,2026-09-20T18:38:05+05:30,true
DEV7BC36BD1,C001640,iPhone 13,iOS 17.6,5.16.1,2020-06-01T13:24:08+05:30,2026-07-19T18:25:16+05:30,true
DEVEC2F6546,C001641,Redmi Note 13,Android 14,5.15.2,2024-08-28T20:10:04+05:30,2026-08-26T18:49:33+05:30,true
DEV36311248,C001642,Galaxy M14,Android 13,5.16.1,2023-03-07T17:43:55+05:30,2026-09-09T09:25:01+05:30,true
DEV3CF1155E,C001643,POCO X6,Android 14,5.12.3,2024-08-29T15:40:15+05:30,2026-09-14T18:08:48+05:30,true
DEVF124E3AF,C001647,Redmi Note 13,Android 14,4.9.8,2023-09-12T14:33:09+05:30,2024-02-27T12:27:42+05:30,false
DEV66B6924F,C001647,realme 12 Pro,Android 14,5.16.1,2024-01-10T15:49:52+05:30,2026-09-12T19:32:59+05:30,true
DEVA1D4AFCF,C001648,Redmi Note 12,Android 13,5.15.2,2020-09-21T12:39:41+05:30,2026-09-10T14:42:30+05:30,true
DEV5B62E3AE,C001649,realme narzo 60,Android 13,5.15.2,2023-08-16T13:00:30+05:30,2026-09-13T15:24:38+05:30,true
DEV68B519BE,C001650,moto g84,Android 14,5.12.3,2023-07-20T19:21:58+05:30,2026-07-12T12:44:56+05:30,true
DEVBAB2A333,C001651,Redmi Note 12,Android 13,4.9.8,2022-08-18T15:38:51+05:30,2026-08-17T16:28:14+05:30,false
DEVEAFFD7FE,C001651,Galaxy M34,Android 14,5.15.2,2026-08-20T09:49:39+05:30,2026-09-18T20:25:17+05:30,true
DEV0567D17A,C001652,Redmi 13C,Android 13,5.6.2,2022-08-10T15:55:24+05:30,2025-03-04T16:36:43+05:30,false
DEV8174EA9F,C001652,Galaxy A54,Android 14,5.15.2,2025-11-25T15:18:24+05:30,2026-09-12T14:20:28+05:30,true
DEV67C7D82C,C001653,moto g84,Android 14,5.2.0,2022-04-15T10:41:49+05:30,2024-05-18T09:09:04+05:30,false
DEV4583B8A7,C001653,Redmi Note 13,Android 14,5.14.0,2024-08-11T10:31:42+05:30,2026-09-17T13:56:43+05:30,true
DEVA3A09873,C001654,iPhone 14,iOS 18.1,5.16.1,2024-08-27T09:41:28+05:30,2026-07-07T17:44:42+05:30,true
DEV6088DB35,C001655,Redmi Note 12,Android 13,5.15.2,2025-03-19T17:15:29+05:30,2026-09-18T09:21:17+05:30,true
DEV7022F9E4,C001656,moto g84,Android 14,5.15.2,2022-06-29T20:47:00+05:30,2026-08-10T10:16:51+05:30,true
DEV1BE3CCB1,C001659,Redmi Note 12,Android 13,5.16.1,2025-02-04T13:55:46+05:30,2026-07-13T11:54:43+05:30,true
DEVA50702BC,C001660,vivo Y28,Android 14,5.15.2,2023-04-11T20:45:05+05:30,2026-08-26T10:49:37+05:30,true
DEVD78F16F1,C001661,Redmi Note 13,Android 14,5.15.2,2020-11-12T13:15:18+05:30,2026-09-11T10:24:44+05:30,true
DEV8D67F5C3,C001662,Redmi Note 13,Android 14,5.16.1,2021-01-16T15:34:59+05:30,2026-09-20T16:43:13+05:30,true
DEV9EE3C1FB,C001664,Redmi Note 12,Android 13,4.9.8,2021-02-21T16:32:26+05:30,2023-04-01T11:19:13+05:30,false
DEV5C617DA3,C001664,OnePlus Nord CE4,Android 14,5.16.1,2026-05-31T10:12:43+05:30,2026-09-01T15:11:52+05:30,true
DEV99E3A453,C001665,iPhone 13,iOS 17.6,5.16.1,2025-06-05T15:34:04+05:30,2026-09-07T21:21:53+05:30,true
DEV20D2E65F,C001666,Redmi Note 13,Android 14,5.14.0,2025-11-05T18:23:58+05:30,2026-09-16T12:28:25+05:30,true
DEVA9F90B1D,C001667,Redmi Note 12,Android 13,5.14.0,2024-06-29T12:08:38+05:30,2026-09-09T17:21:26+05:30,true
DEVE7E67EAF,C001668,Redmi Note 13,Android 14,5.14.0,2021-12-25T19:57:20+05:30,2026-09-23T12:13:23+05:30,true
DEV09726C6E,C001669,Redmi Note 13,Android 14,5.15.2,2023-10-01T18:03:57+05:30,2026-07-13T20:12:32+05:30,true
DEV70CE6A4D,C001670,OPPO A79,Android 14,5.16.1,2022-03-24T12:55:04+05:30,2026-08-10T18:32:04+05:30,true
DEV7A64068E,C001671,OPPO A79,Android 14,5.2.0,2023-10-04T13:18:19+05:30,2026-07-09T11:53:13+05:30,false
DEV080F8EE2,C001671,Galaxy A15,Android 14,5.15.2,2026-07-10T19:33:29+05:30,2026-09-24T13:46:06+05:30,true
DEV6C6E8AAE,C001672,Galaxy M34,Android 14,5.12.3,2022-07-15T10:31:11+05:30,2026-09-08T15:54:49+05:30,true
DEVBBD58FC0,C001673,vivo T3,Android 14,5.14.0,2023-10-05T16:18:33+05:30,2026-08-15T17:37:53+05:30,true
DEV1E6D56A5,C001675,vivo T3,Android 14,5.15.2,2025-09-19T09:07:02+05:30,2026-09-07T19:08:21+05:30,true
DEV0A5ECBCB,C001676,realme narzo 60,Android 13,5.16.1,2023-02-07T11:54:59+05:30,2026-09-20T09:25:36+05:30,true
DEV80B96483,C001677,iQOO Z9,Android 14,5.6.2,2024-04-03T13:15:18+05:30,2026-08-11T12:14:57+05:30,false
DEV1FFB1242,C001677,Galaxy A54,Android 14,5.9.8,2026-08-23T15:01:58+05:30,2026-09-20T10:47:12+05:30,true
DEVA28EFE4D,C001678,vivo T3,Android 14,4.9.8,2024-05-13T13:15:25+05:30,2026-09-04T08:19:59+05:30,false
DEV1CC42125,C001678,iPhone 11,iOS 17.5,5.14.0,2026-09-11T09:31:31+05:30,2026-09-16T12:10:43+05:30,true
DEV4DDFDF3F,C001679,vivo Y28,Android 14,5.2.0,2024-07-25T17:52:32+05:30,2026-08-04T18:03:21+05:30,false
DEVE16E4DE9,C001679,vivo Y28,Android 14,5.16.1,2026-09-09T18:09:33+05:30,2026-09-20T21:03:49+05:30,true
DEV9C445040,C001680,Redmi Note 13,Android 14,5.16.1,2023-11-09T14:47:08+05:30,2026-09-06T15:35:22+05:30,true
DEVA7ED9F28,C001681,vivo T3,Android 14,4.9.8,2026-03-07T09:31:25+05:30,2026-08-06T19:50:01+05:30,false
DEVD3C7F5C5,C001681,Redmi Note 12,Android 13,5.16.1,2026-08-25T10:29:46+05:30,2026-09-23T18:28:39+05:30,true
DEVD6755DA2,C001682,Galaxy M14,Android 13,5.9.8,2023-04-30T12:41:21+05:30,2023-12-21T19:32:40+05:30,false
DEVF557DF6D,C001682,Redmi Note 13,Android 14,5.16.1,2025-10-06T09:24:19+05:30,2026-09-16T15:02:17+05:30,true
DEVF30350C6,C001683,iPhone 11,iOS 17.5,5.2.0,2023-03-21T12:20:20+05:30,2024-01-13T18:58:44+05:30,false
DEVAD27E8CB,C001683,Galaxy M34,Android 14,5.16.1,2026-05-16T19:41:01+05:30,2026-08-17T16:36:53+05:30,true
DEV9A5DC6D1,C001684,Redmi Note 13,Android 14,5.6.2,2025-08-02T16:15:20+05:30,2026-08-23T14:35:14+05:30,false
DEVF27833D7,C001684,iPhone 13,iOS 17.6,5.16.1,2026-09-15T15:21:29+05:30,2026-09-15T15:31:56+05:30,true
DEVF2D69DCC,C001686,OPPO A79,Android 14,5.12.3,2024-10-26T13:29:44+05:30,2026-07-01T21:12:33+05:30,true
DEV011F92EC,C001688,Galaxy M34,Android 14,5.12.3,2025-10-17T11:54:03+05:30,2026-06-30T22:27:24+05:30,true
DEV1C82328B,C001689,OnePlus Nord CE4,Android 14,5.16.1,2025-11-24T18:57:00+05:30,2026-09-18T14:02:44+05:30,true
DEV36589474,C001690,Galaxy M14,Android 13,5.16.1,2023-08-12T09:55:56+05:30,2026-09-20T13:07:07+05:30,true
DEV2AD13EAA,C001693,Redmi Note 13,Android 14,5.16.1,2022-12-02T13:07:21+05:30,2026-09-19T19:01:07+05:30,true
DEV19ACD05E,C001694,vivo T3,Android 14,5.2.0,2021-10-13T13:18:44+05:30,2026-05-06T20:12:51+05:30,false
DEV4A6C41DB,C001694,Redmi Note 12,Android 13,5.15.2,2024-03-24T19:16:24+05:30,2026-09-14T13:00:45+05:30,true
DEV8A338012,C001695,Galaxy M34,Android 14,4.9.8,2020-12-21T14:14:08+05:30,2026-07-04T09:29:52+05:30,false
DEV240DFC14,C001695,vivo Y28,Android 14,5.15.2,2026-07-11T11:18:40+05:30,2026-08-19T10:54:42+05:30,true
DEVA3240282,C001696,Redmi Note 13,Android 14,4.9.8,2025-11-08T18:52:20+05:30,2026-07-27T00:42:32+05:30,false
DEV9F685BAF,C001696,Galaxy A54,Android 14,5.14.0,2026-07-29T17:42:32+05:30,2026-08-24T16:38:09+05:30,true
DEV0B4E4223,C001697,Redmi Note 13,Android 14,5.16.1,2023-02-21T16:00:13+05:30,2026-08-07T14:44:58+05:30,true
DEVF2615ED6,C001698,Galaxy M34,Android 14,4.9.8,2025-11-04T13:33:01+05:30,2026-08-28T10:07:09+05:30,false
DEVAD2518DB,C001698,vivo T3,Android 14,5.16.1,2026-09-06T14:47:38+05:30,2026-09-24T14:55:13+05:30,true
DEV2AA66F4A,C001699,OPPO A79,Android 14,5.12.3,2023-06-06T18:27:23+05:30,2026-09-25T07:05:53+05:30,true
DEV5B81F22F,C001700,iPhone 13,iOS 17.6,5.15.2,2025-01-04T13:03:10+05:30,2026-09-22T09:49:17+05:30,true
DEVC9551E8E,C001701,Galaxy S23,Android 15,5.14.0,2024-09-04T09:26:19+05:30,2026-09-12T08:59:13+05:30,true
DEVEBD23776,C001702,iPhone 11,iOS 17.5,4.9.8,2025-02-01T17:54:06+05:30,2025-12-26T14:18:44+05:30,false
DEV1624C1E0,C001702,Redmi Note 13,Android 14,5.15.2,2024-02-29T14:17:27+05:30,2026-09-09T10:38:13+05:30,true
DEV73FC4A3F,C001703,iPhone 13,iOS 17.6,5.9.8,2025-08-30T15:20:22+05:30,2026-07-06T16:33:55+05:30,false
DEV5A51F63B,C001703,vivo Y28,Android 14,5.16.1,2026-08-02T15:20:01+05:30,2026-09-14T17:34:27+05:30,true
DEVE34CEB40,C001704,Galaxy M34,Android 14,5.6.2,2020-12-03T17:42:12+05:30,2026-07-13T20:32:05+05:30,false
DEV8AB33072,C001704,realme 12 Pro,Android 14,5.14.0,2026-07-14T09:32:05+05:30,2026-09-19T12:15:07+05:30,true
DEV4C00E198,C001705,Redmi Note 12,Android 13,5.15.2,2021-04-05T17:40:37+05:30,2026-08-14T20:21:58+05:30,true
DEVEB72FB5D,C001706,OnePlus 11R,Android 15,5.15.2,2023-10-27T18:28:50+05:30,2026-09-15T17:52:23+05:30,true
DEV3307899F,C001707,OnePlus Nord CE4,Android 14,4.9.8,2025-06-08T10:07:35+05:30,2026-04-29T19:06:54+05:30,false
DEV8B25831D,C001707,vivo T3,Android 14,5.16.1,2025-07-18T16:48:02+05:30,2026-06-28T21:32:10+05:30,true
DEVC26CC909,C001708,iPhone 13,iOS 17.6,5.16.1,2026-05-11T18:24:37+05:30,2026-09-22T19:10:46+05:30,true
DEVE282D55C,C001709,Redmi Note 13,Android 14,5.14.0,2025-09-11T14:50:42+05:30,2026-08-03T15:34:52+05:30,true
DEV4188A555,C001710,iPhone 14,iOS 18.1,5.9.8,2023-02-10T10:34:22+05:30,2026-07-26T21:34:08+05:30,false
DEV51418E95,C001710,iPhone 13,iOS 17.6,5.14.0,2026-09-12T18:47:25+05:30,2026-09-15T19:39:45+05:30,true
DEV0C03F682,C001711,moto g54,Android 14,5.6.2,2025-07-18T17:20:33+05:30,2025-12-19T09:50:35+05:30,false
DEV8578579B,C001711,OnePlus 11R,Android 15,5.15.2,2026-05-31T10:35:12+05:30,2026-09-22T14:11:05+05:30,true
DEV51713564,C001712,Redmi 13C,Android 13,5.16.1,2022-06-17T12:07:12+05:30,2026-08-03T21:39:58+05:30,true
DEV23622382,C001713,iPhone 15,iOS 18.5,5.15.2,2021-06-15T09:50:34+05:30,2026-08-18T13:33:10+05:30,true
DEVF8CF866E,C001714,iPhone 15,iOS 18.5,5.16.1,2021-08-14T11:19:06+05:30,2026-06-28T09:57:21+05:30,true
DEV70049557,C001715,Redmi Note 13,Android 14,5.2.0,2021-08-17T11:08:24+05:30,2026-07-17T07:22:47+05:30,false
DEV14CF266E,C001715,realme 12 Pro,Android 14,5.16.1,2026-07-17T13:22:47+05:30,2026-07-24T16:41:57+05:30,true
DEVC5D0C8D1,C001716,Redmi Note 13,Android 14,5.16.1,2022-02-13T20:56:40+05:30,2026-07-21T17:33:55+05:30,true
DEV80D019FF,C001717,Galaxy A15,Android 14,5.9.8,2023-05-11T16:33:29+05:30,2024-11-02T14:24:23+05:30,false
DEV18951EB9,C001717,vivo T3,Android 14,5.14.0,2022-10-15T10:04:01+05:30,2026-09-25T16:27:23+05:30,true
DEV88DCFACF,C001718,Redmi Note 12,Android 13,5.14.0,2021-11-30T12:56:11+05:30,2026-09-23T20:52:50+05:30,true
DEV2306ECF3,C001719,vivo Y28,Android 14,5.15.2,2026-01-22T16:04:27+05:30,2026-09-17T08:50:07+05:30,true
DEV0C5D49EF,C001720,vivo T3,Android 14,5.15.2,2026-04-30T16:23:57+05:30,2026-08-02T22:38:06+05:30,true
DEVE7F0DECB,C001721,vivo Y28,Android 14,5.9.8,2025-10-19T19:25:17+05:30,2026-07-08T19:16:45+05:30,false
DEV27EB346A,C001721,Redmi 13C,Android 13,5.14.0,2026-07-29T19:48:05+05:30,2026-08-04T16:30:12+05:30,true
DEV6617E74A,C001722,Redmi Note 13,Android 14,5.16.1,2022-09-12T18:34:59+05:30,2026-09-13T19:39:27+05:30,true
DEV197CE588,C001723,vivo T3,Android 14,5.14.0,2026-02-08T09:24:02+05:30,2026-09-19T13:23:01+05:30,true
DEV43FC93C9,C001724,Redmi 13C,Android 13,5.2.0,2025-03-20T16:35:08+05:30,2026-01-07T15:19:23+05:30,false
DEVA3547E0A,C001724,Redmi Note 12,Android 13,5.16.1,2021-11-10T17:16:59+05:30,2026-09-21T19:40:35+05:30,true
DEV14150CCB,C001725,vivo T3,Android 14,5.15.2,2023-06-18T13:06:42+05:30,2026-09-17T14:08:20+05:30,true
DEVF4DB6FC1,C001726,moto g84,Android 14,5.15.2,2021-05-19T11:35:52+05:30,2026-09-10T11:08:58+05:30,true
DEVE17A0D2D,C001727,Redmi Note 13,Android 14,5.14.0,2025-11-21T15:03:16+05:30,2026-07-01T23:28:50+05:30,true
DEVF447E36A,C001728,iPhone 13,iOS 17.6,5.15.2,2023-05-19T17:59:16+05:30,2026-09-25T19:15:45+05:30,true
DEV3880AFD4,C001729,moto g54,Android 14,4.9.8,2025-05-03T15:01:43+05:30,2026-08-08T19:29:21+05:30,false
DEV3BFDE7A1,C001729,Galaxy M34,Android 14,5.16.1,2026-09-16T16:33:54+05:30,2026-09-19T14:43:52+05:30,true
DEVF3A3EFB6,C001731,Galaxy M34,Android 14,5.15.2,2021-02-09T11:48:46+05:30,2026-09-11T19:51:04+05:30,true
DEVD7044141,C001732,Galaxy M14,Android 13,5.15.2,2025-05-24T19:04:16+05:30,2026-09-21T15:07:57+05:30,true
DEV9E09243A,C001733,Redmi 13C,Android 13,5.15.2,2022-07-07T09:35:09+05:30,2026-09-13T21:51:17+05:30,true
DEVF09F0FEA,C001734,Galaxy A54,Android 14,5.12.3,2022-10-11T13:03:07+05:30,2026-08-09T08:24:35+05:30,true
DEV5F79B68E,C001736,Galaxy S23,Android 15,5.14.0,2022-01-28T18:40:08+05:30,2026-09-26T07:12:17+05:30,true
DEVDE58A459,C001737,Galaxy A54,Android 14,5.2.0,2023-04-12T19:20:50+05:30,2024-04-28T14:57:04+05:30,false
DEV76F4BE97,C001737,Redmi Note 12,Android 13,5.16.1,2023-12-15T09:16:43+05:30,2026-08-30T22:34:23+05:30,true
DEV2BD7DE55,C001738,Galaxy M34,Android 14,5.12.3,2026-05-27T16:21:33+05:30,2026-09-12T16:00:40+05:30,true
DEVD0895956,C001739,Redmi Note 12,Android 13,5.15.2,2023-05-18T11:19:46+05:30,2026-08-30T12:08:06+05:30,true
DEV5C35D617,C001740,Galaxy M34,Android 14,5.16.1,2021-11-19T19:19:24+05:30,2026-09-17T14:30:28+05:30,true
DEVC8EABE47,C001741,Galaxy M14,Android 13,5.16.1,2023-03-28T15:31:37+05:30,2026-09-14T10:22:44+05:30,true
DEVCAD603B7,C001742,iPhone 13,iOS 17.6,5.16.1,2023-09-19T16:13:54+05:30,2026-09-20T19:44:17+05:30,true
DEVB6F66D8A,C001743,Galaxy S23,Android 15,5.9.8,2026-06-09T14:37:28+05:30,2026-09-10T16:21:13+05:30,true
DEV06DD157D,C001745,OnePlus Nord CE4,Android 14,5.16.1,2025-01-23T09:10:40+05:30,2026-08-29T13:45:46+05:30,true
DEVFF4D46C7,C001746,OPPO A79,Android 14,5.2.0,2022-04-20T14:20:53+05:30,2026-07-22T16:31:02+05:30,false
DEV2D0CF38C,C001746,iPhone 14,iOS 18.1,5.16.1,2026-07-31T17:12:34+05:30,2026-08-17T22:57:40+05:30,true
DEVBDBABA76,C001748,Galaxy M34,Android 14,5.9.8,2023-05-12T12:38:20+05:30,2023-07-18T19:46:52+05:30,false
DEV56710C27,C001748,Galaxy M34,Android 14,5.15.2,2020-08-26T13:35:02+05:30,2026-08-15T22:42:00+05:30,true
DEVEB559D1B,C001749,Galaxy S23,Android 15,5.15.2,2026-04-14T18:01:14+05:30,2026-09-15T10:36:51+05:30,true
DEV2C7521DB,C001750,Redmi 13C,Android 13,5.16.1,2022-03-20T20:20:05+05:30,2026-09-22T13:08:25+05:30,true
DEVBB5806A1,C001751,Redmi Note 13,Android 14,5.15.2,2023-09-13T11:27:23+05:30,2026-09-22T07:46:14+05:30,true
DEVD4A8A19E,C001752,Redmi Note 13,Android 14,5.6.2,2025-04-01T13:44:49+05:30,2025-05-17T16:12:16+05:30,false
DEV6990D4A1,C001752,Redmi 13C,Android 13,5.16.1,2025-12-19T19:37:22+05:30,2026-09-22T17:36:07+05:30,true
DEV16BFED5F,C001753,iPhone 13,iOS 17.6,5.16.1,2025-08-23T15:33:35+05:30,2026-09-05T13:35:09+05:30,true
DEV2EAAFF44,C001754,Redmi 13C,Android 13,5.15.2,2024-09-23T19:43:34+05:30,2026-09-16T11:09:26+05:30,true
DEV149661F8,C001755,Galaxy M34,Android 14,4.9.8,2021-08-01T17:15:28+05:30,2026-08-25T19:56:59+05:30,false
DEV6F20A327,C001755,Galaxy M34,Android 14,5.14.0,2026-08-28T14:20:24+05:30,2026-09-22T12:30:35+05:30,true
DEVBBB82F92,C001756,OnePlus Nord CE4,Android 14,5.2.0,2021-02-28T13:35:38+05:30,2022-12-28T15:40:15+05:30,false
DEV7C2CD939,C001756,moto g84,Android 14,5.14.0,2025-01-20T09:16:33+05:30,2026-07-21T09:44:40+05:30,true
DEVE84551EE,C001757,Galaxy A15,Android 14,5.16.1,2022-03-08T10:00:01+05:30,2026-08-10T23:22:44+05:30,true
DEVCE05D493,C001758,Redmi Note 13,Android 14,5.2.0,2020-11-28T18:29:19+05:30,2026-08-14T12:56:04+05:30,false
DEVF27A63E5,C001758,realme 12 Pro,Android 14,5.14.0,2026-08-26T16:59:15+05:30,2026-09-12T14:29:48+05:30,true
DEV9A4C7718,C001759,OnePlus Nord CE4,Android 14,5.2.0,2024-05-12T11:15:51+05:30,2026-07-15T15:30:14+05:30,false
DEVA5B03344,C001759,vivo T3,Android 14,5.9.8,2026-07-17T18:30:14+05:30,2026-09-13T09:41:31+05:30,true
DEV22462179,C001760,Redmi 13C,Android 13,5.16.1,2025-04-12T19:39:14+05:30,2026-07-30T12:23:39+05:30,true
DEV36710CCE,C001762,moto g54,Android 14,5.9.8,2023-01-05T19:35:36+05:30,2023-12-02T20:24:47+05:30,false
DEV06A41703,C001762,vivo T3,Android 14,5.16.1,2023-12-21T09:12:36+05:30,2026-08-19T10:37:39+05:30,true
DEV57CE3F01,C001763,Galaxy A15,Android 14,5.16.1,2026-05-17T16:51:13+05:30,2026-09-26T07:22:26+05:30,true
DEVE0B35885,C001764,OnePlus 11R,Android 15,5.16.1,2026-03-24T11:45:48+05:30,2026-09-13T18:43:49+05:30,true
DEV0E53EA98,C001766,iQOO Z9,Android 14,5.16.1,2023-05-03T09:13:58+05:30,2026-09-25T09:52:35+05:30,true
DEVDA4BEF6A,C001767,Galaxy A15,Android 14,5.6.2,2025-08-29T20:23:52+05:30,2026-07-06T13:15:37+05:30,false
DEV27CBD38C,C001767,OnePlus Nord CE4,Android 14,5.15.2,2026-08-26T11:48:02+05:30,2026-08-27T13:39:22+05:30,true
DEVB7F461AF,C001768,Galaxy M14,Android 13,5.6.2,2025-02-25T11:06:59+05:30,2025-06-05T20:46:36+05:30,false
DEVB2202A1D,C001768,Redmi Note 12,Android 13,5.16.1,2023-10-02T20:10:05+05:30,2026-08-18T16:19:42+05:30,true
DEV645B9720,C001769,POCO X6,Android 14,5.14.0,2021-09-18T19:37:40+05:30,2026-09-11T15:53:55+05:30,true
DEV375D5B2C,C001770,Galaxy S23,Android 15,5.12.3,2023-09-04T14:56:09+05:30,2026-08-17T07:21:33+05:30,true
DEVFF3B63F7,C001771,iQOO Z9,Android 14,5.15.2,2021-10-11T17:21:25+05:30,2026-09-19T16:56:09+05:30,true
DEVF04834F4,C001773,vivo Y28,Android 14,5.16.1,2024-06-04T10:57:22+05:30,2026-09-15T12:27:02+05:30,true
DEV649BE0A8,C001774,iPhone 15,iOS 18.5,5.14.0,2025-10-04T14:19:26+05:30,2026-08-27T11:24:56+05:30,true
DEVB12B3286,C001775,vivo T3,Android 14,5.6.2,2023-06-13T15:01:52+05:30,2025-03-29T11:04:23+05:30,false
DEV8BEAD379,C001775,Redmi 13C,Android 13,5.12.3,2026-06-12T19:43:19+05:30,2026-09-19T16:19:11+05:30,true
DEVA8A5524C,C001776,OPPO A79,Android 14,5.14.0,2024-11-24T15:01:26+05:30,2026-08-24T13:42:46+05:30,true
DEVF44E7042,C001777,Redmi Note 13,Android 14,5.6.2,2020-07-16T19:51:06+05:30,2026-07-08T10:38:35+05:30,false
DEV67A30D46,C001777,OPPO A79,Android 14,5.16.1,2026-07-15T17:20:25+05:30,2026-09-08T15:41:03+05:30,true
DEV876A30A1,C001778,iPhone 11,iOS 17.5,5.14.0,2020-11-24T14:24:45+05:30,2026-07-04T22:16:17+05:30,true
DEV7615E4C8,C001780,realme narzo 60,Android 13,4.9.8,2022-06-30T18:42:55+05:30,2026-09-02T10:28:10+05:30,false
DEVF69CF234,C001780,OnePlus 11R,Android 15,5.15.2,2026-09-08T12:08:10+05:30,2026-09-22T11:44:00+05:30,true
DEV42DB40F8,C001781,iPhone 13,iOS 17.6,5.15.2,2022-10-21T15:11:36+05:30,2026-09-25T20:41:42+05:30,true
DEVAC8E57F6,C001782,Redmi Note 13,Android 14,5.16.1,2021-10-05T17:03:46+05:30,2026-09-13T15:06:03+05:30,true
DEVA61192FE,C001783,iPhone 15,iOS 18.5,5.16.1,2026-05-24T18:01:16+05:30,2026-09-26T07:46:30+05:30,true
DEV7C3B364B,C001784,Galaxy A54,Android 14,5.6.2,2024-11-09T11:38:05+05:30,2026-08-01T13:18:39+05:30,false
DEV3728422D,C001784,vivo Y28,Android 14,5.12.3,2026-09-15T18:53:16+05:30,2026-09-16T16:18:13+05:30,true
DEV74C05963,C001785,vivo Y28,Android 14,5.14.0,2025-11-12T15:28:32+05:30,2026-09-14T17:01:40+05:30,true
DEVD4E532C3,C001786,Galaxy M34,Android 14,5.16.1,2021-02-09T18:41:13+05:30,2026-09-10T19:38:44+05:30,true
DEVA5E78707,C001787,Redmi Note 13,Android 14,5.12.3,2024-10-31T20:57:05+05:30,2026-09-24T11:12:14+05:30,true
DEVC0E2A2C9,C001788,Redmi Note 13,Android 14,4.9.8,2022-09-26T12:53:07+05:30,2026-09-07T13:24:58+05:30,false
DEVFD22515D,C001788,POCO X6,Android 14,5.16.1,2026-09-12T18:58:23+05:30,2026-09-19T10:26:25+05:30,true
DEV9CE0E602,C001789,realme 12 Pro,Android 14,5.16.1,2025-06-19T11:32:59+05:30,2026-09-14T11:23:15+05:30,true
DEV36C69641,C001790,OnePlus Nord CE4,Android 14,5.16.1,2025-08-13T17:19:40+05:30,2026-09-20T16:03:24+05:30,true
DEVA282DDD9,C001792,Galaxy A15,Android 14,5.6.2,2023-02-23T20:09:01+05:30,2025-11-30T10:37:58+05:30,false
DEV14485DDC,C001792,Redmi Note 13,Android 14,5.16.1,2021-03-17T18:41:25+05:30,2026-08-15T21:49:48+05:30,true
DEV9ECFAE23,C001793,Galaxy M34,Android 14,5.12.3,2024-10-29T19:48:03+05:30,2026-09-12T08:20:23+05:30,true
DEV8AC12D1F,C001795,Redmi Note 13,Android 14,5.9.8,2022-05-17T12:12:58+05:30,2026-08-18T07:19:11+05:30,true
DEV91D05EFC,C001796,Galaxy A15,Android 14,5.15.2,2024-12-25T13:28:16+05:30,2026-09-23T19:02:41+05:30,true
DEVF429214B,C001797,vivo Y28,Android 14,5.12.3,2026-04-21T17:05:52+05:30,2026-09-17T08:07:15+05:30,true
DEV296B8999,C001798,iPhone 11,iOS 17.5,5.15.2,2026-05-27T13:18:55+05:30,2026-07-28T21:22:45+05:30,true
DEVB03E6D71,C001799,Nokia G42,Android 13,5.15.2,2023-07-17T13:26:21+05:30,2026-07-03T16:11:37+05:30,true
DEV348CBDD6,C001800,Redmi Note 12,Android 13,5.6.2,2023-05-11T10:54:00+05:30,2025-06-04T20:13:02+05:30,false
DEV6F2AA59D,C001800,OnePlus 11R,Android 15,5.16.1,2024-10-06T15:09:26+05:30,2026-09-14T17:15:34+05:30,true
DEV8FD42851,C001801,realme narzo 60,Android 13,5.9.8,2026-05-09T14:43:27+05:30,2026-07-11T15:03:37+05:30,true
DEV152BAF0A,C001802,OnePlus Nord CE4,Android 14,5.15.2,2022-02-20T10:42:48+05:30,2026-09-03T21:36:39+05:30,true
DEVF13EEC83,C001803,Redmi Note 13,Android 14,5.9.8,2026-01-30T19:30:30+05:30,2026-07-03T21:43:14+05:30,true
DEV073CCC49,C001804,vivo T3,Android 14,5.16.1,2021-05-28T09:43:14+05:30,2026-08-26T07:15:48+05:30,true
DEV5C89A20A,C001807,iPhone 13,iOS 17.6,5.16.1,2023-07-19T15:22:12+05:30,2026-09-10T09:06:21+05:30,true
DEV71F1E627,C001809,Galaxy A54,Android 14,5.15.2,2023-06-15T09:55:39+05:30,2026-09-21T18:55:49+05:30,true
DEVCDB1A76F,C001810,Galaxy A54,Android 14,5.6.2,2024-10-29T18:15:58+05:30,2026-07-11T11:25:05+05:30,false
DEV734D17F0,C001810,moto g54,Android 14,5.9.8,2026-07-13T10:25:05+05:30,2026-08-22T17:50:25+05:30,true
DEV959BB1CF,C001811,Redmi Note 13,Android 14,5.14.0,2023-04-18T17:20:56+05:30,2026-09-12T19:32:57+05:30,true
DEVACB7E8BD,C001812,moto g84,Android 14,5.12.3,2026-04-20T10:12:58+05:30,2026-09-09T21:21:57+05:30,true
DEV0C2C577E,C001813,iPhone 13,iOS 17.6,5.15.2,2021-07-29T15:01:52+05:30,2026-09-17T10:13:22+05:30,true
DEV208F6FA1,C001814,Galaxy M34,Android 14,5.16.1,2024-02-01T13:17:15+05:30,2026-07-21T16:36:03+05:30,true
DEVD1730AF7,C001815,Galaxy A15,Android 14,5.16.1,2022-10-23T20:32:12+05:30,2026-08-19T21:20:33+05:30,true
DEV3E379F85,C001816,iPhone 13,iOS 17.6,5.16.1,2022-06-07T12:10:57+05:30,2026-06-29T17:14:59+05:30,true
DEV2AD6E75E,C001817,moto g84,Android 14,5.14.0,2026-03-10T09:44:26+05:30,2026-09-25T23:16:27+05:30,true
DEV7A1189B0,C001818,vivo Y28,Android 14,5.15.2,2024-03-08T09:52:48+05:30,2026-09-22T17:01:31+05:30,true
DEV9DD91014,C001819,Galaxy A54,Android 14,5.16.1,2026-01-20T18:27:40+05:30,2026-08-24T17:23:06+05:30,true
DEVC4E2FB97,C001820,Redmi Note 13,Android 14,5.6.2,2024-04-25T20:22:02+05:30,2026-07-20T07:43:15+05:30,false
DEVF91C0210,C001820,iPhone 13,iOS 17.6,5.14.0,2026-07-20T15:43:15+05:30,2026-08-02T14:54:38+05:30,true
DEVCD10539F,C001821,Galaxy A15,Android 14,5.16.1,2026-06-01T16:16:47+05:30,2026-08-30T15:42:24+05:30,true
DEVEA0385D6,C001822,Galaxy A15,Android 14,5.9.8,2025-04-03T20:28:04+05:30,2026-08-18T16:32:29+05:30,true
DEV83718931,C001823,iPhone 13,iOS 17.6,5.16.1,2024-12-25T20:09:19+05:30,2026-09-12T21:46:33+05:30,true
DEVE47D0A7E,C001824,iPhone 15,iOS 18.5,4.9.8,2026-01-30T14:02:52+05:30,2026-07-20T10:33:56+05:30,false
DEVADCDD49C,C001824,OPPO A79,Android 14,5.14.0,2026-09-14T09:31:49+05:30,2026-09-19T15:38:51+05:30,true
DEV2ABD9608,C001825,Galaxy A15,Android 14,5.15.2,2021-12-14T16:56:39+05:30,2026-09-19T08:11:19+05:30,true
DEVBBE34554,C001826,OnePlus 11R,Android 15,5.2.0,2024-04-03T18:07:32+05:30,2026-08-18T15:57:39+05:30,false
DEVE6C6223B,C001826,Redmi Note 12,Android 13,5.16.1,2026-08-19T15:29:55+05:30,2026-09-16T11:56:14+05:30,true
DEVD937EDF8,C001827,Redmi Note 12,Android 13,5.15.2,2023-05-06T20:40:05+05:30,2026-07-23T19:55:57+05:30,true
DEV5588520D,C001829,iQOO Z9,Android 14,5.14.0,2024-10-28T19:56:51+05:30,2026-09-17T13:21:28+05:30,true
DEV91CFB267,C001830,iPhone 11,iOS 17.5,5.15.2,2026-01-02T15:31:49+05:30,2026-08-21T07:05:43+05:30,true
DEVAD40AE24,C001831,vivo T3,Android 14,5.16.1,2021-12-17T18:41:32+05:30,2026-09-20T20:00:29+05:30,true
DEV65880F31,C001832,Galaxy A54,Android 14,5.15.2,2021-10-29T18:38:26+05:30,2026-09-19T13:38:11+05:30,true
DEV95F3E4EF,C001833,Galaxy A15,Android 14,4.9.8,2022-11-03T10:23:09+05:30,2025-11-16T16:31:50+05:30,false
DEVF793B875,C001833,vivo Y28,Android 14,5.16.1,2025-07-04T17:40:13+05:30,2026-09-10T13:30:26+05:30,true
DEVA026BE53,C001834,Galaxy M34,Android 14,4.9.8,2023-03-01T11:47:54+05:30,2025-08-06T17:55:45+05:30,false
DEV59049B32,C001834,Redmi Note 13,Android 14,5.12.3,2024-12-28T14:09:47+05:30,2026-09-15T09:13:17+05:30,true
DEV0B70050A,C001835,Redmi 13C,Android 13,5.2.0,2024-09-04T15:21:18+05:30,2025-01-09T14:38:19+05:30,false
DEVB5BB3BD3,C001835,Galaxy M34,Android 14,5.14.0,2026-06-05T17:29:24+05:30,2026-09-18T21:35:34+05:30,true
DEV3C8AA19F,C001837,realme 12 Pro,Android 14,5.16.1,2023-09-27T18:16:35+05:30,2026-09-16T16:04:15+05:30,true
DEV732F3F0A,C001838,vivo T3,Android 14,5.9.8,2024-08-08T11:56:21+05:30,2026-03-22T20:42:20+05:30,false
DEV7E2EFA25,C001838,Galaxy S23,Android 15,5.14.0,2025-07-19T15:52:11+05:30,2026-07-17T10:54:42+05:30,true
DEV3BBC29FC,C001840,realme 12 Pro,Android 14,5.15.2,2021-10-01T15:48:14+05:30,2026-09-24T15:37:36+05:30,true
DEVA1F2AB76,C001841,Redmi Note 13,Android 14,4.9.8,2025-06-29T16:50:22+05:30,2026-07-03T08:31:10+05:30,false
DEV46B08AB6,C001841,Redmi 13C,Android 13,5.16.1,2026-07-05T18:31:10+05:30,2026-08-29T18:40:03+05:30,true
DEV93A08CDB,C001842,Redmi Note 13,Android 14,5.16.1,2022-02-04T15:45:42+05:30,2026-09-17T08:24:20+05:30,true
DEV1E6F38B1,C001843,vivo T3,Android 14,5.12.3,2026-03-25T16:33:48+05:30,2026-06-30T16:20:57+05:30,true
DEV3C9C1F38,C001845,OnePlus Nord CE4,Android 14,4.9.8,2023-10-20T20:26:54+05:30,2024-06-12T10:25:06+05:30,false
DEVEF69A2C1,C001845,Redmi Note 13,Android 14,5.15.2,2024-06-23T13:33:24+05:30,2026-09-22T21:42:10+05:30,true
DEV973A6F5E,C001846,Redmi Note 13,Android 14,5.15.2,2024-08-20T14:40:07+05:30,2026-09-12T08:53:00+05:30,true
DEV7ABC67E4,C001847,Redmi Note 13,Android 14,5.2.0,2022-01-12T09:09:53+05:30,2026-08-10T19:25:58+05:30,false
DEVD30FF316,C001847,vivo T3,Android 14,5.15.2,2026-08-12T10:01:25+05:30,2026-09-24T09:13:47+05:30,true
DEV5A743F27,C001848,realme narzo 60,Android 13,5.6.2,2025-12-12T17:39:10+05:30,2026-08-10T11:55:32+05:30,false
DEV2F37D3A2,C001848,Galaxy M34,Android 14,5.16.1,2026-08-17T18:43:29+05:30,2026-09-07T19:29:46+05:30,true
DEV5308A6E6,C001849,Redmi Note 12,Android 13,5.15.2,2025-07-17T16:24:37+05:30,2026-08-24T13:13:27+05:30,true
DEV57D94CC1,C001851,Galaxy A15,Android 14,5.9.8,2025-06-20T14:13:15+05:30,2026-03-21T13:28:15+05:30,false
DEV55B75EFC,C001851,OnePlus Nord CE4,Android 14,5.15.2,2025-09-27T09:37:12+05:30,2026-07-10T12:10:56+05:30,true
DEV48DAAA42,C001853,iQOO Z9,Android 14,5.14.0,2024-08-24T09:21:05+05:30,2026-07-17T12:12:35+05:30,true
DEV9E064CBC,C001854,Galaxy M14,Android 13,5.16.1,2025-02-27T13:57:02+05:30,2026-09-10T20:11:41+05:30,true
DEV1FF425F8,C001855,Redmi 13C,Android 13,5.15.2,2022-01-14T19:38:34+05:30,2026-09-15T15:46:51+05:30,true
DEV51268EB6,C001856,realme narzo 60,Android 13,5.2.0,2023-05-23T12:04:49+05:30,2026-07-28T23:35:56+05:30,false
DEV140F8E3B,C001856,Galaxy A54,Android 14,5.15.2,2026-08-12T13:33:40+05:30,2026-09-25T09:27:53+05:30,true
DEVE4E56405,C001857,Redmi 13C,Android 13,5.15.2,2026-03-02T19:26:15+05:30,2026-07-09T23:17:51+05:30,true
DEV990303C9,C001858,Galaxy M34,Android 14,5.12.3,2023-03-01T17:02:50+05:30,2026-09-20T11:06:17+05:30,true
DEV366BC404,C001859,iQOO Z9,Android 14,5.9.8,2024-11-22T09:06:33+05:30,2026-07-03T12:02:22+05:30,false
DEVAD24381C,C001859,Galaxy M34,Android 14,5.12.3,2026-07-05T17:02:22+05:30,2026-07-16T13:56:58+05:30,true
DEVD8DB7515,C001860,vivo T3,Android 14,5.16.1,2022-09-18T17:14:20+05:30,2026-09-25T16:33:09+05:30,true
DEV8060F5BD,C001861,Galaxy A15,Android 14,5.2.0,2022-09-19T20:54:32+05:30,2024-05-05T12:10:28+05:30,false
DEV7B808D56,C001861,vivo T3,Android 14,5.15.2,2022-11-29T18:24:32+05:30,2026-09-17T12:34:26+05:30,true
DEV3EEBDC20,C001862,Redmi Note 13,Android 14,5.15.2,2022-07-29T16:47:57+05:30,2026-09-25T16:18:22+05:30,true
DEV2558E6FF,C001863,vivo T3,Android 14,5.6.2,2021-08-12T13:59:18+05:30,2026-07-29T19:54:52+05:30,false
DEV69AE7E38,C001863,Galaxy S23,Android 15,5.16.1,2026-08-04T12:08:20+05:30,2026-09-13T21:01:02+05:30,true
DEV7D0C1464,C001864,moto g84,Android 14,5.14.0,2025-08-28T10:10:40+05:30,2026-09-26T07:16:59+05:30,true
DEV74FEDC1F,C001865,moto g84,Android 14,5.14.0,2025-10-21T11:39:37+05:30,2026-09-21T15:40:00+05:30,true
DEVC7830D5D,C001866,realme 12 Pro,Android 14,5.9.8,2021-01-24T13:09:35+05:30,2026-09-20T15:33:05+05:30,true
DEV0DCD0FBD,C001867,realme 12 Pro,Android 14,5.16.1,2023-01-23T13:42:30+05:30,2026-09-13T19:33:30+05:30,true
DEV548CC8FB,C001869,realme 12 Pro,Android 14,4.9.8,2023-11-25T11:04:16+05:30,2024-04-01T19:43:42+05:30,false
DEVFE94F2AD,C001869,iPhone 15,iOS 18.5,5.12.3,2023-01-09T15:16:48+05:30,2026-08-28T23:28:56+05:30,true
DEVE8F48A57,C001870,Redmi Note 13,Android 14,4.9.8,2023-04-16T19:45:23+05:30,2026-08-02T15:39:54+05:30,false
DEV5B394FCD,C001870,Redmi Note 12,Android 13,5.16.1,2026-08-03T17:39:54+05:30,2026-09-25T20:43:17+05:30,true
DEVFF9AD7BB,C001871,moto g54,Android 14,5.14.0,2023-10-26T17:54:15+05:30,2026-09-10T09:42:19+05:30,true
DEV1625182E,C001872,realme 12 Pro,Android 14,5.9.8,2021-08-03T11:22:48+05:30,2023-08-05T18:03:09+05:30,false
DEV73687C2D,C001872,Galaxy A54,Android 14,5.16.1,2021-06-13T12:21:05+05:30,2026-09-25T17:41:23+05:30,true
DEVD832FCCA,C001873,iPhone 13,iOS 17.6,5.12.3,2023-11-11T16:40:53+05:30,2026-09-10T12:33:14+05:30,true
DEV76EE3BC2,C001874,Galaxy M34,Android 14,4.9.8,2021-03-10T09:47:26+05:30,2026-08-05T11:45:49+05:30,false
DEV11AD1077,C001874,Galaxy A15,Android 14,5.15.2,2026-08-07T20:24:25+05:30,2026-09-03T11:54:52+05:30,true
DEV5743CE47,C001876,Galaxy A15,Android 14,5.15.2,2022-03-30T15:39:51+05:30,2026-08-19T18:22:06+05:30,true
DEV72328516,C001877,vivo Y28,Android 14,5.9.8,2024-06-08T16:35:51+05:30,2026-08-19T14:51:38+05:30,false
DEV843F69FE,C001877,Redmi Note 12,Android 13,5.16.1,2026-09-10T10:55:13+05:30,2026-09-16T17:39:21+05:30,true
DEV67E57B82,C001878,Galaxy M14,Android 13,5.15.2,2022-12-27T19:52:31+05:30,2026-09-04T20:16:32+05:30,true
DEV40FB4383,C001879,realme 12 Pro,Android 14,5.2.0,2026-02-10T12:50:02+05:30,2026-07-07T16:18:49+05:30,false
DEV16094B63,C001879,vivo Y28,Android 14,5.12.3,2026-07-09T14:18:49+05:30,2026-09-15T21:00:18+05:30,true
DEVD071109B,C001880,Nokia G42,Android 13,5.15.2,2025-10-27T18:14:35+05:30,2026-09-04T16:43:27+05:30,true
DEV41529D33,C001881,Redmi Note 13,Android 14,5.15.2,2024-11-21T17:46:26+05:30,2026-09-08T20:22:14+05:30,true
DEVA6A5BC7E,C001882,vivo T3,Android 14,5.15.2,2022-01-18T19:24:39+05:30,2026-07-08T10:07:35+05:30,true
DEVB93AF193,C001883,moto g84,Android 14,5.16.1,2025-12-13T14:52:15+05:30,2026-07-11T17:33:56+05:30,true
DEVF7D2BEF3,C001884,Redmi Note 12,Android 13,5.2.0,2022-08-04T11:25:25+05:30,2023-01-08T14:15:28+05:30,false
DEV933187C4,C001884,OnePlus Nord CE4,Android 14,5.16.1,2025-03-27T15:35:05+05:30,2026-09-19T19:10:01+05:30,true
DEVF6D0F243,C001885,iPhone 13,iOS 17.6,5.9.8,2025-12-13T14:43:38+05:30,2026-09-01T17:25:16+05:30,false
DEV7844C3EC,C001885,vivo Y28,Android 14,5.14.0,2026-09-11T13:32:30+05:30,2026-09-11T21:29:52+05:30,true
DEVAF4D9A8A,C001888,Galaxy S23,Android 15,5.6.2,2026-04-21T17:24:52+05:30,2026-07-04T06:16:50+05:30,false
DEV8CB10F52,C001888,Galaxy S23,Android 15,5.9.8,2026-07-06T15:16:50+05:30,2026-08-03T17:13:06+05:30,true
DEVA972723F,C001889,realme narzo 60,Android 13,5.9.8,2025-09-17T19:11:12+05:30,2026-09-01T09:30:29+05:30,false
DEVE31FF78B,C001889,vivo Y28,Android 14,5.16.1,2026-09-01T13:30:29+05:30,2026-09-16T10:54:44+05:30,true
DEV833835C1,C001891,Redmi Note 13,Android 14,5.9.8,2021-05-21T15:00:27+05:30,2026-09-03T11:52:24+05:30,false
DEV6146F30D,C001891,Galaxy M14,Android 13,5.15.2,2026-09-05T11:52:24+05:30,2026-09-21T11:52:28+05:30,true
DEVF15B1CA4,C001893,OnePlus 11R,Android 15,5.16.1,2025-05-08T10:31:01+05:30,2026-09-23T16:33:19+05:30,true
DEVC9DC888D,C001896,realme 12 Pro,Android 14,5.16.1,2024-07-22T14:03:12+05:30,2026-06-28T11:32:07+05:30,true
DEVB5AE4EFC,C001897,OnePlus Nord CE4,Android 14,5.15.2,2022-05-17T11:13:36+05:30,2026-09-24T21:49:15+05:30,true
DEV9BE8E5CD,C001898,iPhone 15,iOS 18.5,5.6.2,2025-08-27T10:20:35+05:30,2025-10-10T12:50:17+05:30,false
DEV0A0C9A74,C001898,Redmi Note 13,Android 14,5.16.1,2025-12-31T09:28:22+05:30,2026-09-20T17:56:12+05:30,true
DEVC0199782,C001899,Redmi Note 13,Android 14,4.9.8,2021-09-02T12:30:47+05:30,2026-07-12T12:00:54+05:30,false
DEV997B5A6C,C001899,POCO X6,Android 14,5.9.8,2026-07-12T16:00:54+05:30,2026-08-28T20:04:52+05:30,true
DEV7BA730BE,C001900,realme narzo 60,Android 13,5.2.0,2024-08-03T16:30:01+05:30,2026-07-21T18:30:22+05:30,false
DEV6514B142,C001900,realme narzo 60,Android 13,5.15.2,2026-07-29T10:44:00+05:30,2026-09-25T17:03:33+05:30,true
DEVAB033818,C001901,vivo T3,Android 14,5.15.2,2022-11-07T09:35:28+05:30,2026-09-23T11:39:32+05:30,true
DEV763DE403,C001902,vivo T3,Android 14,5.16.1,2025-02-06T20:30:39+05:30,2026-09-05T20:20:59+05:30,true
DEVE982B82F,C001903,Redmi Note 12,Android 13,5.16.1,2026-02-19T12:32:52+05:30,2026-09-18T12:23:39+05:30,true
DEV5471B63E,C001904,Galaxy A54,Android 14,5.16.1,2022-11-24T19:33:14+05:30,2026-09-16T14:25:17+05:30,true
DEV41AE4D05,C001905,Redmi Note 12,Android 13,5.16.1,2024-12-09T12:57:12+05:30,2026-09-16T13:42:42+05:30,true
DEVD3CD3FE5,C001906,iPhone 14,iOS 18.1,5.9.8,2024-02-27T20:26:51+05:30,2026-09-26T09:31:44+05:30,true
DEV15283F17,C001907,OnePlus Nord CE4,Android 14,5.9.8,2022-08-26T12:28:52+05:30,2026-08-17T21:44:25+05:30,true
DEV5B7F28D6,C001908,Redmi Note 12,Android 13,5.14.0,2023-12-17T12:03:11+05:30,2026-09-23T21:07:07+05:30,true
DEV10ABAB25,C001909,Redmi 13C,Android 13,5.14.0,2024-02-08T20:20:06+05:30,2026-07-06T09:41:57+05:30,true
DEV5297ECFA,C001911,Nokia G42,Android 13,5.16.1,2026-05-13T10:32:13+05:30,2026-09-15T19:08:46+05:30,true
DEVCF9767C1,C001912,Redmi Note 12,Android 13,5.2.0,2023-12-20T11:41:42+05:30,2026-08-06T19:34:05+05:30,false
DEV6AE54D0A,C001912,vivo T3,Android 14,5.12.3,2026-08-09T17:34:05+05:30,2026-08-21T13:11:16+05:30,true
DEV439243AB,C001913,moto g84,Android 14,5.15.2,2026-04-17T15:47:14+05:30,2026-09-20T11:23:18+05:30,true
DEV0A8BF751,C001914,realme 12 Pro,Android 14,5.16.1,2020-09-21T17:56:43+05:30,2026-07-26T13:14:37+05:30,true
DEV9FE0B949,C001915,Galaxy M14,Android 13,5.9.8,2026-02-20T12:04:25+05:30,2026-09-13T21:59:13+05:30,true
DEVC8859169,C001916,Redmi Note 13,Android 14,5.15.2,2024-06-10T13:27:53+05:30,2026-09-06T16:34:22+05:30,true
DEV9B5CAB6B,C001917,Galaxy M14,Android 13,5.16.1,2023-04-02T18:01:00+05:30,2026-09-26T10:51:41+05:30,true
DEVEE9ECF18,C001918,iPhone 13,iOS 17.6,5.16.1,2023-02-19T16:31:59+05:30,2026-09-24T20:45:24+05:30,true
DEV3EF98ADC,C001922,Galaxy A15,Android 14,5.9.8,2022-04-18T16:56:21+05:30,2026-07-06T00:23:23+05:30,false
DEVAA1ED889,C001922,Galaxy M14,Android 13,5.16.1,2026-07-08T18:23:23+05:30,2026-09-16T17:42:01+05:30,true
DEVAA5ED46A,C001924,OnePlus 11R,Android 15,5.16.1,2025-07-17T13:32:32+05:30,2026-07-23T12:57:31+05:30,true
DEV9964F989,C001925,Galaxy A15,Android 14,5.6.2,2023-07-19T12:28:12+05:30,2026-08-22T16:15:38+05:30,false
DEV38EE9BA8,C001925,moto g84,Android 14,5.15.2,2026-09-03T19:39:14+05:30,2026-09-18T17:06:42+05:30,true
DEV168EC184,C001926,vivo T3,Android 14,5.15.2,2021-08-01T19:57:51+05:30,2026-09-26T08:05:22+05:30,true
DEV4545CC51,C001927,Galaxy S23,Android 15,5.12.3,2024-11-14T17:32:32+05:30,2026-08-25T09:42:22+05:30,true
DEV1A1644BE,C001928,Galaxy M14,Android 13,5.12.3,2024-06-08T10:14:34+05:30,2026-09-24T20:08:14+05:30,true
DEV3168FCF2,C001930,moto g84,Android 14,5.2.0,2021-03-18T15:27:30+05:30,2026-08-18T23:27:20+05:30,false
DEVB936A31B,C001930,Galaxy A15,Android 14,5.16.1,2026-08-29T19:00:41+05:30,2026-09-08T16:06:31+05:30,true
DEVC31278E6,C001931,moto g54,Android 14,5.16.1,2026-03-09T17:03:48+05:30,2026-09-24T14:07:47+05:30,true
DEV43B61217,C001932,iPhone 15,iOS 18.5,5.12.3,2022-07-28T15:30:46+05:30,2026-09-12T17:24:38+05:30,true
DEV39391D89,C001933,realme 12 Pro,Android 14,5.9.8,2024-01-17T18:24:39+05:30,2026-08-03T05:26:21+05:30,false
DEVA9CAE1F1,C001933,iPhone 11,iOS 17.5,5.16.1,2026-08-05T17:26:21+05:30,2026-08-08T09:10:09+05:30,true
DEVB1150F9D,C001934,Redmi 13C,Android 13,5.16.1,2024-03-07T18:11:29+05:30,2026-09-21T13:09:48+05:30,true
DEV2A7B7D71,C001935,OnePlus Nord CE4,Android 14,5.15.2,2023-07-29T13:57:04+05:30,2026-09-17T11:15:06+05:30,true
DEVACFB9E2A,C001936,moto g54,Android 14,5.16.1,2023-07-26T09:22:58+05:30,2026-09-17T19:23:48+05:30,true
DEVE3D472D3,C001937,Galaxy M34,Android 14,5.2.0,2023-04-13T17:49:34+05:30,2026-07-26T15:33:09+05:30,false
DEVED171013,C001937,Redmi Note 12,Android 13,5.14.0,2026-09-05T15:27:29+05:30,2026-09-09T17:29:53+05:30,true
DEV3DEDF947,C001938,iQOO Z9,Android 14,5.14.0,2026-05-27T10:22:01+05:30,2026-07-17T13:19:17+05:30,true
DEVCEDCF26B,C001939,OPPO A79,Android 14,5.14.0,2022-09-07T19:34:53+05:30,2026-09-15T16:52:44+05:30,true
DEVEA9C5C3D,C001941,Redmi Note 13,Android 14,5.2.0,2023-04-22T15:36:27+05:30,2026-03-15T13:23:30+05:30,false
DEV48512286,C001941,iPhone 13,iOS 17.6,5.16.1,2022-12-31T10:08:05+05:30,2026-09-10T23:14:46+05:30,true
DEV62EBE1DA,C001942,iPhone 13,iOS 17.6,5.15.2,2025-03-19T17:36:42+05:30,2026-09-04T20:46:54+05:30,true
DEVD4B7BAF2,C001943,Galaxy A54,Android 14,5.16.1,2025-09-30T14:01:11+05:30,2026-09-15T15:19:50+05:30,true
DEV525FD9A4,C001944,realme narzo 60,Android 13,5.16.1,2026-02-25T16:38:25+05:30,2026-09-15T08:12:56+05:30,true
DEVF249B982,C001945,realme narzo 60,Android 13,5.14.0,2023-02-17T20:44:59+05:30,2026-08-21T12:45:23+05:30,true
DEVA5D6330A,C001946,Galaxy A15,Android 14,5.16.1,2026-02-23T11:36:42+05:30,2026-09-21T18:34:33+05:30,true
DEV30C7B449,C001947,Galaxy M34,Android 14,5.2.0,2024-02-18T14:58:10+05:30,2026-07-31T00:28:18+05:30,false
DEVC4529D7C,C001947,realme 12 Pro,Android 14,5.12.3,2026-08-02T19:28:18+05:30,2026-08-15T10:48:16+05:30,true
DEVB504D39A,C001949,Redmi Note 13,Android 14,5.16.1,2025-08-21T19:49:05+05:30,2026-08-18T18:21:33+05:30,true
DEVC0B53DDD,C001950,moto g54,Android 14,4.9.8,2023-07-04T15:22:41+05:30,2024-12-08T13:44:56+05:30,false
DEVA09E154A,C001950,Redmi Note 13,Android 14,5.16.1,2024-05-01T17:22:46+05:30,2026-09-21T21:27:42+05:30,true
DEV8A63A903,C001951,iPhone 15,iOS 18.5,5.16.1,2025-12-17T16:35:35+05:30,2026-09-06T07:28:54+05:30,true
DEV681FD242,C001952,Galaxy M34,Android 14,5.2.0,2024-05-09T14:55:05+05:30,2026-05-31T18:57:44+05:30,false
DEVBC0802D2,C001952,realme 12 Pro,Android 14,5.15.2,2026-03-04T17:53:25+05:30,2026-09-25T19:21:59+05:30,true
DEVCCFE87E1,C001953,Redmi Note 13,Android 14,5.14.0,2025-08-05T14:21:24+05:30,2026-08-13T17:15:20+05:30,true
DEVD50ADF8F,C001955,Galaxy A54,Android 14,5.2.0,2024-08-16T14:04:21+05:30,2026-08-12T19:27:13+05:30,false
DEVF08D7BAD,C001955,moto g84,Android 14,5.16.1,2026-08-28T12:46:50+05:30,2026-09-21T17:22:59+05:30,true
DEV0957C518,C001957,realme 12 Pro,Android 14,5.9.8,2025-04-10T14:19:38+05:30,2026-09-08T10:13:14+05:30,true
DEV584284F4,C001959,POCO X6,Android 14,4.9.8,2022-02-09T13:47:05+05:30,2026-08-03T19:59:52+05:30,false
DEV835C4E92,C001959,Nokia G42,Android 13,5.15.2,2026-08-04T19:59:52+05:30,2026-08-10T21:09:50+05:30,true
DEV4A816E1E,C001963,Galaxy M14,Android 13,5.16.1,2022-01-13T10:29:39+05:30,2026-08-29T11:32:14+05:30,true
DEVD0E055C5,C001964,vivo T3,Android 14,5.16.1,2026-03-14T15:33:17+05:30,2026-08-08T22:04:02+05:30,true
DEV12D7A7E3,C001965,Redmi Note 12,Android 13,5.6.2,2021-09-07T20:51:53+05:30,2026-07-06T19:19:46+05:30,false
DEV544AE487,C001965,iPhone 11,iOS 17.5,5.15.2,2026-07-08T13:19:46+05:30,2026-09-13T08:34:18+05:30,true
DEV777DE49F,C001966,Galaxy M34,Android 14,5.16.1,2024-01-13T10:11:38+05:30,2026-09-25T15:48:35+05:30,true
DEV7F60B518,C001967,OnePlus Nord CE4,Android 14,5.14.0,2025-02-07T13:07:32+05:30,2026-07-13T20:14:20+05:30,true
DEV8439C7D8,C001968,Redmi Note 13,Android 14,5.15.2,2026-01-26T20:01:56+05:30,2026-08-24T08:09:18+05:30,true
DEV45817AEB,C001969,Galaxy M34,Android 14,5.15.2,2024-10-14T12:09:14+05:30,2026-09-12T10:47:17+05:30,true
DEV61D1DF66,C001970,Galaxy A15,Android 14,5.14.0,2022-10-08T16:01:48+05:30,2026-08-15T07:38:50+05:30,true
DEV2B946DF8,C001971,iQOO Z9,Android 14,5.2.0,2025-12-27T14:56:47+05:30,2026-07-13T11:37:48+05:30,false
DEV582DE06E,C001971,realme 12 Pro,Android 14,5.16.1,2026-07-25T15:11:44+05:30,2026-09-21T22:44:39+05:30,true
DEV64A9FBE5,C001972,Redmi Note 12,Android 13,5.2.0,2024-04-24T15:37:56+05:30,2026-03-25T18:33:59+05:30,false
DEV064F58B2,C001972,POCO X6,Android 14,5.16.1,2023-03-20T12:52:32+05:30,2026-09-20T12:06:02+05:30,true
DEVA599BD00,C001973,Redmi 13C,Android 13,5.16.1,2022-04-23T17:37:35+05:30,2026-09-07T10:31:13+05:30,true
DEVBB94AFA9,C001974,Galaxy M34,Android 14,5.15.2,2023-10-27T10:39:41+05:30,2026-09-06T15:32:25+05:30,true
DEV2698CEEE,C001975,Redmi 13C,Android 13,4.9.8,2025-04-16T17:15:40+05:30,2025-09-18T13:15:33+05:30,false
DEV0EF8DD5F,C001975,Redmi Note 13,Android 14,5.14.0,2026-03-08T19:04:13+05:30,2026-09-20T12:43:39+05:30,true
DEV1C4B2695,C001976,vivo T3,Android 14,5.16.1,2024-01-24T20:33:51+05:30,2026-07-14T18:59:20+05:30,true
DEVEEE8593F,C001977,Redmi 13C,Android 13,5.9.8,2026-03-25T16:10:30+05:30,2026-07-31T07:46:01+05:30,true
DEVD18A192B,C001978,iPhone 15,iOS 18.5,5.2.0,2024-07-02T10:15:57+05:30,2025-04-05T12:49:58+05:30,false
DEV60999C72,C001978,Redmi Note 13,Android 14,5.14.0,2026-05-25T10:52:28+05:30,2026-07-02T22:47:16+05:30,true
DEVB1A2EE7E,C001980,POCO X6,Android 14,5.15.2,2025-08-21T11:09:23+05:30,2026-09-16T14:08:40+05:30,true
DEVD0B5D25A,C001981,Redmi Note 13,Android 14,5.12.3,2024-11-30T09:21:25+05:30,2026-09-17T08:56:53+05:30,true
DEV598734A4,C001982,Redmi Note 13,Android 14,5.9.8,2020-07-10T18:39:10+05:30,2023-05-05T09:45:50+05:30,false
DEV812837DB,C001982,moto g54,Android 14,5.12.3,2021-02-24T09:12:44+05:30,2026-07-27T08:52:24+05:30,true
DEV6443AB94,C001985,realme 12 Pro,Android 14,5.15.2,2024-12-12T20:29:23+05:30,2026-08-30T19:14:15+05:30,true
DEVEB0B729A,C001986,Redmi Note 13,Android 14,5.2.0,2024-02-24T10:55:12+05:30,2024-09-14T09:18:57+05:30,false
DEV2F0C6139,C001986,Galaxy A15,Android 14,5.14.0,2025-06-17T19:34:24+05:30,2026-09-14T10:52:23+05:30,true
DEV72766ACF,C001987,vivo T3,Android 14,5.2.0,2025-12-13T11:55:10+05:30,2026-07-14T17:59:33+05:30,false
DEVDB1AD1E2,C001987,Redmi Note 13,Android 14,5.16.1,2026-08-17T09:02:27+05:30,2026-08-19T15:17:32+05:30,true
DEVB46A0562,C001989,Redmi Note 13,Android 14,5.16.1,2026-03-26T19:25:06+05:30,2026-09-10T13:50:01+05:30,true
DEV0A83B1AB,C001990,moto g84,Android 14,5.15.2,2025-09-25T20:15:47+05:30,2026-09-08T17:33:17+05:30,true
DEVF271BDEF,C001992,Redmi Note 12,Android 13,5.16.1,2023-05-18T15:37:05+05:30,2026-07-15T16:16:37+05:30,true
DEV583F127F,C001994,Galaxy S23,Android 15,5.2.0,2022-10-28T19:30:23+05:30,2024-12-29T11:45:07+05:30,false
DEVFE6E7E30,C001994,Galaxy A54,Android 14,5.16.1,2021-04-04T16:12:02+05:30,2026-09-06T09:11:28+05:30,true
DEV26D4C8DE,C001995,vivo Y28,Android 14,5.14.0,2023-11-23T19:30:00+05:30,2026-07-23T17:02:17+05:30,true
DEV694F2F43,C001996,realme 12 Pro,Android 14,5.16.1,2020-06-15T16:26:32+05:30,2026-07-03T19:51:18+05:30,true
DEVB9049E8B,C001997,moto g54,Android 14,5.15.2,2024-05-17T15:20:08+05:30,2026-09-19T10:28:28+05:30,true
DEVCDF1B7F1,C001998,Redmi Note 13,Android 14,5.15.2,2020-06-20T09:21:54+05:30,2026-09-23T19:02:35+05:30,true
DEVADAB777F,C002000,OPPO A79,Android 14,5.12.3,2023-07-17T15:16:57+05:30,2026-09-13T13:42:58+05:30,true
DEV093A58A4,C000761,Nokia G42,Android 13,5.2.0,2026-09-16T10:45:22+05:30,2026-09-16T11:16:43+05:30,false
DEV48B0E7EE,C001015,Redmi 13C,Android 13,5.2.0,2026-09-16T14:08:29+05:30,2026-09-16T15:01:03+05:30,false
DEVD28ECC67,C000506,Galaxy M14,Android 13,5.9.8,2026-09-14T14:11:43+05:30,2026-09-14T14:53:50+05:30,false
